item_id,item_code,item_class,item_order_frequency,item_initial_quantity_inventory,box_length,box_width,box_height,box_volume,box_weight,number_of_item_in_a_box,item_volume,item_weight,item_unit,item_pod_inventory_level,item_warehouse_inventory_level
0,10002039001,0,1,5,35.0,27.0,32.0,30240.0,17.13,12.0,2520.0,1.428,PCS,0.6,0.5
1,10002911001,0,1,1,40.0,27.0,12.0,12960.0,8.7,24.0,540.0,0.362,PCS,0.6,0.5
2,10010023001,0,1,1,33.0,16.0,10.0,5280.0,4.31,24.0,220.0,0.18,PCS,0.6,0.5
3,10010027001,0,1,174,33.0,16.0,10.0,5280.0,4.34,24.0,220.0,0.181,PCS,0.6,0.5
4,10014043001,0,1,2,36.0,20.0,20.0,14400.0,13.3,12.0,1200.0,1.108,PCS,0.6,0.5
5,10014103001,0,2,1,39.0,17.0,26.0,17238.0,11.312,10.0,1723.8,1.131,PCS,0.6,0.5
6,10014127001,0,1,1,41.0,28.0,18.0,20664.0,12.93,24.0,861.0,0.539,PCS,0.6,0.5
7,10015005001,0,2,4,38.0,26.0,24.0,23712.0,15.79,24.0,988.0,0.658,PCS,0.6,0.5
8,10016018001,0,1,5,41.0,28.0,25.0,28700.0,14.5,24.0,1195.8,0.604,PCS,0.6,0.5
9,10020006001,0,1,1,40.0,27.0,10.0,10800.0,7.06,24.0,450.0,0.294,PCS,0.6,0.5
10,10022918001,0,1,1,32.0,22.0,14.0,9856.0,6.926,24.0,410.7,0.289,PCS,0.6,0.5
11,10023004001,0,1,1,35.0,24.0,17.0,14280.0,7.89,24.0,595.0,0.329,PCS,0.6,0.5
12,10023043001,0,1,0,49.0,37.0,24.0,43512.0,16.5,8.0,5439.0,2.062,PCS,0.6,0.5
13,10023087001,0,1,1,36.0,25.0,17.0,15300.0,9.18,8.0,1912.5,1.148,PCS,0.6,0.5
14,10023100001,0,1,1,47.0,31.0,15.0,21855.0,4.01,6.0,3642.5,0.668,PCS,0.6,0.5
15,10031006001,0,1,5,41.0,27.0,24.0,26568.0,14.0,24.0,1107.0,0.583,PCS,0.6,0.5
16,10031022001,0,5,21,41.0,28.0,24.0,27552.0,14.3,24.0,1148.0,0.596,PCS,0.6,0.5
17,10031909001,0,1,5,38.0,26.0,23.0,22724.0,12.81,24.0,946.8,0.534,PCS,0.6,0.5
18,10035041001,0,2,26,41.0,27.0,10.0,11070.0,7.59,24.0,461.3,0.316,PCS,0.6,0.5
19,10040072001,0,1,5,42.0,28.0,23.0,27048.0,14.07,24.0,1127.0,0.586,PCS,0.6,0.5
20,10040080001,0,1,4,36.0,30.0,21.0,22680.0,11.2,20.0,1134.0,0.56,PCS,0.6,0.5
21,10040089001,0,1,4,35.0,29.0,20.0,20300.0,13.2,20.0,1015.0,0.66,PCS,0.6,0.5
22,10041036001,0,1,5,42.0,28.0,25.0,29400.0,13.3,24.0,1225.0,0.554,PCS,0.6,0.5
23,10041076001,0,1,0,41.0,28.0,13.0,14924.0,9.15,24.0,621.8,0.381,PCS,0.6,0.5
24,10041087001,0,1,5,42.0,28.0,23.0,27048.0,14.0,24.0,1127.0,0.583,PCS,0.6,0.5
25,10052046001,0,1,0,26.0,20.0,26.0,13520.0,9.5,12.0,1126.7,0.792,PCS,0.6,0.5
26,10053903001,0,2,3,42.0,26.0,19.0,20748.0,6.2,36.0,576.3,0.172,PCS,0.6,0.5
27,11010001001,0,2,2,38.0,25.0,29.0,27550.0,14.08,6.0,4591.7,2.347,PCS,0.6,0.5
28,11010005001,0,2,0,36.0,33.0,32.0,38016.0,12.1,6.0,6336.0,2.017,PCS,0.6,0.5
29,11020001001,0,2,1,41.0,21.0,30.0,25830.0,11.6,14.0,1845.0,0.829,PCS,0.6,0.5
30,11021026001,0,7,5,37.0,25.0,33.0,30525.0,16.48,4.0,7631.3,4.12,PCS,0.6,0.5
31,11021051002,0,1,0,26.0,18.0,23.0,10764.0,2.39,6.0,1794.0,0.398,PCS,0.6,0.5
32,11021095001,0,1,0,34.0,23.0,23.0,17986.0,4.47,6.0,2997.7,0.745,PCS,0.6,0.5
33,11030062001,0,3,2,26.0,20.0,9.0,4680.0,2.21,12.0,390.0,0.184,PCS,0.6,0.5
34,11031027001,0,1,0,29.0,29.0,24.0,20184.0,5.32,12.0,1682.0,0.443,PCS,0.6,0.5
35,11032225001,0,1,0,32.0,15.0,13.0,6240.0,1.45,20.0,312.0,0.072,PCS,0.6,0.5
36,11032227001,0,2,0,32.0,15.0,13.0,6240.0,1.525,20.0,312.0,0.076,PCS,0.6,0.5
37,11032229001,0,1,2,44.0,26.0,18.0,20592.0,5.68,12.0,1716.0,0.473,PCS,0.6,0.5
38,11040004001,0,2,2,28.0,25.0,27.0,18900.0,10.21,12.0,1575.0,0.851,PCS,0.6,0.5
39,11041024001,0,6,5,26.0,18.0,21.0,9828.0,2.0,12.0,819.0,0.167,PCS,0.6,0.5
40,11050006001,0,3,8,28.0,27.0,20.0,15120.0,8.15,12.0,1260.0,0.679,PCS,0.6,0.5
41,11050050001,0,1,0,30.0,19.0,20.0,11400.0,6.75,12.0,950.0,0.562,PCS,0.6,0.5
42,11050055001,0,1,0,39.0,29.0,27.0,30537.0,12.8,12.0,2544.8,1.067,PCS,0.6,0.5
43,11050062001,0,2,1,43.0,23.0,26.0,25714.0,13.65,12.0,2142.8,1.138,PCS,0.6,0.5
44,11050065001,0,2,1,35.0,28.0,29.0,28420.0,9.5,12.0,2368.3,0.792,PCS,0.6,0.5
45,11050073001,0,2,1,41.0,24.0,26.0,25584.0,13.081,12.0,2132.0,1.09,PCS,0.6,0.5
46,11050091001,0,1,0,38.0,19.0,28.0,20216.0,10.15,12.0,1684.7,0.846,PCS,0.6,0.5
47,11050097001,0,2,0,40.0,24.0,32.0,30720.0,16.54,4.0,7680.0,4.135,PCS,0.6,0.5
48,11050111001,0,1,1,42.0,23.0,26.0,25116.0,13.34,12.0,2093.0,1.112,PCS,0.6,0.5
49,11050134001,0,1,0,27.0,20.0,31.0,16740.0,8.91,8.0,2092.5,1.114,PCS,0.6,0.5
50,11051016001,0,1,0,43.0,34.0,18.0,26316.0,10.9,12.0,2193.0,0.908,PCS,0.6,0.5
51,11051057001,0,1,0,33.0,25.0,15.0,12375.0,6.64,12.0,1031.3,0.553,PCS,0.6,0.5
52,11051899001,0,1,0,46.0,24.0,19.0,20976.0,8.14,12.0,1748.0,0.678,PCS,0.6,0.5
53,11061024001,0,1,0,41.0,27.0,18.0,19926.0,1.59,30.0,664.2,0.053,PCS,0.6,0.5
54,11061033001,0,1,0,40.0,15.0,12.0,7200.0,1.3,19.0,378.9,0.068,PCS,0.6,0.5
55,11061055001,0,3,1,42.0,38.0,30.0,47880.0,1.67,24.0,1995.0,0.07,PCS,0.6,0.5
56,11062002001,0,1,0,51.0,45.0,21.0,48195.0,3.89,30.0,1606.5,0.13,PCS,0.6,0.5
57,11062017001,0,1,0,37.0,36.0,27.0,35964.0,2.0,36.0,999.0,0.056,PCS,0.6,0.5
58,11070012001,0,3,3,44.0,29.0,28.0,35728.0,14.0,24.0,1488.7,0.583,PCS,0.6,0.5
59,11070040001,0,1,1,43.0,39.0,26.0,43602.0,12.23,24.0,1816.8,0.51,PCS,0.6,0.5
60,11070063001,0,2,1,43.0,28.0,28.0,33712.0,13.126,24.0,1404.7,0.547,PCS,0.6,0.5
61,11071035001,0,5,2,53.0,45.0,21.0,50085.0,8.86,24.0,2086.9,0.369,PCS,0.6,0.5
62,11072004001,0,1,0,32.0,30.0,16.0,15360.0,2.99,12.0,1280.0,0.249,PCS,0.6,0.5
63,11072011001,0,1,3,59.0,44.0,23.0,59708.0,14.9,24.0,2487.8,0.621,PCS,0.6,0.5
64,11072033001,0,1,0,57.0,44.0,18.0,45144.0,14.5,12.0,3762.0,1.208,PCS,0.6,0.5
65,11073032001,0,1,0,41.0,26.0,15.0,15990.0,6.0,24.0,666.3,0.25,PCS,0.6,0.5
66,11074060002,0,1,1,22.0,24.0,11.0,5808.0,0.7,10.0,580.8,0.07,PCS,0.6,0.5
67,11074060005,0,3,2,24.0,22.0,11.0,5808.0,0.63,10.0,580.8,0.063,PCS,0.6,0.5
68,11075006001,0,1,0,48.0,23.0,19.0,20976.0,5.93,24.0,874.0,0.247,PCS,0.6,0.5
69,11075012001,0,1,0,32.0,27.0,14.0,12096.0,4.2,12.0,1008.0,0.35,PCS,0.6,0.5
70,11100107001,0,4,2,39.0,31.0,27.0,32643.0,19.136,4.0,8160.8,4.784,PCS,0.6,0.5
71,11101009001,0,1,1,52.0,41.0,22.0,46904.0,20.1,12.0,3908.7,1.675,PCS,0.6,0.5
72,11103011003,0,1,0,53.0,32.0,15.0,25440.0,11.68,6.0,4240.0,1.947,PCS,0.6,0.5
73,11103092001,0,2,1,38.0,30.0,30.0,34200.0,10.4,6.0,5700.0,1.733,PCS,0.6,0.5
74,11103110001,0,1,0,39.0,25.0,30.0,29250.0,10.56,6.0,4875.0,1.76,PCS,0.6,0.5
75,11103112001,0,5,3,46.0,22.0,33.0,33396.0,12.15,4.0,8349.0,3.038,PCS,0.6,0.5
76,11103115001,0,5,2,46.0,22.0,33.0,33396.0,12.17,4.0,8349.0,3.042,PCS,0.6,0.5
77,11103130001,0,2,1,40.0,29.0,32.0,37120.0,17.1,8.0,4640.0,2.138,PCS,0.6,0.5
78,11103187001,0,1,1,31.0,30.0,28.0,26040.0,10.61,6.0,4340.0,1.768,PCS,0.6,0.5
79,11103196001,0,4,2,38.0,31.0,32.0,37696.0,16.21,6.0,6282.7,2.702,PCS,0.6,0.5
80,11103203001,0,2,1,35.0,26.0,31.0,28210.0,7.01,8.0,3526.3,0.876,PCS,0.6,0.5
81,11103388001,0,1,0,39.0,30.0,14.0,16380.0,2.646,6.0,2730.0,0.441,PCS,0.6,0.5
82,11110026001,0,2,1,41.0,27.0,31.0,34317.0,14.19,4.0,8579.3,3.548,PCS,0.6,0.5
83,11110031002,0,1,1,35.0,26.0,28.0,25480.0,10.58,16.0,1592.5,0.661,PCS,0.6,0.5
84,11110032001,0,1,1,36.0,34.0,33.0,40392.0,12.4,6.0,6732.0,2.067,PCS,0.6,0.5
85,11110045001,0,3,1,33.0,24.0,26.0,20592.0,12.91,8.0,2574.0,1.614,PCS,0.6,0.5
86,11110056001,0,5,1,36.0,26.0,25.0,23400.0,4.59,6.0,3900.0,0.765,PCS,0.6,0.5
87,11110092001,0,7,2,39.0,26.0,32.0,32448.0,14.13,4.0,8112.0,3.532,PCS,0.6,0.5
88,11110100001,0,1,0,29.0,22.0,30.0,19140.0,10.05,8.0,2392.5,1.256,PCS,0.6,0.5
89,11110101001,0,1,0,29.0,22.0,30.0,19140.0,10.05,8.0,2392.5,1.256,PCS,0.6,0.5
90,11111023001,0,1,1,26.0,18.0,26.0,12168.0,6.7,6.0,2028.0,1.117,PCS,0.6,0.5
91,11112015001,0,1,0,34.0,28.0,26.0,24752.0,6.67,12.0,2062.7,0.556,PCS,0.6,0.5
92,12000036001,0,1,1,26.0,22.0,23.0,13156.0,7.003,6.0,2192.7,1.167,PCS,0.6,0.5
93,12000064001,0,1,0,33.0,26.0,22.0,18876.0,7.526,12.0,1573.0,0.627,PCS,0.6,0.5
94,12000090001,0,1,0,28.0,22.0,25.0,15400.0,7.5,12.0,1283.3,0.625,PCS,0.6,0.5
95,12000092001,0,1,0,28.0,19.0,23.0,12236.0,6.6,12.0,1019.7,0.55,PCS,0.6,0.5
96,12000100001,0,4,2,39.0,21.0,24.0,19656.0,8.14,12.0,1638.0,0.678,PCS,0.6,0.5
97,12000146001,0,2,0,26.0,22.0,23.0,13156.0,6.98,6.0,2192.7,1.163,PCS,0.6,0.5
98,12000159001,0,1,0,23.0,16.0,20.0,7360.0,3.4,6.0,1226.7,0.567,PCS,0.6,0.5
99,12000166001,0,1,0,23.0,16.0,23.0,8464.0,3.45,6.0,1410.7,0.575,PCS,0.6,0.5
100,12000191001,0,5,2,29.0,22.0,28.0,17864.0,8.39,12.0,1488.7,0.699,PCS,0.6,0.5
101,12000205001,0,6,2,29.0,17.0,25.0,12325.0,4.89,6.0,2054.2,0.815,PCS,0.6,0.5
102,12000233001,0,1,0,22.0,16.0,22.0,7744.0,3.48,6.0,1290.7,0.58,PCS,0.6,0.5
103,12000260001,0,5,1,23.0,16.0,23.0,8464.0,3.45,6.0,1410.7,0.575,PCS,0.6,0.5
104,12000262001,0,2,1,39.0,22.0,25.0,21450.0,11.12,12.0,1787.5,0.927,PCS,0.6,0.5
105,12000480001,0,4,1,29.0,17.0,25.0,12325.0,4.93,6.0,2054.2,0.822,PCS,0.6,0.5
106,12001010001,0,1,1,23.0,9.0,23.0,4761.0,2.74,6.0,793.5,0.457,PCS,0.6,0.5
107,12001015001,0,1,0,31.0,22.0,26.0,17732.0,8.074,9.0,1970.2,0.897,PCS,0.6,0.5
108,12001067001,0,2,1,29.0,7.0,16.0,3248.0,1.56,6.0,541.3,0.26,PCS,0.6,0.5
109,12001076001,0,1,0,29.0,17.0,25.0,12325.0,5.18,6.0,2054.2,0.863,PCS,0.6,0.5
110,12001114001,0,1,1,26.0,25.0,23.0,14950.0,6.82,12.0,1245.8,0.568,PCS,0.6,0.5
111,12002002001,0,1,0,31.0,23.0,28.0,19964.0,8.24,9.0,2218.2,0.916,PCS,0.6,0.5
112,12002090001,0,1,0,23.0,16.0,20.0,7360.0,3.4,6.0,1226.7,0.567,PCS,0.6,0.5
113,12002127001,0,1,0,27.0,16.0,17.0,7344.0,1.88,12.0,612.0,0.157,PCS,0.6,0.5
114,12002948001,0,3,2,27.0,20.0,22.0,11880.0,5.0,9.0,1320.0,0.556,PCS,0.6,0.5
115,12003003001,0,1,1,40.0,26.0,20.0,20800.0,6.12,36.0,577.8,0.17,PCS,0.6,0.5
116,12003063001,0,1,0,39.0,22.0,23.0,19734.0,7.2,12.0,1644.5,0.6,PCS,0.6,0.5
117,12003064001,0,1,0,23.0,17.0,23.0,8993.0,2.65,12.0,749.4,0.221,PCS,0.6,0.5
118,12003086001,0,1,2,17.0,6.0,14.0,1428.0,0.54,3.0,476.0,0.18,PCS,0.6,0.5
119,12003104001,0,2,0,34.0,21.0,23.0,16422.0,6.7,12.0,1368.5,0.558,PCS,0.6,0.5
120,12003120001,0,2,0,21.0,18.0,10.0,3780.0,1.076,6.0,630.0,0.179,PCS,0.6,0.5
121,12004046001,0,1,0,19.0,14.0,20.0,5320.0,2.48,12.0,443.3,0.207,PCS,0.6,0.5
122,12004053001,0,1,0,20.0,18.0,6.0,2160.0,1.2,3.0,720.0,0.4,PCS,0.6,0.5
123,12004218001,0,1,0,23.0,18.0,28.0,11592.0,3.87,12.0,966.0,0.322,PCS,0.6,0.5
124,12005015006,0,1,0,30.0,23.0,18.0,12420.0,3.0,12.0,1035.0,0.25,PCS,0.6,0.5
125,12005072003,0,1,0,32.0,20.0,20.0,12800.0,2.8,12.0,1066.7,0.233,PCS,0.6,0.5
126,12005082003,0,3,1,20.0,8.0,19.0,3040.0,0.6,3.0,1013.3,0.2,PCS,0.6,0.5
127,12005084001,0,1,0,15.0,9.0,16.0,2160.0,0.3,3.0,720.0,0.1,PCS,0.6,0.5
128,12005084002,0,1,0,15.0,9.0,16.0,2160.0,0.3,3.0,720.0,0.1,PCS,0.6,0.5
129,12005089004,0,1,0,42.0,34.0,20.0,28560.0,5.59,12.0,2380.0,0.466,PCS,0.6,0.5
130,12005092002,0,1,0,34.0,21.0,26.0,18564.0,2.66,8.0,2320.5,0.332,PCS,0.6,0.5
131,12005108003,0,2,2,31.0,27.0,18.0,15066.0,3.3,12.0,1255.5,0.275,PCS,0.6,0.5
132,12005108006,0,1,0,31.0,27.0,18.0,15066.0,3.3,12.0,1255.5,0.275,PCS,0.6,0.5
133,12006020001,0,1,1,26.0,24.0,2.0,1248.0,0.39,12.0,104.0,0.032,PCS,0.6,0.5
134,12006067001,0,1,0,38.0,25.0,6.0,5700.0,0.712,6.0,950.0,0.119,PCS,0.6,0.5
135,12006135001,0,1,0,38.0,24.0,5.0,4560.0,0.6,6.0,760.0,0.1,PCS,0.6,0.5
136,12010058001,0,1,2,39.0,34.0,13.0,17238.0,8.52,72.0,239.4,0.118,PCS,0.6,0.5
137,12010097001,0,1,1,19.0,18.0,11.0,3762.0,2.0,12.0,313.5,0.167,PCS,0.6,0.5
138,12010122001,0,1,0,36.0,26.0,22.0,20592.0,7.5,12.0,1716.0,0.625,PCS,0.6,0.5
139,12010147001,0,1,0,35.0,23.0,12.0,9660.0,4.64,12.0,805.0,0.387,PCS,0.6,0.5
140,12010149001,0,2,1,35.0,23.0,12.0,9660.0,4.64,12.0,805.0,0.387,PCS,0.6,0.5
141,12010180001,0,1,0,23.0,16.0,21.0,7728.0,3.85,12.0,644.0,0.321,PCS,0.6,0.5
142,12010214001,0,1,0,46.0,34.0,25.0,39100.0,37.25,24.0,1629.2,1.552,PCS,0.6,0.5
143,12010254001,0,4,7,41.0,26.0,32.0,34112.0,14.56,144.0,236.9,0.101,PCS,0.6,0.5
144,12011006001,0,1,0,25.0,18.0,23.0,10350.0,4.36,6.0,1725.0,0.727,PCS,0.6,0.5
145,12011011001,0,3,2,37.0,21.0,25.0,19425.0,9.17,12.0,1618.8,0.764,PCS,0.6,0.5
146,12011032001,0,4,1,40.0,19.0,24.0,18240.0,7.084,16.0,1140.0,0.443,PCS,0.6,0.5
147,12011093001,0,1,0,35.0,33.0,27.0,31185.0,13.6,6.0,5197.5,2.267,PCS,0.6,0.5
148,12011098001,0,1,0,40.0,31.0,26.0,32240.0,14.1,12.0,2686.7,1.175,PCS,0.6,0.5
149,12011115001,0,6,4,39.0,26.0,26.0,26364.0,9.2,12.0,2197.0,0.767,PCS,0.6,0.5
150,12011173001,0,1,0,39.0,29.0,28.0,31668.0,14.206,12.0,2639.0,1.184,PCS,0.6,0.5
151,12011198001,0,4,2,31.0,23.0,22.0,15686.0,7.66,12.0,1307.2,0.638,PCS,0.6,0.5
152,12011220001,0,2,1,49.0,29.0,28.0,39788.0,8.6,12.0,3315.7,0.717,PCS,0.6,0.5
153,12011257001,0,5,4,39.0,26.0,28.0,28392.0,10.8,12.0,2366.0,0.9,PCS,0.6,0.5
154,12011292001,0,1,0,42.0,23.0,25.0,24150.0,12.1,12.0,2012.5,1.008,PCS,0.6,0.5
155,12011322001,0,1,0,39.0,26.0,27.0,27378.0,10.446,12.0,2281.5,0.87,PCS,0.6,0.5
156,12011482001,0,2,0,39.0,21.0,27.0,22113.0,10.68,12.0,1842.8,0.89,PCS,0.6,0.5
157,12012045001,0,2,1,27.0,20.0,8.0,4320.0,1.53,6.0,720.0,0.255,PCS,0.6,0.5
158,12012086001,0,1,0,34.0,24.0,25.0,20400.0,4.7,12.0,1700.0,0.392,PCS,0.6,0.5
159,12013050001,0,1,0,26.0,20.0,22.0,11440.0,6.83,12.0,953.3,0.569,PCS,0.6,0.5
160,12013052001,0,1,0,26.0,20.0,22.0,11440.0,6.83,12.0,953.3,0.569,PCS,0.6,0.5
161,12014022001,0,1,0,28.0,25.0,14.0,9800.0,1.46,20.0,490.0,0.073,PCS,0.6,0.5
162,12016026001,0,4,2,23.0,18.0,12.0,4968.0,1.54,18.0,276.0,0.086,PCS,0.6,0.5
163,12016035001,0,1,1,28.0,19.0,18.0,9576.0,3.35,24.0,399.0,0.14,PCS,0.6,0.5
164,12016130001,0,1,1,19.0,14.0,8.0,2128.0,0.9,6.0,354.7,0.15,PCS,0.6,0.5
165,12016999001,0,1,0,31.0,21.0,17.0,11067.0,3.8,24.0,461.1,0.158,PCS,0.6,0.5
166,12017017001,0,2,1,24.0,16.0,22.0,8448.0,1.6,8.0,1056.0,0.2,PCS,0.6,0.5
167,12020018001,0,1,0,26.0,10.0,16.0,4160.0,1.5,6.0,693.3,0.25,PCS,0.6,0.5
168,12020021001,0,1,2,21.0,16.0,19.0,6384.0,1.67,12.0,532.0,0.139,PCS,0.6,0.5
169,12020070001,0,1,1,19.0,16.0,17.0,5168.0,2.448,12.0,430.7,0.204,PCS,0.6,0.5
170,12020101001,0,1,0,26.0,24.0,19.0,11856.0,5.47,24.0,494.0,0.228,PCS,0.6,0.5
171,12020138001,0,1,0,23.0,13.0,20.0,5980.0,2.59,12.0,498.3,0.216,PCS,0.6,0.5
172,12020147001,0,1,2,27.0,16.0,19.0,8208.0,3.12,12.0,684.0,0.26,PCS,0.6,0.5
173,12020184001,0,1,0,25.0,20.0,20.0,10000.0,1.68,12.0,833.3,0.14,PCS,0.6,0.5
174,12020210001,0,1,0,29.0,23.0,19.0,12673.0,2.39,12.0,1056.1,0.199,PCS,0.6,0.5
175,12020212001,0,1,0,20.0,16.0,21.0,6720.0,1.4,6.0,1120.0,0.233,PCS,0.6,0.5
176,12020224001,0,1,0,26.0,17.0,18.0,7956.0,2.3,12.0,663.0,0.192,PCS,0.6,0.5
177,12020266001,0,2,1,20.0,13.0,19.0,4940.0,0.8,6.0,823.3,0.133,PCS,0.6,0.5
178,12020282001,0,2,0,28.0,19.0,24.0,12768.0,1.6,6.0,2128.0,0.267,PCS,0.6,0.5
179,12020328001,0,1,0,15.0,10.0,20.0,3000.0,1.1,6.0,500.0,0.183,PCS,0.6,0.5
180,12020404001,0,1,0,20.0,13.0,20.0,5200.0,1.036,6.0,866.7,0.173,PCS,0.6,0.5
181,12020418001,0,1,0,15.0,10.0,23.0,3450.0,1.164,6.0,575.0,0.194,PCS,0.6,0.5
182,12021069001,0,1,0,14.0,5.0,16.0,1120.0,0.5,3.0,373.3,0.167,PCS,0.6,0.5
183,12021993001,0,1,1,18.0,14.0,18.0,4536.0,1.9,12.0,378.0,0.158,PCS,0.6,0.5
184,12022047001,0,1,0,13.0,6.0,16.0,1248.0,0.58,3.0,416.0,0.193,PCS,0.6,0.5
185,12022070001,0,1,1,26.0,20.0,29.0,15080.0,3.26,16.0,942.5,0.204,PCS,0.6,0.5
186,12022114001,0,1,0,37.0,22.0,20.0,16280.0,3.97,48.0,339.2,0.083,PCS,0.6,0.5
187,12022162001,0,1,1,17.0,12.0,21.0,4284.0,1.3,12.0,357.0,0.108,PCS,0.6,0.5
188,12023094001,0,1,0,34.0,24.0,18.0,14688.0,4.07,12.0,1224.0,0.339,PCS,0.6,0.5
189,12023103001,0,1,0,13.0,7.0,16.0,1456.0,0.73,3.0,485.3,0.243,PCS,0.6,0.5
190,12023273001,0,1,1,15.0,9.0,15.0,2025.0,0.39,10.0,202.5,0.039,PCS,0.6,0.5
191,12023278001,0,1,0,23.0,17.0,20.0,7820.0,2.19,12.0,651.7,0.182,PCS,0.6,0.5
192,12030741001,0,2,0,15.0,2.0,2.0,60.0,0.1,1.0,60.0,0.1,PCS,0.6,0.5
193,12031127001,0,1,0,8.0,6.0,11.0,528.0,0.25,3.0,176.0,0.083,PCS,0.6,0.5
194,12034063001,0,1,0,31.0,14.0,19.0,8246.0,2.45,12.0,687.2,0.204,PCS,0.6,0.5
195,12034088001,0,3,2,13.0,11.0,18.0,2574.0,0.57,6.0,429.0,0.095,PCS,0.6,0.5
196,12100017001,0,1,0,43.0,27.0,26.0,30186.0,10.7,48.0,628.9,0.223,PCS,0.6,0.5
197,12100019001,0,1,0,59.0,25.0,23.0,33925.0,17.276,72.0,471.2,0.24,PCS,0.6,0.5
198,12100054001,0,4,1,27.0,22.0,11.0,6534.0,2.19,12.0,544.5,0.182,PCS,0.6,0.5
199,12101001002,0,1,1,32.0,18.0,18.0,10368.0,2.12,36.0,288.0,0.059,PCS,0.6,0.5
200,12101032001,0,1,0,52.0,37.0,15.0,28860.0,7.2,120.0,240.5,0.06,PCS,0.6,0.5
201,12102021001,0,1,1,38.0,22.0,23.0,19228.0,7.89,48.0,400.6,0.164,PCS,0.6,0.5
202,12102108001,0,1,1,21.0,20.0,13.0,5460.0,1.548,12.0,455.0,0.129,PCS,0.6,0.5
203,12102122001,0,2,1,17.0,17.0,20.0,5780.0,1.6,12.0,481.7,0.133,PCS,0.6,0.5
204,12102999001,0,1,0,23.0,8.0,16.0,2944.0,1.21,10.0,294.4,0.121,PCS,0.6,0.5
205,12103013001,0,1,0,29.0,27.0,11.0,8613.0,1.26,24.0,358.9,0.052,PCS,0.6,0.5
206,12103019001,0,1,0,13.0,8.0,24.0,2496.0,0.356,1.0,2496.0,0.356,PCS,0.6,0.5
207,12103021001,0,1,1,24.0,18.0,23.0,9936.0,1.23,18.0,552.0,0.068,PCS,0.6,0.5
208,12103049001,0,1,1,22.0,5.0,3.0,330.0,0.03,1.0,330.0,0.03,PCS,0.6,0.5
209,12103070001,0,2,1,24.0,13.0,24.0,7488.0,0.85,20.0,374.4,0.042,PCS,0.6,0.5
210,12103126001,0,1,0,32.0,22.0,26.0,18304.0,1.56,48.0,381.3,0.032,PCS,0.6,0.5
211,12103127001,0,1,0,39.0,25.0,31.0,30225.0,1.81,48.0,629.7,0.038,PCS,0.6,0.5
212,12103135001,0,1,0,13.0,7.0,24.0,2184.0,0.5,12.0,182.0,0.042,PCS,0.6,0.5
213,12103139001,0,1,0,39.0,25.0,31.0,30225.0,1.81,48.0,629.7,0.038,PCS,0.6,0.5
214,12103154001,0,1,2,26.0,19.0,26.0,12844.0,1.09,48.0,267.6,0.023,PCS,0.6,0.5
215,12103156001,0,1,0,34.0,22.0,24.0,17952.0,1.21,48.0,374.0,0.025,PCS,0.6,0.5
216,12103179001,0,1,0,23.0,8.0,5.0,920.0,0.11,6.0,153.3,0.018,PCS,0.6,0.5
217,12104047001,0,1,0,12.0,9.0,22.0,2376.0,0.35,1.0,2376.0,0.35,PCS,0.6,0.5
218,12105018001,0,1,0,26.0,24.0,21.0,13104.0,6.374,12.0,1092.0,0.531,PCS,0.6,0.5
219,12105036001,0,1,0,36.0,18.0,20.0,12960.0,6.71,12.0,1080.0,0.559,PCS,0.6,0.5
220,12106109002,0,1,0,25.0,20.0,16.0,8000.0,2.1,12.0,666.7,0.175,PCS,0.6,0.5
221,12110058001,0,2,0,21.0,9.0,21.0,3969.0,0.8,6.0,661.5,0.133,PCS,0.6,0.5
222,12111034001,0,1,1,15.0,9.0,16.0,2160.0,0.8,10.0,216.0,0.08,PCS,0.6,0.5
223,12120005001,0,1,1,39.0,33.0,25.0,32175.0,3.5,24.0,1340.6,0.146,PCS,0.6,0.5
224,12120027001,0,2,6,14.0,8.0,14.0,1566.0,0.2,1.0,1566.0,0.2,PCS,0.6,0.5
225,12120040001,0,1,0,36.0,33.0,39.0,46332.0,4.37,18.0,2574.0,0.243,PCS,0.6,0.5
226,12120043001,0,1,1,8.0,14.0,14.0,1458.0,0.11,1.0,1458.0,0.11,PCS,0.6,0.5
227,12120065001,0,1,1,39.0,29.0,16.0,18096.0,2.3,36.0,502.7,0.064,PCS,0.6,0.5
228,12120078001,0,4,2,27.0,38.0,14.0,14364.0,1.61,24.0,598.5,0.067,PCS,0.6,0.5
229,12120080001,0,1,0,36.0,20.0,20.0,14400.0,1.35,8.0,1800.0,0.169,PCS,0.6,0.5
230,12120087001,0,1,1,40.0,24.0,16.0,15360.0,1.7,24.0,640.0,0.071,PCS,0.6,0.5
231,12120090001,0,1,0,41.0,23.0,24.0,22632.0,2.42,36.0,628.7,0.067,PCS,0.6,0.5
232,12122012001,0,5,11,43.0,37.0,28.0,44548.0,4.02,24.0,1856.2,0.167,PCS,0.6,0.5
233,12122017001,0,1,1,35.0,30.0,25.0,26250.0,1.716,18.0,1458.3,0.095,PCS,0.6,0.5
234,12122037001,0,1,0,42.0,26.0,21.0,22932.0,3.0,24.0,955.5,0.125,PCS,0.6,0.5
235,12123021001,0,1,2,5.0,20.0,21.0,2100.0,0.072,1.0,2100.0,0.072,PCS,0.6,0.5
236,12123044001,0,1,0,13.0,10.0,16.0,2170.0,0.2,1.0,2169.86,0.2,PCS,0.6,0.5
237,12123070001,0,2,2,8.0,12.0,11.0,1102.0,0.13,1.0,1102.08,0.13,PCS,0.6,0.5
238,12123106001,0,1,2,42.0,33.0,27.0,37422.0,2.89,12.0,3118.5,0.241,PCS,0.6,0.5
239,12123151001,0,1,0,43.0,36.0,26.0,40248.0,2.56,24.0,1677.0,0.107,PCS,0.6,0.5
240,12125005001,0,1,0,42.0,31.0,17.0,22134.0,2.4,24.0,922.3,0.1,PCS,0.6,0.5
241,12151073001,0,3,1,34.0,22.0,24.0,17952.0,7.51,12.0,1496.0,0.626,PCS,0.6,0.5
242,12201006001,0,1,9,20.0,10.0,8.0,1785.0,0.2,1.0,1785.0,0.2,PCS,0.6,0.5
243,12201099001,0,1,4,48.0,36.0,36.0,62208.0,10.636,60.0,1036.8,0.177,PCS,0.6,0.5
244,12202006001,0,1,3,31.0,21.0,22.0,14322.0,1.0,1.0,14322.0,1.0,PCS,0.6,0.5
245,12212003001,0,3,3,36.0,24.0,25.0,21600.0,10.6,16.0,1350.0,0.662,PCS,0.6,0.5
246,12233028001,0,1,0,60.0,26.0,43.0,67080.0,8.34,5.0,13416.0,1.668,PCS,0.6,0.5
247,12234916001,0,1,0,44.0,40.0,27.0,47520.0,5.25,6.0,7920.0,0.875,PCS,0.6,0.5
248,12320018001,0,1,3,23.0,15.0,9.0,3105.0,1.088,12.0,258.8,0.091,PCS,0.6,0.5
249,12323010001,0,2,0,23.0,16.0,17.0,6256.0,0.66,6.0,1042.7,0.11,PCS,0.6,0.5
250,12323109001,0,2,0,40.0,28.0,13.0,14560.0,1.95,6.0,2426.7,0.325,PCS,0.6,0.5
251,12326002001,0,1,0,38.0,29.0,24.0,26448.0,0.74,6.0,4408.0,0.123,PCS,0.6,0.5
252,12326121001,0,1,1,26.0,18.0,17.0,7956.0,0.63,3.0,2652.0,0.21,PCS,0.6,0.5
253,12327007001,0,3,2,54.0,40.0,30.0,64800.0,15.2,12.0,5400.0,1.267,PCS,0.6,0.5
254,12327018001,0,1,5,35.0,24.0,16.0,13440.0,7.264,24.0,560.0,0.303,PCS,0.6,0.5
255,12327046001,0,1,0,54.0,30.0,21.0,34020.0,9.3,4.0,8505.0,2.325,PCS,0.6,0.5
256,12327056001,0,3,14,41.0,28.0,10.0,11480.0,7.7,24.0,478.3,0.321,PCS,0.6,0.5
257,12327063001,0,1,0,41.0,27.0,10.0,11070.0,7.7,1.0,11070.0,7.7,PCS,0.6,0.5
258,12344036001,0,1,0,25.0,17.0,6.0,2550.0,0.632,10.0,255.0,0.063,PCS,0.6,0.5
259,14002006001,0,1,2,46.0,35.0,30.0,48300.0,6.29,12.0,4025.0,0.524,PCS,0.6,0.5
260,14002022001,0,7,7,34.0,27.0,18.0,16524.0,2.13,12.0,1377.0,0.178,PCS,0.6,0.5
261,14010039001,0,1,3,39.0,26.0,18.0,18252.0,1.55,15.0,1216.8,0.103,PCS,0.6,0.5
262,14111053001,0,1,5,47.0,20.0,25.0,23500.0,2.91,12.0,1958.3,0.243,PCS,0.6,0.5
263,14130044001,0,5,2,51.0,33.0,21.0,35343.0,4.792,12.0,2945.3,0.399,PCS,0.6,0.5
264,14133930001,0,4,1,47.0,44.0,26.0,53768.0,6.1,18.0,2987.1,0.339,PCS,0.6,0.5
265,14203005001,0,6,2,50.0,33.0,21.0,34650.0,3.3,20.0,1732.5,0.165,PCS,0.6,0.5
266,14204022001,0,1,0,52.0,40.0,40.0,83200.0,5.5,20.0,4160.0,0.275,PCS,0.6,0.5
267,14204899001,0,8,6,39.0,29.0,27.0,30537.0,2.27,20.0,1526.9,0.114,PCS,0.6,0.5
268,14210058001,0,7,3,36.0,21.0,19.0,14364.0,1.17,20.0,718.2,0.058,PCS,0.6,0.5
269,14210127001,0,4,2,49.0,28.0,19.0,26068.0,8.52,12.0,2172.3,0.71,PCS,0.6,0.5
270,14210216001,0,1,0,30.0,21.0,23.0,14490.0,1.65,12.0,1207.5,0.137,PCS,0.6,0.5
271,14211052001,0,7,3,36.0,22.0,19.0,15048.0,1.66,20.0,752.4,0.083,PCS,0.6,0.5
272,14213008001,0,5,1,34.0,27.0,18.0,16524.0,0.93,12.0,1377.0,0.078,PCS,0.6,0.5
273,14222009001,0,1,2,39.0,21.0,26.0,21294.0,10.25,40.0,532.4,0.256,PCS,0.6,0.5
274,14222036001,0,1,1,45.0,26.0,16.0,18720.0,5.67,30.0,624.0,0.189,PCS,0.6,0.5
275,14225008001,0,1,0,32.0,24.0,10.0,7680.0,3.39,24.0,320.0,0.141,PCS,0.6,0.5
276,14225933001,0,6,2,24.0,15.0,17.0,6120.0,2.0,36.0,170.0,0.056,PCS,0.6,0.5
277,14226002001,0,6,6,34.0,24.0,33.0,26928.0,19.63,36.0,748.0,0.545,PCS,0.6,0.5
278,14226035001,0,4,6,42.0,19.0,17.0,13566.0,2.78,60.0,226.1,0.046,PCS,0.6,0.5
279,14241025001,0,1,1,40.0,25.0,19.0,19000.0,3.38,20.0,950.0,0.169,PCS,0.6,0.5
280,14242128001,0,1,0,47.0,36.5,25.0,42887.5,6.7,20.0,2144.4,0.335,PCS,0.6,0.5
281,14242210001,0,1,1,31.0,19.0,12.0,7068.0,1.68,10.0,706.8,0.168,PCS,0.6,0.5
282,14243021001,0,1,1,32.0,24.0,13.0,9984.0,2.55,12.0,832.0,0.212,PCS,0.6,0.5
283,14243069001,0,2,7,49.0,33.0,18.0,29106.0,5.5,30.0,970.2,0.183,PCS,0.6,0.5
284,14243106001,0,4,1,30.0,23.0,10.0,6900.0,1.8,10.0,690.0,0.18,PCS,0.6,0.5
285,14243110001,0,3,1,39.0,30.0,17.0,19890.0,4.4,12.0,1657.5,0.367,PCS,0.6,0.5
286,14243111001,0,2,1,39.0,30.0,17.0,19890.0,4.4,12.0,1657.5,0.367,PCS,0.6,0.5
287,14243131001,0,1,0,54.0,24.0,17.0,22032.0,7.69,10.0,2203.2,0.769,PCS,0.6,0.5
288,14243152001,0,1,0,37.0,30.0,15.0,16650.0,3.6,12.0,1387.5,0.3,PCS,0.6,0.5
289,14244077001,0,1,1,45.0,28.0,33.0,41580.0,3.9,8.0,5197.5,0.488,PCS,0.6,0.5
290,14244087001,0,1,0,31.0,25.0,14.0,10850.0,2.24,12.0,904.2,0.187,PCS,0.6,0.5
291,14303897001,0,7,3,49.0,34.0,15.0,24990.0,3.24,12.0,2082.5,0.27,PCS,0.6,0.5
292,14304001001,0,7,3,44.0,32.0,33.0,46464.0,7.81,24.0,1936.0,0.325,PCS,0.6,0.5
293,14304084001,0,1,0,34.0,29.0,18.0,17748.0,4.12,12.0,1479.0,0.343,PCS,0.6,0.5
294,14310053001,0,1,0,52.0,22.0,20.0,22880.0,6.0,6.0,3813.3,1.0,PCS,0.6,0.5
295,14311015001,0,1,1,46.0,40.0,23.0,42320.0,8.96,20.0,2116.0,0.448,PCS,0.6,0.5
296,14311066001,0,3,1,51.0,24.0,22.0,26928.0,1.9,12.0,2244.0,0.158,PCS,0.6,0.5
297,14311093001,0,5,2,33.0,25.0,23.0,18975.0,3.51,6.0,3162.5,0.585,PCS,0.6,0.5
298,14311189001,0,1,1,50.0,28.0,18.0,25200.0,4.45,12.0,2100.0,0.371,PCS,0.6,0.5
299,14313004001,0,4,1,18.0,12.0,8.0,1966.0,0.1,1.0,1965.63,0.1,PCS,0.6,0.5
300,14313008001,0,3,1,18.0,12.0,8.0,1966.0,0.1,1.0,1965.63,0.1,PCS,0.6,0.5
301,14340002001,0,5,1,27.0,20.0,13.0,7020.0,6.34,12.0,585.0,0.528,PCS,0.6,0.5
302,14350001001,0,9,6,36.0,30.0,26.0,28080.0,2.72,10.0,2808.0,0.272,PCS,0.6,0.5
303,14352093001,0,6,2,51.0,24.0,24.0,29376.0,4.6,12.0,2448.0,0.383,PCS,0.6,0.5
304,14352098001,0,6,2,40.0,20.0,26.0,20800.0,3.97,7.0,2971.4,0.567,PCS,0.6,0.5
305,14353002001,0,2,2,39.0,31.0,23.0,27807.0,6.91,12.0,2317.3,0.576,PCS,0.6,0.5
306,14353073001,0,6,6,48.0,37.0,23.0,40848.0,12.0,6.0,6808.0,2.0,PCS,0.6,0.5
307,14362019001,0,6,7,48.0,33.0,26.0,41184.0,7.84,15.0,2745.6,0.523,PCS,0.6,0.5
308,14362033001,0,1,2,32.0,29.0,32.0,29696.0,4.986,12.0,2474.7,0.416,PCS,0.6,0.5
309,14501940001,0,1,0,44.0,29.0,8.0,10208.0,0.8,1.0,10208.0,0.8,PCS,0.6,0.5
310,14505102001,0,1,2,41.0,33.0,14.0,18942.0,2.98,20.0,947.1,0.149,PCS,0.6,0.5
311,14505973001,0,2,2,37.0,32.0,14.0,16576.0,3.49,24.0,690.7,0.145,PCS,0.6,0.5
312,14506006001,0,1,0,46.0,26.0,23.0,27508.0,4.72,12.0,2292.3,0.393,PCS,0.6,0.5
313,14506012001,0,1,0,37.0,24.0,11.0,9768.0,7.85,20.0,488.4,0.392,PCS,0.6,0.5
314,14506131001,0,6,2,54.0,36.0,29.0,56376.0,15.98,12.0,4698.0,1.332,PCS,0.6,0.5
315,14506254001,0,3,1,40.0,41.0,29.0,47560.0,9.2,12.0,3963.3,0.767,PCS,0.6,0.5
316,14509021001,0,1,3,33.0,26.0,13.0,11154.0,0.98,12.0,929.5,0.082,PCS,0.6,0.5
317,14510031001,0,1,1,35.0,24.0,5.0,4288.0,2.4,1.0,4287.5,2.4,PCS,0.6,0.5
318,14510225001,0,2,2,35.0,24.0,5.0,4288.0,2.5,1.0,4287.5,2.5,PCS,0.6,0.5
319,14602013001,0,1,3,39.0,13.0,18.0,9126.0,6.0,36.0,253.5,0.167,PCS,0.6,0.5
320,14602086001,0,1,0,22.0,15.0,17.0,5610.0,1.7,6.0,935.0,0.283,PCS,0.6,0.5
321,14602101001,0,1,0,13.0,12.0,9.0,1404.0,0.97,6.0,234.0,0.162,PCS,0.6,0.5
322,14603001001,0,1,0,18.0,18.0,15.0,4860.0,1.17,10.0,486.0,0.117,PCS,0.6,0.5
323,14603013001,0,1,0,18.0,18.0,15.0,4860.0,1.64,10.0,486.0,0.164,PCS,0.6,0.5
324,14611009001,0,5,1,35.0,25.0,29.0,25375.0,12.03,6.0,4229.2,2.005,PCS,0.6,0.5
325,14611025001,0,7,4,35.0,26.0,29.0,26390.0,12.3,12.0,2199.2,1.025,PCS,0.6,0.5
326,14612916001,0,2,2,34.0,27.0,27.0,24786.0,16.35,12.0,2065.5,1.362,PCS,0.6,0.5
327,14613939001,0,5,14,33.0,26.0,29.0,24882.0,12.17,12.0,2073.5,1.014,PCS,0.6,0.5
328,14616053001,0,1,1,32.0,25.0,26.0,20800.0,13.17,12.0,1733.3,1.098,PCS,0.6,0.5
329,14616195001,0,2,0,24.0,19.0,24.0,10944.0,6.3,12.0,912.0,0.525,PCS,0.6,0.5
330,14620138001,0,4,1,32.0,23.0,17.0,12512.0,11.73,6.0,2085.3,1.955,PCS,0.6,0.5
331,14621017001,0,1,0,31.0,31.0,31.0,29791.0,18.87,4.0,7447.8,4.718,PCS,0.6,0.5
332,14621021001,0,11,68,30.0,22.0,25.0,16500.0,8.97,12.0,1375.0,0.748,PCS,0.6,0.5
333,14631054001,0,1,0,30.0,22.0,12.0,7920.0,7.09,12.0,660.0,0.591,PCS,0.6,0.5
334,14631100001,0,4,2,29.0,22.0,15.0,9570.0,5.31,12.0,797.5,0.442,PCS,0.6,0.5
335,14633002001,0,1,0,48.0,21.0,29.0,29232.0,8.95,5.0,5846.4,1.79,PCS,0.6,0.5
336,14634023001,0,1,1,27.0,20.0,12.0,6480.0,5.58,12.0,540.0,0.465,PCS,0.6,0.5
337,14710017001,0,1,0,47.0,34.0,17.0,27166.0,1.6,12.0,2263.8,0.133,PCS,0.6,0.5
338,14720003001,0,1,1,50.0,21.0,14.0,14700.0,12.467,20.0,735.0,0.623,PCS,0.6,0.5
339,14730906001,0,3,1,41.0,32.0,19.0,24928.0,1.74,12.0,2077.3,0.145,PCS,0.6,0.5
340,14731899001,0,1,0,49.0,27.0,15.0,19845.0,2.135,12.0,1653.8,0.178,PCS,0.6,0.5
341,14740018001,0,4,2,37.0,28.0,26.0,26936.0,12.62,12.0,2244.7,1.052,PCS,0.6,0.5
342,14832009001,0,1,1,35.0,26.0,12.0,10920.0,7.25,24.0,455.0,0.302,PCS,0.6,0.5
343,14833059001,0,9,39,32.0,25.0,13.0,10400.0,13.88,12.0,866.7,1.157,PCS,0.6,0.5
344,14833063001,0,2,1,24.0,17.0,12.0,4896.0,2.97,12.0,408.0,0.248,PCS,0.6,0.5
345,14840021001,0,6,6,29.0,22.0,10.0,6380.0,4.3,12.0,531.7,0.358,PCS,0.6,0.5
346,14851003001,0,1,3,57.0,30.0,10.0,17100.0,7.01,1.0,17100.0,7.01,PCS,0.6,0.5
347,14851018001,0,3,3,57.0,24.0,28.0,38304.0,11.35,7.0,5472.0,1.621,PCS,0.6,0.5
348,14851032001,0,1,1,47.0,37.0,9.0,15651.0,7.0,1.0,15651.0,7.0,PCS,0.6,0.5
349,14852904001,0,1,5,48.0,33.0,14.0,22176.0,12.7,24.0,924.0,0.529,PCS,0.6,0.5
350,14853069001,0,1,1,51.0,29.0,14.0,20706.0,8.5,20.0,1035.3,0.425,PCS,0.6,0.5
351,15020007001,0,4,21,37.0,20.0,22.0,16280.0,13.12,12.0,1356.7,1.093,PCS,0.6,0.5
352,15022020001,0,1,6,36.0,24.0,14.0,12096.0,8.32,24.0,504.0,0.347,PCS,0.6,0.5
353,15023036001,0,1,5,37.0,25.0,17.0,15725.0,9.6,24.0,655.2,0.4,PCS,0.6,0.5
354,30013004001,0,1,0,42.0,19.0,15.0,11970.0,13.026,30.0,399.0,0.434,PCS,0.6,0.5
355,30045078002,0,1,2,35.0,28.0,16.0,15680.0,1.9,20.0,784.0,0.095,PCS,0.6,0.5
356,30045079001,0,1,1,38.0,32.0,26.0,31616.0,4.0,60.0,526.9,0.067,PCS,0.6,0.5
357,30052113002,0,5,5,35.0,29.0,15.0,15225.0,2.284,20.0,761.3,0.114,PCS,0.6,0.5
358,30073022001,0,1,0,40.0,25.0,28.0,28000.0,5.53,10.0,2800.0,0.553,PCS,0.6,0.5
359,31215012001,0,1,1,32.0,12.0,19.0,7296.0,1.556,12.0,608.0,0.13,PCS,0.6,0.5
360,31226017001,0,1,1,21.0,21.0,9.0,3969.0,1.47,12.0,330.8,0.122,PCS,0.6,0.5
361,31250003001,0,4,1,25.0,17.0,21.0,8925.0,1.0,24.0,371.9,0.042,PCS,0.6,0.5
362,31258006001,0,2,1,26.0,23.0,16.0,9568.0,1.0,24.0,398.7,0.042,PCS,0.6,0.5
363,31421041001,0,4,2,50.0,48.0,31.0,74400.0,12.01,48.0,1550.0,0.25,PCS,0.6,0.5
364,31422008001,0,7,6,45.0,27.0,42.0,51030.0,12.1,48.0,1063.1,0.252,PCS,0.6,0.5
365,31504001001,0,1,2,58.0,31.0,28.0,50344.0,25.0,10.0,5034.4,2.5,PCS,0.6,0.5
366,31531171001,0,1,2,33.0,20.0,17.0,11220.0,1.14,12.0,935.0,0.095,PCS,0.6,0.5
367,31533084001,0,1,0,20.0,18.0,17.0,6120.0,0.23,6.0,1020.0,0.038,PCS,0.6,0.5
368,31533309001,0,7,3,47.0,23.0,29.0,31349.0,2.1,24.0,1306.2,0.088,PCS,0.6,0.5
369,31567028001,0,4,2,58.0,49.0,33.0,93786.0,3.5,16.0,5861.6,0.219,PCS,0.6,0.5
370,31602030001,0,1,0,26.0,21.0,23.0,12558.0,2.0,24.0,523.3,0.083,PCS,0.6,0.5
371,31707076001,0,6,2,27.0,22.0,22.0,13068.0,0.79,36.0,363.0,0.022,PCS,0.6,0.5
372,32430039001,0,2,0,24.0,17.0,11.0,4488.0,1.5,24.0,187.0,0.062,PCS,0.6,0.5
373,32501007001,0,2,1,33.0,25.0,28.0,23100.0,12.0,70.0,330.0,0.171,PCS,0.6,0.5
374,32503007003,0,1,0,33.0,14.0,25.0,11550.0,2.0,12.0,962.5,0.167,PCS,0.6,0.5
375,32511021001,0,1,0,33.0,23.0,22.0,16698.0,11.28,5.0,3339.6,2.256,PCS,0.6,0.5
376,32517009001,0,1,1,32.0,23.0,26.0,19136.0,12.17,5.0,3827.2,2.434,PCS,0.6,0.5
377,32523001001,0,2,0,45.0,24.0,31.0,33480.0,13.5,4.0,8370.0,3.375,PCS,0.6,0.5
378,32524007001,0,1,0,31.0,23.0,10.0,7130.0,7.0,5.0,1426.0,1.4,PCS,0.6,0.5
379,32524032001,0,1,0,46.0,33.0,11.0,16698.0,12.914,10.0,1669.8,1.291,PCS,0.6,0.5
380,32600042001,0,1,1,37.0,26.0,37.0,35594.0,16.3,10.0,3559.4,1.63,PCS,0.6,0.5
381,34511006001,0,1,0,38.0,27.0,26.0,26676.0,13.76,4.0,6669.0,3.44,PCS,0.6,0.5
382,35301023001,0,1,1,23.0,19.0,24.0,10488.0,5.4,6.0,1748.0,0.9,PCS,0.6,0.5
383,35302038001,0,1,1,33.0,24.0,25.0,19800.0,11.6,12.0,1650.0,0.967,PCS,0.6,0.5
384,35307905001,0,1,0,60.0,26.0,23.0,35880.0,20.0,20.0,1794.0,1.0,PCS,0.6,0.5
385,35307910001,0,1,1,23.0,19.0,24.0,10488.0,5.414,6.0,1748.0,0.902,PCS,0.6,0.5
386,35750013001,0,3,5,35.0,20.0,22.0,15400.0,8.312,12.0,1283.3,0.693,PCS,0.6,0.5
387,35751001001,0,1,2,43.0,24.0,26.0,26832.0,11.458,12.0,2236.0,0.955,PCS,0.6,0.5
388,35752005001,0,2,2,26.0,22.0,25.0,14300.0,3.0,24.0,595.8,0.125,PCS,0.6,0.5
389,41223049001,0,1,0,24.0,19.0,27.0,12312.0,1.72,1.0,12312.0,1.72,PCS,0.6,0.5
390,41401022001,0,1,0,22.0,12.0,8.0,2112.0,0.8,1.0,2112.0,0.8,PCS,0.6,0.5
391,41417001001,0,1,0,17.0,3.0,8.0,408.0,0.1,1.0,408.0,0.1,PCS,0.6,0.5
392,41530017001,0,3,1,22.0,22.0,31.0,15004.0,2.28,1.0,15004.0,2.28,PCS,0.6,0.5
393,42301034001,0,2,1,24.0,14.0,4.0,1344.0,0.172,1.0,1344.0,0.172,PCS,0.6,0.5
394,42607128001,0,1,0,10.0,5.0,18.0,900.0,0.2,1.0,900.0,0.2,PCS,0.6,0.5
395,42613021001,0,1,1,23.0,22.0,6.0,3036.0,0.676,1.0,3036.0,0.676,PCS,0.6,0.5
396,42613064001,0,2,1,21.0,8.0,8.0,1344.0,0.4,1.0,1344.0,0.4,PCS,0.6,0.5
397,61062008001,0,2,1,26.0,13.0,18.0,6084.0,1.0,12.0,507.0,0.083,PCS,0.6,0.5
398,61062008002,0,4,3,26.0,13.0,18.0,6084.0,1.0,12.0,507.0,0.083,PCS,0.6,0.5
399,61063005002,0,1,1,26.0,13.0,18.0,6084.0,0.8,12.0,507.0,0.067,PCS,0.6,0.5
400,10001009001,2,21,3803,40.0,27.0,10.0,10800.0,6.77,24.0,450.0,0.282,PCS,0.4,0.3
401,10002008001,2,21,2912,40.0,27.0,10.0,10800.0,6.8,24.0,450.0,0.283,PCS,0.4,0.3
402,10002102001,2,21,1987,40.0,27.0,12.0,12960.0,9.0,24.0,540.0,0.375,PCS,0.4,0.3
403,10014090001,2,21,1750,35.0,20.0,11.0,7700.0,6.61,24.0,320.8,0.275,PCS,0.4,0.3
404,10021001001,2,21,2665,41.0,28.0,10.0,11480.0,6.48,24.0,478.3,0.27,PCS,0.4,0.3
405,10021006001,2,21,3036,42.0,28.0,24.0,28224.0,16.04,24.0,1176.0,0.668,PCS,0.4,0.3
406,10021008001,2,21,5417,35.0,20.0,11.0,7700.0,6.58,24.0,320.8,0.274,PCS,0.4,0.3
407,10031005001,2,21,3515,35.0,20.0,11.0,7700.0,6.58,24.0,320.8,0.274,PCS,0.4,0.3
408,10031013001,2,21,2592,40.0,20.0,14.0,11200.0,9.82,24.0,466.7,0.409,PCS,0.4,0.3
409,10032006001,2,21,3763,34.0,20.0,11.0,7480.0,6.61,24.0,311.7,0.275,PCS,0.4,0.3
410,10032008001,2,21,1659,34.0,20.0,11.0,7480.0,6.62,24.0,311.7,0.276,PCS,0.4,0.3
411,10032013001,2,21,2326,40.0,20.0,14.0,11200.0,9.8,24.0,466.7,0.408,PCS,0.4,0.3
412,10033018001,2,21,2431,37.0,25.0,24.0,22200.0,14.89,24.0,925.0,0.62,PCS,0.4,0.3
413,10033043001,2,21,1878,41.0,27.0,24.0,26568.0,14.3,24.0,1107.0,0.596,PCS,0.4,0.3
414,10033064001,2,21,1527,40.0,20.0,14.0,11200.0,9.82,24.0,466.7,0.409,PCS,0.4,0.3
415,10034003001,2,21,1621,34.0,20.0,11.0,7480.0,6.64,24.0,311.7,0.277,PCS,0.4,0.3
416,10034019001,2,21,2730,35.0,20.0,12.0,8400.0,6.66,24.0,350.0,0.278,PCS,0.4,0.3
417,10035021001,2,21,1771,41.0,27.0,24.0,26568.0,13.91,24.0,1107.0,0.58,PCS,0.4,0.3
418,10035035001,2,21,4344,35.0,20.0,11.0,7700.0,6.57,24.0,320.8,0.274,PCS,0.4,0.3
419,10040063001,2,21,2935,40.0,27.0,23.0,24840.0,15.2,24.0,1035.0,0.633,PCS,0.4,0.3
420,12200006001,2,18,1960,21.0,9.0,31.0,5859.0,1.0,1.0,5859.0,1.0,PCS,0.4,0.3
421,12201898001,2,20,2106,19.0,10.0,8.0,1550.0,1.0,1.0,1550.4,1.0,PCS,0.4,0.3
422,14502081001,2,21,1524,38.0,31.0,13.0,15314.0,3.25,30.0,510.5,0.108,PCS,0.4,0.3
423,14503003001,2,21,2487,46.0,33.0,20.0,30360.0,3.0,24.0,1265.0,0.125,PCS,0.4,0.3
424,14505013001,2,21,1946,35.0,32.0,14.0,15680.0,3.3,30.0,522.7,0.11,PCS,0.4,0.3
425,14505041001,2,21,1809,39.0,31.0,12.0,14508.0,2.08,40.0,362.7,0.052,PCS,0.4,0.3
426,15020010001,2,21,1551,32.0,16.0,13.0,6656.0,5.26,24.0,277.3,0.219,PCS,0.4,0.3
427,15022026001,2,21,1848,30.0,17.0,12.0,6120.0,5.2,24.0,255.0,0.217,PCS,0.4,0.3
428,10000026001,3,21,1378,34.0,22.0,14.0,10472.0,6.62,24.0,436.3,0.276,PCS,0.4,0.3
429,10001022001,3,21,221,42.0,28.0,23.0,27048.0,13.81,24.0,1127.0,0.575,PCS,0.4,0.3
430,10002005001,3,21,970,40.0,27.0,13.0,14040.0,9.56,24.0,585.0,0.398,PCS,0.4,0.3
431,10002006001,3,21,352,34.0,23.0,31.0,24242.0,13.37,6.0,4040.3,2.228,PCS,0.4,0.3
432,10002007001,3,21,507,40.0,28.0,12.0,13440.0,8.89,24.0,560.0,0.37,PCS,0.4,0.3
433,10002944001,3,20,538,44.0,27.0,12.0,14256.0,8.82,24.0,594.0,0.368,PCS,0.4,0.3
434,10011001001,3,21,927,34.0,20.0,11.0,7480.0,6.59,24.0,311.7,0.275,PCS,0.4,0.3
435,10011016001,3,21,854,35.0,20.0,13.0,9100.0,7.9,24.0,379.2,0.329,PCS,0.4,0.3
436,10013005001,3,21,802,34.0,20.0,11.0,7480.0,6.71,24.0,311.7,0.28,PCS,0.4,0.3
437,10014023001,3,21,949,35.0,21.0,11.0,8085.0,6.64,24.0,336.9,0.277,PCS,0.4,0.3
438,10015007001,3,21,1376,33.0,22.0,14.0,10164.0,7.26,24.0,423.5,0.302,PCS,0.4,0.3
439,10021026001,3,21,735,39.0,28.0,32.0,34944.0,19.23,12.0,2912.0,1.602,PCS,0.4,0.3
440,10030007001,3,21,1242,38.0,25.0,24.0,22800.0,14.88,24.0,950.0,0.62,PCS,0.4,0.3
441,10030048001,3,21,1275,38.0,25.0,24.0,22800.0,14.97,24.0,950.0,0.624,PCS,0.4,0.3
442,10031031001,3,21,1108,35.0,21.0,12.0,8820.0,6.66,24.0,367.5,0.278,PCS,0.4,0.3
443,10031033001,3,21,873,37.0,25.0,24.0,22200.0,14.95,24.0,925.0,0.623,PCS,0.4,0.3
444,10032019001,3,21,1227,35.0,20.0,11.0,7700.0,6.5,24.0,320.8,0.271,PCS,0.4,0.3
445,10033005001,3,21,923,35.0,20.0,11.0,7700.0,6.54,24.0,320.8,0.272,PCS,0.4,0.3
446,10033010001,3,20,317,35.0,26.0,31.0,28210.0,16.27,12.0,2350.8,1.356,PCS,0.4,0.3
447,10033015001,3,21,976,40.0,28.0,24.0,26880.0,16.0,24.0,1120.0,0.667,PCS,0.4,0.3
448,10033030001,3,21,626,41.0,28.0,24.0,27552.0,15.28,24.0,1148.0,0.637,PCS,0.4,0.3
449,10033054001,3,21,569,41.0,28.0,24.0,27552.0,15.28,24.0,1148.0,0.637,PCS,0.4,0.3
450,10033070001,3,21,787,42.0,28.0,24.0,28224.0,15.46,24.0,1176.0,0.644,PCS,0.4,0.3
451,10033074001,3,20,765,42.0,28.0,24.0,28224.0,14.25,24.0,1176.0,0.594,PCS,0.4,0.3
452,10040025001,3,21,194,34.0,17.0,35.0,20230.0,10.69,2.0,10115.0,5.345,PCS,0.4,0.3
453,10040039001,3,21,316,36.0,18.0,35.0,22680.0,11.15,2.0,11340.0,5.575,PCS,0.4,0.3
454,10040049001,3,20,93,36.0,18.0,37.0,23976.0,12.8,2.0,11988.0,6.4,PCS,0.4,0.3
455,10040094001,3,21,87,37.0,18.0,36.0,23976.0,12.0,2.0,11988.0,6.0,PCS,0.4,0.3
456,12121064001,3,21,34,24.0,9.0,12.0,2592.0,1.0,1.0,2592.0,1.0,PCS,0.4,0.3
457,14000006001,3,21,136,60.0,34.0,29.0,59160.0,4.77,9.0,6573.3,0.53,PCS,0.4,0.3
458,14000022001,3,21,109,41.0,21.0,13.0,11193.0,0.99,10.0,1119.3,0.099,PCS,0.4,0.3
459,14000033001,3,21,40,44.0,28.0,14.0,17248.0,2.6,12.0,1437.3,0.217,PCS,0.4,0.3
460,14000057001,3,21,229,52.0,32.0,28.0,46592.0,4.41,10.0,4659.2,0.441,PCS,0.4,0.3
461,14000197001,3,21,212,46.0,30.0,29.0,40020.0,3.46,12.0,3335.0,0.288,PCS,0.4,0.3
462,14001045001,3,21,120,47.0,32.0,23.0,34592.0,3.27,8.0,4324.0,0.409,PCS,0.4,0.3
463,14001047001,3,21,147,47.0,32.0,23.0,34592.0,3.36,8.0,4324.0,0.42,PCS,0.4,0.3
464,14001049001,3,21,76,47.0,31.0,24.0,34968.0,3.1,8.0,4371.0,0.388,PCS,0.4,0.3
465,14001053001,3,20,82,50.0,34.0,36.0,61200.0,5.56,12.0,5100.0,0.463,PCS,0.4,0.3
466,14001093001,3,19,73,50.0,34.0,34.0,57800.0,5.7,12.0,4816.7,0.475,PCS,0.4,0.3
467,14003029001,3,21,130,37.0,36.0,24.0,31968.0,5.17,18.0,1776.0,0.287,PCS,0.4,0.3
468,14010011001,3,21,175,51.0,42.0,24.0,51408.0,2.01,6.0,8568.0,0.335,PCS,0.4,0.3
469,14011029001,3,21,363,59.0,39.0,40.0,92040.0,4.4,12.0,7670.0,0.367,PCS,0.4,0.3
470,14011031001,3,20,83,43.0,31.0,20.0,26660.0,2.4,6.0,4443.3,0.4,PCS,0.4,0.3
471,14011034001,3,21,118,45.0,30.0,30.0,40500.0,2.8,10.0,4050.0,0.28,PCS,0.4,0.3
472,14011052001,3,20,1225,50.0,39.0,29.0,56550.0,2.45,24.0,2356.3,0.102,PCS,0.4,0.3
473,14011059001,3,21,100,43.0,33.0,20.0,28380.0,2.32,6.0,4730.0,0.387,PCS,0.4,0.3
474,14014006001,3,21,835,60.0,41.0,29.0,71340.0,2.55,6.0,11890.0,0.425,PCS,0.4,0.3
475,14014015001,3,21,388,60.0,40.0,35.0,84000.0,4.92,12.0,7000.0,0.41,PCS,0.4,0.3
476,14020053001,3,21,176,30.0,30.0,23.0,20700.0,2.87,16.0,1293.8,0.179,PCS,0.4,0.3
477,14022019001,3,21,117,57.0,28.0,25.0,39900.0,1.66,10.0,3990.0,0.166,PCS,0.4,0.3
478,14023029001,3,21,165,59.0,39.0,40.0,92040.0,3.69,12.0,7670.0,0.308,PCS,0.4,0.3
479,14023047001,3,21,79,44.0,36.0,24.0,38016.0,4.5,12.0,3168.0,0.375,PCS,0.4,0.3
480,14023056001,3,21,717,52.0,40.0,23.0,47840.0,4.86,12.0,3986.7,0.405,PCS,0.4,0.3
481,14023248001,3,21,93,42.0,22.0,13.0,12012.0,2.11,12.0,1001.0,0.176,PCS,0.4,0.3
482,14102250001,3,21,201,51.0,21.0,34.0,36414.0,4.54,10.0,3641.4,0.454,PCS,0.4,0.3
483,14103009001,3,21,98,39.0,26.0,32.0,32448.0,4.92,8.0,4056.0,0.615,PCS,0.4,0.3
484,14121020001,3,21,153,36.0,24.0,18.0,15552.0,1.73,10.0,1555.2,0.173,PCS,0.4,0.3
485,14131025001,3,21,78,56.0,26.0,23.0,33488.0,4.8,8.0,4186.0,0.6,PCS,0.4,0.3
486,14131027001,3,21,103,56.0,26.0,23.0,33488.0,3.93,8.0,4186.0,0.491,PCS,0.4,0.3
487,14131047001,3,21,165,59.0,27.0,22.0,35046.0,5.04,12.0,2920.5,0.42,PCS,0.4,0.3
488,14132015001,3,21,134,37.0,37.0,26.0,35594.0,4.14,12.0,2966.2,0.345,PCS,0.4,0.3
489,14132031001,3,21,86,54.0,29.0,22.0,34452.0,4.1,12.0,2871.0,0.342,PCS,0.4,0.3
490,14203017001,3,21,234,53.0,34.0,33.0,59466.0,6.06,40.0,1486.7,0.152,PCS,0.4,0.3
491,14204059001,3,21,65,41.0,30.0,19.0,23370.0,2.89,12.0,1947.5,0.241,PCS,0.4,0.3
492,14222068001,3,21,49,37.0,20.0,17.0,12580.0,2.8,10.0,1258.0,0.28,PCS,0.4,0.3
493,14222072001,3,20,39,37.0,20.0,17.0,12580.0,2.8,10.0,1258.0,0.28,PCS,0.4,0.3
494,14223003001,3,21,71,47.0,28.0,18.0,23688.0,3.89,10.0,2368.8,0.389,PCS,0.4,0.3
495,14500010001,3,21,734,42.0,28.0,23.0,27048.0,2.5,12.0,2254.0,0.208,PCS,0.4,0.3
496,14500026001,3,20,277,43.0,28.0,17.0,20468.0,1.3,12.0,1705.7,0.108,PCS,0.4,0.3
497,14500037001,3,21,113,41.0,37.0,38.0,57646.0,6.83,6.0,9607.7,1.138,PCS,0.4,0.3
498,14500056001,3,20,165,34.0,34.0,18.0,20808.0,1.6,8.0,2601.0,0.2,PCS,0.4,0.3
499,14501004001,3,21,574,36.0,31.0,14.0,15624.0,3.014,30.0,520.8,0.1,PCS,0.4,0.3
500,14501010001,3,21,962,45.0,34.0,21.0,32130.0,3.0,24.0,1338.8,0.125,PCS,0.4,0.3
501,14501012001,3,21,317,50.0,36.0,15.0,27000.0,3.0,12.0,2250.0,0.25,PCS,0.4,0.3
502,14501013001,3,21,676,42.0,28.0,22.0,25872.0,2.5,12.0,2156.0,0.208,PCS,0.4,0.3
503,14501016001,3,21,262,34.0,26.0,15.0,13260.0,2.78,12.0,1105.0,0.232,PCS,0.4,0.3
504,14502004001,3,21,642,50.0,36.0,17.0,30600.0,3.21,12.0,2550.0,0.268,PCS,0.4,0.3
505,14502010001,3,21,379,32.0,32.0,14.0,14336.0,3.1,24.0,597.3,0.129,PCS,0.4,0.3
506,14502015001,3,20,310,43.0,28.0,23.0,27692.0,2.5,12.0,2307.7,0.208,PCS,0.4,0.3
507,14502041001,3,21,740,40.0,31.0,13.0,16120.0,3.42,30.0,537.3,0.114,PCS,0.4,0.3
508,14502077001,3,21,895,43.0,28.0,17.0,20468.0,1.8,12.0,1705.7,0.15,PCS,0.4,0.3
509,14503013001,3,20,494,41.0,28.0,17.0,19516.0,1.7,12.0,1626.3,0.142,PCS,0.4,0.3
510,14503019001,3,21,639,43.0,29.0,23.0,28681.0,2.11,12.0,2390.1,0.176,PCS,0.4,0.3
511,14505031001,3,21,238,43.0,28.0,22.0,26488.0,2.5,12.0,2207.3,0.208,PCS,0.4,0.3
512,14505099001,3,21,174,42.0,33.0,13.0,18018.0,1.73,12.0,1501.5,0.144,PCS,0.4,0.3
513,14505138001,3,21,337,42.0,34.0,13.0,18564.0,1.64,12.0,1547.0,0.137,PCS,0.4,0.3
514,14505917001,3,21,838,39.0,31.0,12.0,14508.0,2.02,40.0,362.7,0.05,PCS,0.4,0.3
515,14510039001,3,21,284,35.0,24.0,5.0,4288.0,3.0,1.0,4287.5,3.0,PCS,0.4,0.3
516,14520065001,3,21,147,35.0,29.0,34.0,34510.0,6.2,96.0,359.5,0.065,PCS,0.4,0.3
517,14620014001,3,21,106,33.0,23.0,28.0,21252.0,12.21,6.0,3542.0,2.035,PCS,0.4,0.3
518,14804010001,3,21,280,40.0,27.0,12.0,12960.0,10.08,24.0,540.0,0.42,PCS,0.4,0.3
519,14804012001,3,21,59,42.0,28.0,13.0,15288.0,10.95,2.0,7644.0,5.475,PCS,0.4,0.3
520,14810016001,3,21,498,35.0,26.0,18.0,16380.0,10.7,24.0,682.5,0.446,PCS,0.4,0.3
521,14820014001,3,21,287,42.0,29.0,19.0,23142.0,17.06,48.0,482.1,0.355,PCS,0.4,0.3
522,14820028001,3,21,510,31.0,23.0,23.0,16399.0,11.74,48.0,341.6,0.245,PCS,0.4,0.3
523,14832018001,3,21,485,35.0,27.0,12.0,11340.0,7.21,24.0,472.5,0.3,PCS,0.4,0.3
524,14833010001,3,21,282,35.0,27.0,10.0,9450.0,5.5,24.0,393.8,0.229,PCS,0.4,0.3
525,10001005001,1,21,367,40.0,27.0,12.0,12960.0,9.11,24.0,540.0,0.38,PCS,0.5,0.4
526,10002025001,1,21,59,38.0,28.0,30.0,31920.0,16.2,12.0,2660.0,1.35,PCS,0.5,0.4
527,10002040001,1,20,94,34.0,23.0,31.0,24242.0,13.1,6.0,4040.3,2.183,PCS,0.5,0.4
528,10002071001,1,21,175,42.0,28.0,25.0,29400.0,15.95,24.0,1225.0,0.665,PCS,0.5,0.4
529,10002072001,1,18,37,34.0,23.0,30.0,23460.0,13.3,6.0,3910.0,2.217,PCS,0.5,0.4
530,10002942001,1,19,125,40.0,28.0,12.0,13440.0,8.91,24.0,560.0,0.371,PCS,0.5,0.4
531,10002992001,1,21,86,27.0,19.0,23.0,11799.0,6.27,1.0,11799.0,6.27,PCS,0.5,0.4
532,10011008001,1,21,30,39.0,17.0,26.0,17238.0,11.38,10.0,1723.8,1.138,PCS,0.5,0.4
533,10012006001,1,19,232,28.0,16.0,9.0,4032.0,3.4,24.0,168.0,0.142,PCS,0.5,0.4
534,10012907001,1,18,104,33.0,16.0,13.0,6864.0,5.34,24.0,286.0,0.222,PCS,0.5,0.4
535,10014009001,1,21,418,40.0,27.0,17.0,18360.0,12.08,24.0,765.0,0.503,PCS,0.5,0.4
536,10014032001,1,21,366,35.0,20.0,13.0,9100.0,7.88,24.0,379.2,0.328,PCS,0.5,0.4
537,10014113001,1,20,287,41.0,28.0,12.0,13776.0,8.7,24.0,574.0,0.362,PCS,0.5,0.4
538,10020002001,1,19,143,40.0,19.0,14.0,10640.0,9.6,24.0,443.3,0.4,PCS,0.5,0.4
539,10020008001,1,17,52,44.0,29.0,20.0,25520.0,13.9,24.0,1063.3,0.579,PCS,0.5,0.4
540,10020015001,1,19,208,40.0,27.0,10.0,10800.0,7.21,24.0,450.0,0.3,PCS,0.5,0.4
541,10021010001,1,21,133,42.0,28.0,24.0,28224.0,15.6,24.0,1176.0,0.65,PCS,0.5,0.4
542,10021012001,1,21,1045,41.0,27.0,13.0,14391.0,8.77,24.0,599.6,0.365,PCS,0.5,0.4
543,10021017001,1,19,309,40.0,28.0,23.0,25760.0,16.08,24.0,1073.3,0.67,PCS,0.5,0.4
544,10022008001,1,15,184,32.0,22.0,16.0,11264.0,7.74,24.0,469.3,0.322,PCS,0.5,0.4
545,10022030001,1,20,382,33.0,22.0,14.0,10164.0,6.53,24.0,423.5,0.272,PCS,0.5,0.4
546,10023892001,1,12,5,57.0,32.0,20.0,36480.0,9.38,4.0,9120.0,2.345,PCS,0.5,0.4
547,10024010001,1,15,216,41.0,27.0,12.0,13284.0,8.9,24.0,553.5,0.371,PCS,0.5,0.4
548,10030005001,1,20,92,38.0,28.0,32.0,34048.0,19.37,12.0,2837.3,1.614,PCS,0.5,0.4
549,10030012001,1,20,111,35.0,24.0,31.0,26040.0,17.06,8.0,3255.0,2.132,PCS,0.5,0.4
550,10030016001,1,21,190,41.0,27.0,23.0,25461.0,13.918,24.0,1060.9,0.58,PCS,0.5,0.4
551,10030018001,1,20,117,38.0,21.0,31.0,24738.0,17.72,8.0,3092.3,2.215,PCS,0.5,0.4
552,10030019001,1,15,169,41.0,28.0,24.0,27552.0,15.6,24.0,1148.0,0.65,PCS,0.5,0.4
553,10030021001,1,15,58,43.0,29.0,24.0,29928.0,15.762,24.0,1247.0,0.657,PCS,0.5,0.4
554,10030045001,1,18,112,42.0,28.0,23.0,27048.0,14.24,24.0,1127.0,0.593,PCS,0.5,0.4
555,10031004001,1,20,391,42.0,28.0,24.0,28224.0,14.85,24.0,1176.0,0.619,PCS,0.5,0.4
556,10031012001,1,18,187,43.0,29.0,24.0,29928.0,17.0,24.0,1247.0,0.708,PCS,0.5,0.4
557,10031017001,1,21,823,35.0,21.0,13.0,9555.0,7.82,24.0,398.1,0.326,PCS,0.5,0.4
558,10032001001,1,16,139,35.0,27.0,28.0,26460.0,16.32,12.0,2205.0,1.36,PCS,0.5,0.4
559,10032011001,1,21,471,42.0,25.0,8.0,8400.0,6.21,24.0,350.0,0.259,PCS,0.5,0.4
560,10032055001,1,20,346,35.0,20.0,14.0,9800.0,8.7,24.0,408.3,0.362,PCS,0.5,0.4
561,10032064001,1,19,616,34.0,20.0,11.0,7480.0,6.1,24.0,311.7,0.254,PCS,0.5,0.4
562,10033003001,1,19,132,42.0,29.0,24.0,29232.0,15.95,24.0,1218.0,0.665,PCS,0.5,0.4
563,10033019001,1,21,251,36.0,27.0,31.0,30132.0,16.35,12.0,2511.0,1.362,PCS,0.5,0.4
564,10033049001,1,18,102,35.0,23.0,31.0,24955.0,17.16,8.0,3119.4,2.145,PCS,0.5,0.4
565,10033056001,1,20,369,40.0,27.0,24.0,25920.0,14.55,24.0,1080.0,0.606,PCS,0.5,0.4
566,10033065001,1,21,257,35.0,26.0,31.0,28210.0,15.97,12.0,2350.8,1.331,PCS,0.5,0.4
567,10034014001,1,20,824,35.0,20.0,13.0,9100.0,7.87,24.0,379.2,0.328,PCS,0.5,0.4
568,10034039001,1,21,382,35.0,20.0,13.0,9100.0,7.9,24.0,379.2,0.329,PCS,0.5,0.4
569,10034050001,1,18,400,41.0,27.0,12.0,13284.0,8.5,24.0,553.5,0.354,PCS,0.5,0.4
570,10035003001,1,18,66,36.0,27.0,32.0,31104.0,19.62,12.0,2592.0,1.635,PCS,0.5,0.4
571,10035006001,1,20,263,35.0,20.0,11.0,7700.0,6.73,24.0,320.8,0.28,PCS,0.5,0.4
572,10035017001,1,21,344,42.0,28.0,24.0,28224.0,14.6,24.0,1176.0,0.608,PCS,0.5,0.4
573,10040003001,1,21,978,35.0,27.0,30.0,28350.0,19.3,12.0,2362.5,1.608,PCS,0.5,0.4
574,10040010001,1,20,441,41.0,27.0,24.0,26568.0,15.72,24.0,1107.0,0.655,PCS,0.5,0.4
575,10040018001,1,18,133,38.0,22.0,31.0,25916.0,16.93,8.0,3239.5,2.116,PCS,0.5,0.4
576,10040020001,1,21,554,41.0,28.0,24.0,27552.0,15.15,24.0,1148.0,0.631,PCS,0.5,0.4
577,10040022001,1,17,358,38.0,31.0,24.0,28272.0,18.32,20.0,1413.6,0.916,PCS,0.5,0.4
578,10040023001,1,21,756,37.0,30.0,26.0,28860.0,18.48,20.0,1443.0,0.924,PCS,0.5,0.4
579,10040032001,1,19,959,36.0,24.0,19.0,16416.0,9.2,24.0,684.0,0.383,PCS,0.5,0.4
580,10040033001,1,19,189,38.0,23.0,31.0,27094.0,19.0,8.0,3386.8,2.375,PCS,0.5,0.4
581,10040037001,1,20,47,36.0,18.0,35.0,22680.0,12.55,2.0,11340.0,6.275,PCS,0.5,0.4
582,10040041001,1,20,585,37.0,25.0,18.0,16650.0,8.8,24.0,693.8,0.367,PCS,0.5,0.4
583,10040048001,1,11,527,38.0,22.0,31.0,25916.0,17.0,8.0,3239.5,2.125,PCS,0.5,0.4
584,10040058001,1,21,506,42.0,28.0,24.0,28224.0,16.17,24.0,1176.0,0.674,PCS,0.5,0.4
585,10041002001,1,20,285,42.0,28.0,19.0,22344.0,13.68,24.0,931.0,0.57,PCS,0.5,0.4
586,10041006001,1,18,138,40.0,26.0,22.0,22880.0,12.85,24.0,953.3,0.535,PCS,0.5,0.4
587,10041032001,1,18,146,42.0,25.0,24.0,25200.0,12.82,24.0,1050.0,0.534,PCS,0.5,0.4
588,10041085001,1,17,369,43.0,29.0,23.0,28681.0,14.09,24.0,1195.0,0.587,PCS,0.5,0.4
589,10052020001,1,21,31,32.0,25.0,27.0,21600.0,12.34,12.0,1800.0,1.028,PCS,0.5,0.4
590,10303002001,1,17,259,40.0,27.0,12.0,12960.0,8.87,24.0,540.0,0.37,PCS,0.5,0.4
591,11021006001,1,8,2,41.0,41.0,30.0,50430.0,14.3,12.0,4202.5,1.192,PCS,0.5,0.4
592,11022034001,1,9,3,36.0,32.0,24.0,27648.0,11.3,18.0,1536.0,0.628,PCS,0.5,0.4
593,11032003001,1,10,4,38.0,25.0,20.0,19000.0,8.22,12.0,1583.3,0.685,PCS,0.5,0.4
594,11032024001,1,11,16,46.0,36.0,28.0,46368.0,11.03,24.0,1932.0,0.46,PCS,0.5,0.4
595,11032037001,1,16,25,53.0,39.0,21.0,43407.0,15.31,24.0,1808.6,0.638,PCS,0.5,0.4
596,11040006001,1,21,58,36.0,27.0,30.0,29160.0,10.73,12.0,2430.0,0.894,PCS,0.5,0.4
597,11040010001,1,21,54,36.0,21.0,29.0,21924.0,8.6,12.0,1827.0,0.717,PCS,0.5,0.4
598,11040030001,1,18,23,34.0,26.0,29.0,25636.0,13.46,12.0,2136.3,1.122,PCS,0.5,0.4
599,11040035001,1,21,63,36.0,26.0,29.0,27144.0,10.2,12.0,2262.0,0.85,PCS,0.5,0.4
600,11040056001,1,8,2,27.0,23.0,27.0,16767.0,10.27,12.0,1397.3,0.856,PCS,0.5,0.4
601,11041019001,1,10,5,40.0,14.0,20.0,11200.0,1.6,10.0,1120.0,0.16,PCS,0.5,0.4
602,11041027001,1,18,7,38.0,34.0,18.0,23256.0,8.0,24.0,969.0,0.333,PCS,0.5,0.4
603,11050004001,1,19,38,36.0,21.0,30.0,22680.0,12.37,4.0,5670.0,3.092,PCS,0.5,0.4
604,11050011001,1,17,28,30.0,23.0,28.0,19320.0,11.22,12.0,1610.0,0.935,PCS,0.5,0.4
605,11050012001,1,18,17,39.0,26.0,27.0,27378.0,10.52,12.0,2281.5,0.877,PCS,0.5,0.4
606,11050017001,1,20,21,36.0,22.0,30.0,23760.0,12.45,4.0,5940.0,3.112,PCS,0.5,0.4
607,11050020001,1,20,26,37.0,30.0,28.0,31080.0,10.42,12.0,2590.0,0.868,PCS,0.5,0.4
608,11050049001,1,8,2,33.0,18.0,22.0,13068.0,8.48,12.0,1089.0,0.707,PCS,0.5,0.4
609,11050078001,1,9,2,38.0,22.0,25.0,20900.0,11.6,10.0,2090.0,1.16,PCS,0.5,0.4
610,11061071001,1,20,29,42.0,39.0,30.0,49140.0,1.82,20.0,2457.0,0.091,PCS,0.5,0.4
611,11070001001,1,19,51,41.0,28.0,27.0,30996.0,13.3,24.0,1291.5,0.554,PCS,0.5,0.4
612,11070007001,1,19,130,41.0,27.0,27.0,29889.0,11.5,24.0,1245.4,0.479,PCS,0.5,0.4
613,11073902002,1,14,7,35.0,31.0,13.0,14105.0,3.13,12.0,1175.4,0.261,PCS,0.5,0.4
614,11074020001,1,10,5,31.0,23.0,26.0,18538.0,0.95,12.0,1544.8,0.079,PCS,0.5,0.4
615,11100001001,1,17,69,37.0,30.0,32.0,35520.0,18.75,4.0,8880.0,4.688,PCS,0.5,0.4
616,11100015001,1,12,4,37.0,30.0,28.0,31080.0,18.12,4.0,7770.0,4.53,PCS,0.5,0.4
617,11103019001,1,16,85,44.0,26.0,32.0,36608.0,15.6,4.0,9152.0,3.9,PCS,0.5,0.4
618,11103022001,1,21,111,41.0,29.0,32.0,38048.0,13.01,6.0,6341.3,2.168,PCS,0.5,0.4
619,11103050001,1,21,81,41.0,29.0,31.0,36859.0,13.12,6.0,6143.2,2.187,PCS,0.5,0.4
620,11103070001,1,21,71,35.0,26.0,31.0,28210.0,12.83,6.0,4701.7,2.138,PCS,0.5,0.4
621,11103090001,1,21,104,42.0,29.0,32.0,38976.0,12.8,6.0,6496.0,2.133,PCS,0.5,0.4
622,11103134001,1,19,37,46.0,25.0,32.0,36800.0,13.6,4.0,9200.0,3.4,PCS,0.5,0.4
623,11103136001,1,21,181,36.0,25.0,32.0,28800.0,12.4,6.0,4800.0,2.067,PCS,0.5,0.4
624,11103137001,1,17,92,36.0,25.0,32.0,28800.0,12.36,6.0,4800.0,2.06,PCS,0.5,0.4
625,11103179001,1,9,4,8.0,9.0,13.0,899.0,0.2,1.0,898.88,0.2,PCS,0.5,0.4
626,11103237001,1,14,6,42.0,30.0,30.0,37800.0,11.35,3.0,12600.0,3.783,PCS,0.5,0.4
627,11103375001,1,20,37,35.0,27.0,30.0,28350.0,12.87,6.0,4725.0,2.145,PCS,0.5,0.4
628,11110085001,1,19,20,38.0,24.0,28.0,25536.0,12.03,6.0,4256.0,2.005,PCS,0.5,0.4
629,11111011001,1,20,30,33.0,22.0,32.0,23232.0,11.05,6.0,3872.0,1.842,PCS,0.5,0.4
630,11111017001,1,20,67,39.0,28.0,32.0,34944.0,21.77,4.0,8736.0,5.442,PCS,0.5,0.4
631,12000028001,1,7,2,42.0,23.0,26.0,25116.0,10.74,12.0,2093.0,0.895,PCS,0.5,0.4
632,12000045001,1,13,4,43.0,23.0,25.0,24725.0,12.1,12.0,2060.4,1.008,PCS,0.5,0.4
633,12000059001,1,18,23,32.0,32.0,27.0,27648.0,13.362,6.0,4608.0,2.227,PCS,0.5,0.4
634,12000108001,1,13,4,43.0,23.0,25.0,24725.0,12.1,12.0,2060.4,1.008,PCS,0.5,0.4
635,12000178001,1,20,50,40.0,24.0,22.0,21120.0,10.45,12.0,1760.0,0.871,PCS,0.5,0.4
636,12000351001,1,8,2,43.0,23.0,24.0,23736.0,12.06,12.0,1978.0,1.005,PCS,0.5,0.4
637,12002023001,1,17,12,41.0,21.0,24.0,20664.0,10.7,12.0,1722.0,0.892,PCS,0.5,0.4
638,12005093008,1,8,5,31.0,26.0,20.0,16120.0,3.17,12.0,1343.3,0.264,PCS,0.5,0.4
639,12010023002,1,16,54,27.0,22.0,31.0,18414.0,10.17,72.0,255.8,0.141,PCS,0.5,0.4
640,12010137001,1,19,14,43.0,22.0,24.0,22704.0,9.9,12.0,1892.0,0.825,PCS,0.5,0.4
641,12010209001,1,12,4,44.0,19.0,21.0,17556.0,7.0,12.0,1463.0,0.583,PCS,0.5,0.4
642,12011033001,1,18,46,32.0,32.0,28.0,28672.0,13.51,6.0,4778.7,2.252,PCS,0.5,0.4
643,12011168001,1,18,36,33.0,32.0,28.0,29568.0,13.25,6.0,4928.0,2.208,PCS,0.5,0.4
644,12011299001,1,12,7,29.0,26.0,25.0,18850.0,10.8,12.0,1570.8,0.9,PCS,0.5,0.4
645,12020225001,1,8,6,26.0,17.0,19.0,8398.0,2.2,12.0,699.8,0.183,PCS,0.5,0.4
646,12034075001,1,19,25,49.0,36.0,37.0,65268.0,4.26,36.0,1813.0,0.118,PCS,0.5,0.4
647,12100011001,1,15,19,45.0,21.0,24.0,22680.0,9.37,48.0,472.5,0.195,PCS,0.5,0.4
648,12100013001,1,18,15,36.0,33.0,22.0,26136.0,9.35,48.0,544.5,0.195,PCS,0.5,0.4
649,12102048001,1,10,5,30.0,17.0,24.0,12240.0,3.3,24.0,510.0,0.137,PCS,0.5,0.4
650,12102140001,1,20,36,23.0,23.0,17.0,8993.0,2.55,12.0,749.4,0.212,PCS,0.5,0.4
651,12102152001,1,18,10,33.0,23.0,24.0,18216.0,4.73,12.0,1518.0,0.394,PCS,0.5,0.4
652,12112018001,1,10,3,23.0,17.0,19.0,7429.0,3.32,12.0,619.1,0.277,PCS,0.5,0.4
653,12120052001,1,21,84,43.0,29.0,24.0,29928.0,4.0,36.0,831.3,0.111,PCS,0.5,0.4
654,12121109001,1,9,5,40.8,30.2,23.0,28339.68,2.56,12.0,2361.6,0.213,PCS,0.5,0.4
655,12122020001,1,18,45,54.0,25.0,38.0,51300.0,5.2,48.0,1068.8,0.108,PCS,0.5,0.4
656,12122034001,1,13,8,45.0,27.0,13.0,15795.0,1.29,12.0,1316.3,0.108,PCS,0.5,0.4
657,12123015001,1,15,17,44.0,32.0,21.0,29568.0,1.446,12.0,2464.0,0.12,PCS,0.5,0.4
658,12123034001,1,13,11,34.0,23.0,33.0,25806.0,3.3,36.0,716.8,0.092,PCS,0.5,0.4
659,12123050001,1,11,9,32.0,30.0,24.0,23040.0,1.96,12.0,1920.0,0.163,PCS,0.5,0.4
660,12123057001,1,21,35,43.0,36.0,49.0,75852.0,5.79,18.0,4214.0,0.322,PCS,0.5,0.4
661,12123086001,1,19,39,40.0,38.0,30.0,45600.0,3.02,24.0,1900.0,0.126,PCS,0.5,0.4
662,12200017001,1,20,295,18.0,10.0,8.0,1454.0,0.2,1.0,1453.5,0.2,PCS,0.5,0.4
663,12201042001,1,15,814,20.0,10.0,8.0,1615.0,0.2,1.0,1615.0,0.2,PCS,0.5,0.4
664,12201051001,1,18,116,20.0,10.0,8.0,1785.0,0.2,1.0,1785.0,0.2,PCS,0.5,0.4
665,12201083001,1,19,976,20.0,10.0,8.0,1615.0,0.2,1.0,1615.0,0.2,PCS,0.5,0.4
666,12201896001,1,19,236,21.0,10.0,8.0,1785.0,0.2,1.0,1785.0,0.2,PCS,0.5,0.4
667,12201897001,1,15,11,23.0,11.0,6.0,1518.0,0.5,1.0,1518.0,0.5,PCS,0.5,0.4
668,12202007001,1,19,88,31.0,21.0,22.0,14322.0,1.0,1.0,14322.0,1.0,PCS,0.5,0.4
669,12210024001,1,15,311,21.0,10.0,8.0,1785.0,0.2,1.0,1785.0,0.2,PCS,0.5,0.4
670,12220013001,1,21,34,31.0,21.0,22.0,14322.0,1.0,1.0,14322.0,1.0,PCS,0.5,0.4
671,12220015001,1,20,125,31.0,21.0,22.0,14322.0,1.0,1.0,14322.0,1.0,PCS,0.5,0.4
672,12221009001,1,21,54,21.0,11.0,8.0,1964.0,0.2,1.0,1963.5,0.2,PCS,0.5,0.4
673,14000010001,1,19,30,48.0,32.0,23.0,35328.0,2.91,5.0,7065.6,0.582,PCS,0.5,0.4
674,14000021001,1,20,19,46.0,28.0,14.0,18032.0,2.69,12.0,1502.7,0.224,PCS,0.5,0.4
675,14000027001,1,20,35,46.0,32.0,21.0,30912.0,2.75,5.0,6182.4,0.55,PCS,0.5,0.4
676,14000041001,1,20,30,40.0,27.0,35.0,37800.0,3.46,12.0,3150.0,0.288,PCS,0.5,0.4
677,14000135001,1,8,28,38.0,20.0,23.0,17480.0,0.84,1.0,17480.0,0.84,PCS,0.5,0.4
678,14001009001,1,19,46,44.0,31.0,31.0,42284.0,4.71,24.0,1761.8,0.196,PCS,0.5,0.4
679,14001017001,1,21,89,44.0,37.0,34.0,55352.0,4.8,10.0,5535.2,0.48,PCS,0.5,0.4
680,14001018001,1,18,34,44.0,31.0,31.0,42284.0,4.5,24.0,1761.8,0.188,PCS,0.5,0.4
681,14001019001,1,16,13,44.0,37.0,33.0,53724.0,4.7,10.0,5372.4,0.47,PCS,0.5,0.4
682,14001052001,1,21,83,47.0,32.0,22.0,33088.0,3.95,12.0,2757.3,0.329,PCS,0.5,0.4
683,14001060001,1,19,45,30.0,20.0,22.0,13200.0,2.1,12.0,1100.0,0.175,PCS,0.5,0.4
684,14001118001,1,12,15,50.0,25.0,35.0,43750.0,6.02,40.0,1093.8,0.15,PCS,0.5,0.4
685,14002003001,1,15,11,55.0,29.0,25.0,39875.0,3.52,12.0,3322.9,0.293,PCS,0.5,0.4
686,14003054001,1,20,23,43.0,34.0,29.0,42398.0,4.72,12.0,3533.2,0.393,PCS,0.5,0.4
687,14010048001,1,12,6,47.0,29.0,25.0,34075.0,2.22,12.0,2839.6,0.185,PCS,0.5,0.4
688,14010072001,1,21,29,48.0,33.0,41.0,64944.0,3.81,12.0,5412.0,0.318,PCS,0.5,0.4
689,14010079001,1,21,31,37.0,20.0,28.0,20720.0,1.16,12.0,1726.7,0.097,PCS,0.5,0.4
690,14010094001,1,21,35,34.0,29.0,16.0,15776.0,2.57,6.0,2629.3,0.428,PCS,0.5,0.4
691,14010098001,1,21,19,47.0,28.0,25.0,32900.0,2.15,12.0,2741.7,0.179,PCS,0.5,0.4
692,14010149001,1,21,34,55.0,37.0,24.0,48840.0,2.12,16.0,3052.5,0.132,PCS,0.5,0.4
693,14010187001,1,21,37,55.0,37.0,24.0,48840.0,2.21,16.0,3052.5,0.138,PCS,0.5,0.4
694,14010211001,1,20,21,47.0,32.0,40.0,60160.0,3.6,12.0,5013.3,0.3,PCS,0.5,0.4
695,14011006001,1,21,50,51.0,28.0,27.0,38556.0,2.03,12.0,3213.0,0.169,PCS,0.5,0.4
696,14011011001,1,20,26,37.0,37.0,25.0,34225.0,1.59,12.0,2852.1,0.132,PCS,0.5,0.4
697,14011023001,1,18,10,44.0,26.0,27.0,30888.0,1.56,12.0,2574.0,0.13,PCS,0.5,0.4
698,14011030001,1,9,92,59.0,39.0,40.0,92040.0,4.5,12.0,7670.0,0.375,PCS,0.5,0.4
699,14011044001,1,19,19,36.0,36.0,25.0,32400.0,1.55,12.0,2700.0,0.129,PCS,0.5,0.4
700,14011051001,1,17,35,36.0,36.0,25.0,32400.0,1.51,12.0,2700.0,0.126,PCS,0.5,0.4
701,14014011001,1,18,41,44.0,30.0,39.0,51480.0,2.3,12.0,4290.0,0.192,PCS,0.5,0.4
702,14020006001,1,21,43,59.0,36.0,21.0,44604.0,2.55,6.0,7434.0,0.425,PCS,0.5,0.4
703,14020008001,1,20,28,41.0,22.0,26.0,23452.0,0.97,12.0,1954.3,0.081,PCS,0.5,0.4
704,14020014001,1,20,32,48.0,28.0,23.0,30912.0,1.19,10.0,3091.2,0.119,PCS,0.5,0.4
705,14020019001,1,14,6,43.0,31.0,26.0,34658.0,1.34,6.0,5776.3,0.223,PCS,0.5,0.4
706,14020949001,1,9,6,49.0,30.0,36.0,52920.0,2.42,6.0,8820.0,0.403,PCS,0.5,0.4
707,14020956001,1,10,5,50.0,46.0,38.0,87400.0,3.72,8.0,10925.0,0.465,PCS,0.5,0.4
708,14020961001,1,13,7,48.0,32.0,41.0,62976.0,3.89,12.0,5248.0,0.324,PCS,0.5,0.4
709,14021021001,1,16,31,33.0,20.0,25.0,16500.0,0.82,1.0,16500.0,0.82,PCS,0.5,0.4
710,14022002001,1,20,22,51.0,29.0,26.0,38454.0,1.75,12.0,3204.5,0.146,PCS,0.5,0.4
711,14022003001,1,21,27,50.0,29.0,26.0,37700.0,1.96,12.0,3141.7,0.163,PCS,0.5,0.4
712,14022029001,1,21,28,41.0,30.0,27.0,33210.0,1.71,6.0,5535.0,0.285,PCS,0.5,0.4
713,14022118001,1,19,16,48.0,32.0,40.0,61440.0,3.5,12.0,5120.0,0.292,PCS,0.5,0.4
714,14023003001,1,19,20,51.0,29.0,26.0,38454.0,1.75,12.0,3204.5,0.146,PCS,0.5,0.4
715,14023034001,1,19,12,40.0,29.0,26.0,30160.0,1.33,6.0,5026.7,0.222,PCS,0.5,0.4
716,14023115001,1,20,15,40.0,29.0,26.0,30160.0,1.31,6.0,5026.7,0.218,PCS,0.5,0.4
717,14023252001,1,19,18,50.0,39.0,35.0,68250.0,3.88,8.0,8531.3,0.485,PCS,0.5,0.4
718,14023257001,1,15,8,37.0,22.0,25.0,20350.0,2.7,14.0,1453.6,0.193,PCS,0.5,0.4
719,14023295001,1,21,25,43.0,30.0,24.0,30960.0,1.24,6.0,5160.0,0.207,PCS,0.5,0.4
720,14100001001,1,21,28,41.0,27.0,36.0,39852.0,6.5,12.0,3321.0,0.542,PCS,0.5,0.4
721,14100012001,1,21,38,41.0,27.0,36.0,39852.0,4.9,12.0,3321.0,0.408,PCS,0.5,0.4
722,14100021001,1,20,31,38.0,34.0,27.0,34884.0,3.88,10.0,3488.4,0.388,PCS,0.5,0.4
723,14101004001,1,20,24,33.0,28.0,38.0,35112.0,8.1,12.0,2926.0,0.675,PCS,0.5,0.4
724,14102009001,1,20,33,52.0,43.0,24.0,53664.0,7.196,8.0,6708.0,0.9,PCS,0.5,0.4
725,14102115001,1,18,13,53.0,22.0,28.0,32648.0,4.478,12.0,2720.7,0.373,PCS,0.5,0.4
726,14103018001,1,21,35,40.0,38.0,26.0,39520.0,3.44,10.0,3952.0,0.344,PCS,0.5,0.4
727,14103030001,1,20,31,55.0,38.0,24.0,50160.0,4.46,15.0,3344.0,0.297,PCS,0.5,0.4
728,14103051001,1,11,4,46.0,44.0,33.0,66792.0,8.2,20.0,3339.6,0.41,PCS,0.5,0.4
729,14103155001,1,16,13,30.0,23.0,24.0,16560.0,0.26,1.0,16560.0,0.26,PCS,0.5,0.4
730,14104042001,1,21,48,32.0,26.0,23.0,19136.0,2.34,5.0,3827.2,0.468,PCS,0.5,0.4
731,14104060001,1,17,9,40.0,26.0,25.0,26000.0,2.13,12.0,2166.7,0.178,PCS,0.5,0.4
732,14104085001,1,20,27,47.0,27.0,37.0,46953.0,6.9,18.0,2608.5,0.383,PCS,0.5,0.4
733,14104102001,1,15,9,42.0,31.0,21.0,27342.0,3.0,12.0,2278.5,0.25,PCS,0.5,0.4
734,14105102001,1,20,49,52.0,36.0,19.0,35568.0,4.42,12.0,2964.0,0.368,PCS,0.5,0.4
735,14105129001,1,20,22,36.0,34.0,18.0,22032.0,2.28,9.0,2448.0,0.253,PCS,0.5,0.4
736,14110010001,1,15,7,43.0,26.0,22.0,24596.0,2.61,10.0,2459.6,0.261,PCS,0.5,0.4
737,14110163001,1,16,9,35.0,35.0,26.0,31850.0,3.71,12.0,2654.2,0.309,PCS,0.5,0.4
738,14111002001,1,20,21,37.0,26.0,17.0,16354.0,2.37,6.0,2725.7,0.395,PCS,0.5,0.4
739,14111036001,1,18,42,37.0,34.0,27.0,33966.0,6.29,6.0,5661.0,1.048,PCS,0.5,0.4
740,14111037001,1,18,20,50.0,41.0,38.0,77900.0,5.62,24.0,3245.8,0.234,PCS,0.5,0.4
741,14111039001,1,18,39,29.0,21.0,8.0,4872.0,1.0,1.0,4872.0,1.0,PCS,0.5,0.4
742,14111120001,1,11,5,47.0,20.0,25.0,23500.0,2.91,12.0,1958.3,0.243,PCS,0.5,0.4
743,14111132001,1,19,39,44.0,39.0,17.0,29172.0,5.2,20.0,1458.6,0.26,PCS,0.5,0.4
744,14112021001,1,21,26,58.0,26.0,24.0,36192.0,3.03,10.0,3619.2,0.303,PCS,0.5,0.4
745,14112054001,1,21,34,57.0,26.0,23.0,34086.0,3.01,10.0,3408.6,0.301,PCS,0.5,0.4
746,14120017001,1,19,23,41.0,31.0,22.0,27962.0,2.9,12.0,2330.2,0.242,PCS,0.5,0.4
747,14120020001,1,20,26,45.0,18.0,26.0,21060.0,5.42,12.0,1755.0,0.452,PCS,0.5,0.4
748,14120045001,1,17,20,49.0,21.0,21.0,21609.0,3.75,12.0,1800.8,0.312,PCS,0.5,0.4
749,14120054001,1,18,15,40.0,30.0,41.0,49200.0,4.16,16.0,3075.0,0.26,PCS,0.5,0.4
750,14121004001,1,15,12,41.0,34.0,27.0,37638.0,3.21,10.0,3763.8,0.321,PCS,0.5,0.4
751,14121075001,1,17,10,33.0,19.0,27.0,16929.0,3.85,12.0,1410.8,0.321,PCS,0.5,0.4
752,14121090001,1,21,29,56.0,42.0,33.0,77616.0,6.1,16.0,4851.0,0.381,PCS,0.5,0.4
753,14121115001,1,19,70,35.0,29.0,24.0,24360.0,3.1,10.0,2436.0,0.31,PCS,0.5,0.4
754,14121136001,1,19,52,50.0,21.0,23.0,24150.0,3.68,12.0,2012.5,0.307,PCS,0.5,0.4
755,14121173001,1,20,26,45.0,26.0,19.0,22230.0,2.59,12.0,1852.5,0.216,PCS,0.5,0.4
756,14130001001,1,21,59,43.0,28.0,28.0,33712.0,4.11,8.0,4214.0,0.514,PCS,0.5,0.4
757,14130009001,1,20,40,56.0,26.0,23.0,33488.0,4.8,8.0,4186.0,0.6,PCS,0.5,0.4
758,14130010001,1,21,40,29.0,13.0,24.0,9048.0,0.8,1.0,9048.0,0.8,PCS,0.5,0.4
759,14130016001,1,21,54,60.0,26.0,23.0,35880.0,4.47,12.0,2990.0,0.372,PCS,0.5,0.4
760,14130017001,1,21,56,59.0,27.0,22.0,35046.0,4.47,12.0,2920.5,0.372,PCS,0.5,0.4
761,14130042001,1,20,35,59.0,27.0,22.0,35046.0,4.6,12.0,2920.5,0.383,PCS,0.5,0.4
762,14131081001,1,21,64,48.0,28.0,31.0,41664.0,5.35,12.0,3472.0,0.446,PCS,0.5,0.4
763,14131121001,1,14,24,60.0,27.0,23.0,37260.0,4.83,12.0,3105.0,0.402,PCS,0.5,0.4
764,14132003001,1,19,32,38.0,33.0,26.0,32604.0,3.43,10.0,3260.4,0.343,PCS,0.5,0.4
765,14132149001,1,13,5,42.0,32.0,21.0,28224.0,7.9,12.0,2352.0,0.658,PCS,0.5,0.4
766,14132157001,1,19,29,37.0,36.0,26.0,34632.0,4.13,12.0,2886.0,0.344,PCS,0.5,0.4
767,14133030001,1,20,40,40.0,23.0,37.0,34040.0,2.65,12.0,2836.7,0.221,PCS,0.5,0.4
768,14200018001,1,17,9,25.0,37.0,15.0,13875.0,2.42,10.0,1387.5,0.242,PCS,0.5,0.4
769,14200047001,1,18,11,40.0,27.0,13.0,14040.0,3.77,10.0,1404.0,0.377,PCS,0.5,0.4
770,14200090001,1,12,6,37.0,29.0,19.0,20387.0,3.344,24.0,849.5,0.139,PCS,0.5,0.4
771,14200133001,1,15,5,42.0,30.0,29.0,36540.0,3.7,12.0,3045.0,0.308,PCS,0.5,0.4
772,14202021001,1,18,12,39.0,29.0,16.0,18096.0,2.16,12.0,1508.0,0.18,PCS,0.5,0.4
773,14203001001,1,21,29,53.0,35.0,16.0,29680.0,4.0,20.0,1484.0,0.2,PCS,0.5,0.4
774,14203078001,1,21,46,53.0,35.0,33.0,61215.0,4.57,20.0,3060.8,0.228,PCS,0.5,0.4
775,14204010001,1,15,85,31.0,23.0,21.0,14973.0,1.62,30.0,499.1,0.054,PCS,0.5,0.4
776,14204041001,1,21,99,37.0,29.0,17.0,18241.0,2.13,10.0,1824.1,0.213,PCS,0.5,0.4
777,14204061001,1,21,62,51.0,26.0,26.0,34476.0,1.51,12.0,2873.0,0.126,PCS,0.5,0.4
778,14204062001,1,18,20,54.0,27.0,25.0,36450.0,1.59,12.0,3037.5,0.132,PCS,0.5,0.4
779,14204071001,1,21,41,49.0,40.0,22.0,43120.0,1.84,24.0,1796.7,0.077,PCS,0.5,0.4
780,14204083001,1,18,22,39.0,28.0,20.0,21840.0,1.87,20.0,1092.0,0.094,PCS,0.5,0.4
781,14204118001,1,12,5,39.0,27.0,21.0,22113.0,2.08,20.0,1105.7,0.104,PCS,0.5,0.4
782,14204132001,1,18,22,48.0,32.0,15.0,23040.0,2.41,20.0,1152.0,0.121,PCS,0.5,0.4
783,14210108001,1,12,10,34.0,26.0,18.0,15912.0,2.4,20.0,795.6,0.12,PCS,0.5,0.4
784,14220132001,1,10,9,21.0,16.0,13.0,4368.0,1.79,15.0,291.2,0.119,PCS,0.5,0.4
785,14222046001,1,20,26,48.0,28.0,18.0,24192.0,3.69,10.0,2419.2,0.369,PCS,0.5,0.4
786,14222095001,1,18,18,37.0,20.0,17.0,12580.0,2.91,10.0,1258.0,0.291,PCS,0.5,0.4
787,14222107001,1,10,6,47.0,36.0,25.0,42300.0,4.8,12.0,3525.0,0.4,PCS,0.5,0.4
788,14222114001,1,21,31,37.0,20.0,17.0,12580.0,2.9,10.0,1258.0,0.29,PCS,0.5,0.4
789,14222142001,1,21,43,42.0,28.0,22.0,25872.0,8.53,10.0,2587.2,0.853,PCS,0.5,0.4
790,14223018001,1,18,14,39.0,34.0,24.0,31824.0,4.96,24.0,1326.0,0.207,PCS,0.5,0.4
791,14223176001,1,14,11,30.0,23.0,16.0,11040.0,3.12,12.0,920.0,0.26,PCS,0.5,0.4
792,14226007001,1,16,13,41.0,41.0,23.0,38663.0,5.95,30.0,1288.8,0.198,PCS,0.5,0.4
793,14242011001,1,20,40,40.0,26.0,27.0,28080.0,7.37,15.0,1872.0,0.491,PCS,0.5,0.4
794,14242012001,1,20,34,40.0,30.0,19.0,22800.0,3.258,10.0,2280.0,0.326,PCS,0.5,0.4
795,14242083001,1,13,5,35.0,30.0,18.0,18900.0,1.91,10.0,1890.0,0.191,PCS,0.5,0.4
796,14242131001,1,19,18,32.0,25.0,15.0,12000.0,1.92,10.0,1200.0,0.192,PCS,0.5,0.4
797,14242133001,1,17,16,55.0,41.0,26.0,58630.0,6.004,8.0,7328.8,0.75,PCS,0.5,0.4
798,14243007001,1,10,5,54.0,37.0,18.0,35964.0,11.06,24.0,1498.5,0.461,PCS,0.5,0.4
799,14243043001,1,16,13,46.0,37.0,19.0,32338.0,2.82,12.0,2694.8,0.235,PCS,0.5,0.4
800,14243044001,1,18,19,33.0,24.0,13.0,10296.0,2.55,12.0,858.0,0.212,PCS,0.5,0.4
801,14243058001,1,20,26,34.0,24.0,13.0,10608.0,2.24,12.0,884.0,0.187,PCS,0.5,0.4
802,14243061001,1,19,10,33.0,24.0,13.0,10296.0,2.06,12.0,858.0,0.172,PCS,0.5,0.4
803,14244017001,1,20,51,44.0,31.0,33.0,45012.0,4.35,10.0,4501.2,0.435,PCS,0.5,0.4
804,14244020001,1,19,266,31.0,25.0,36.0,27900.0,2.8,60.0,465.0,0.047,PCS,0.5,0.4
805,14244021001,1,20,74,41.0,35.0,33.0,47355.0,3.23,12.0,3946.3,0.269,PCS,0.5,0.4
806,14244058001,1,19,22,46.0,37.0,19.0,32338.0,2.82,12.0,2694.8,0.235,PCS,0.5,0.4
807,14244929001,1,12,10,38.0,28.0,16.0,17024.0,5.8,12.0,1418.7,0.483,PCS,0.5,0.4
808,14301013001,1,14,10,43.0,43.0,34.0,62866.0,8.0,16.0,3929.1,0.5,PCS,0.5,0.4
809,14302005001,1,13,9,43.0,43.0,34.0,62866.0,7.41,16.0,3929.1,0.463,PCS,0.5,0.4
810,14303039001,1,6,1,41.0,28.0,25.0,28700.0,4.4,12.0,2391.7,0.367,PCS,0.5,0.4
811,14303933001,1,19,10,41.0,30.0,26.0,31980.0,5.18,12.0,2665.0,0.432,PCS,0.5,0.4
812,14304187001,1,11,3,32.0,28.0,20.0,17920.0,3.0,12.0,1493.3,0.25,PCS,0.5,0.4
813,14311043001,1,16,22,27.0,18.0,12.0,5832.0,1.25,1.0,5832.0,1.25,PCS,0.5,0.4
814,14311112001,1,16,45,27.0,19.0,13.0,6669.0,1.3,1.0,6669.0,1.3,PCS,0.5,0.4
815,14311113001,1,9,6,55.0,35.0,23.0,44275.0,8.48,20.0,2213.8,0.424,PCS,0.5,0.4
816,14311231001,1,17,11,48.0,23.0,31.0,34224.0,8.36,18.0,1901.3,0.464,PCS,0.5,0.4
817,14312999001,1,18,17,47.0,32.0,15.0,22560.0,10.31,24.0,940.0,0.43,PCS,0.5,0.4
818,14315003001,1,16,10,35.0,23.0,28.0,22540.0,2.25,12.0,1878.3,0.188,PCS,0.5,0.4
819,14330004001,1,10,4,56.0,39.0,23.0,50232.0,17.04,6.0,8372.0,2.84,PCS,0.5,0.4
820,14330010001,1,21,34,55.0,37.0,23.0,46805.0,16.22,6.0,7800.8,2.703,PCS,0.5,0.4
821,14330899001,1,7,2,60.0,41.0,23.0,56580.0,17.41,6.0,9430.0,2.902,PCS,0.5,0.4
822,14331022001,1,17,6,49.0,32.0,24.0,37632.0,11.8,6.0,6272.0,1.967,PCS,0.5,0.4
823,14340006001,1,18,9,24.0,31.0,14.0,10416.0,8.18,12.0,868.0,0.682,PCS,0.5,0.4
824,14342010001,1,7,2,34.0,24.0,24.0,19584.0,9.34,12.0,1632.0,0.778,PCS,0.5,0.4
825,14350005001,1,21,24,57.0,40.0,31.0,70680.0,8.69,16.0,4417.5,0.543,PCS,0.5,0.4
826,14350009001,1,16,10,58.0,40.0,30.0,69600.0,9.07,18.0,3866.7,0.504,PCS,0.5,0.4
827,14351034001,1,13,10,59.0,21.0,30.0,37170.0,4.3,9.0,4130.0,0.478,PCS,0.5,0.4
828,14353013001,1,10,6,32.0,29.0,32.0,29696.0,4.08,12.0,2474.7,0.34,PCS,0.5,0.4
829,14361099001,1,21,68,47.0,34.0,26.0,41548.0,4.86,12.0,3462.3,0.405,PCS,0.5,0.4
830,14361100001,1,21,44,47.0,34.0,26.0,41548.0,4.86,12.0,3462.3,0.405,PCS,0.5,0.4
831,14361101001,1,21,82,48.0,34.0,27.0,44064.0,4.42,12.0,3672.0,0.368,PCS,0.5,0.4
832,14361106001,1,21,88,47.0,34.0,26.0,41548.0,5.19,12.0,3462.3,0.433,PCS,0.5,0.4
833,14361114001,1,12,15,43.0,29.0,31.0,38657.0,10.99,12.0,3221.4,0.916,PCS,0.5,0.4
834,14361128001,1,16,11,44.0,29.0,25.0,31900.0,6.49,12.0,2658.3,0.541,PCS,0.5,0.4
835,14361137001,1,12,4,46.0,33.0,22.0,33396.0,3.798,12.0,2783.0,0.316,PCS,0.5,0.4
836,14361162001,1,15,12,43.0,30.0,26.0,33540.0,4.28,12.0,2795.0,0.357,PCS,0.5,0.4
837,14361899001,1,10,3,48.0,33.0,22.0,34848.0,4.806,12.0,2904.0,0.4,PCS,0.5,0.4
838,14361907001,1,17,8,48.0,34.0,31.0,50592.0,3.9,15.0,3372.8,0.26,PCS,0.5,0.4
839,14362041001,1,21,30,41.0,38.0,24.0,37392.0,8.49,20.0,1869.6,0.424,PCS,0.5,0.4
840,14370002001,1,20,28,44.0,35.0,19.0,29260.0,20.97,20.0,1463.0,1.048,PCS,0.5,0.4
841,14370054001,1,13,13,44.0,33.0,14.0,20328.0,10.23,12.0,1694.0,0.852,PCS,0.5,0.4
842,14500006001,1,21,123,41.0,32.0,15.0,19680.0,3.56,24.0,820.0,0.148,PCS,0.5,0.4
843,14500024001,1,18,215,49.0,35.0,15.0,25725.0,3.24,12.0,2143.8,0.27,PCS,0.5,0.4
844,14500028001,1,11,4,51.0,40.0,31.0,63240.0,6.05,12.0,5270.0,0.504,PCS,0.5,0.4
845,14500030001,1,17,6,51.0,40.0,31.0,63240.0,6.05,12.0,5270.0,0.504,PCS,0.5,0.4
846,14500032001,1,20,83,38.0,33.0,14.0,17556.0,3.18,30.0,585.2,0.106,PCS,0.5,0.4
847,14500067001,1,15,373,40.0,32.0,16.0,20480.0,3.72,24.0,853.3,0.155,PCS,0.5,0.4
848,14501007001,1,13,19,32.0,30.0,14.0,13440.0,2.5,24.0,560.0,0.104,PCS,0.5,0.4
849,14501037001,1,20,59,34.0,30.0,13.0,13260.0,2.84,12.0,1105.0,0.237,PCS,0.5,0.4
850,14501053001,1,20,203,36.0,34.0,15.0,18360.0,2.33,8.0,2295.0,0.291,PCS,0.5,0.4
851,14501938001,1,11,22,35.0,31.0,14.0,15190.0,3.25,12.0,1265.8,0.271,PCS,0.5,0.4
852,14502002001,1,20,132,37.0,32.0,14.0,16576.0,3.12,30.0,552.5,0.104,PCS,0.5,0.4
853,14502016001,1,12,77,39.0,33.0,14.0,18018.0,3.63,30.0,600.6,0.121,PCS,0.5,0.4
854,14502020001,1,13,142,36.0,30.0,13.0,14040.0,2.78,30.0,468.0,0.093,PCS,0.5,0.4
855,14502047001,1,18,130,38.0,33.0,14.0,17556.0,3.09,30.0,585.2,0.103,PCS,0.5,0.4
856,14502054001,1,19,108,36.0,33.0,15.0,17820.0,2.39,8.0,2227.5,0.299,PCS,0.5,0.4
857,14503002001,1,21,123,38.0,32.0,14.0,17024.0,3.13,30.0,567.5,0.104,PCS,0.5,0.4
858,14503034001,1,20,97,39.0,33.0,29.0,37323.0,5.57,40.0,933.1,0.139,PCS,0.5,0.4
859,14503999001,1,10,4,40.0,27.0,23.0,24840.0,2.17,12.0,2070.0,0.181,PCS,0.5,0.4
860,14504001001,1,20,248,40.0,31.0,13.0,16120.0,3.1,30.0,537.3,0.103,PCS,0.5,0.4
861,14504002001,1,20,227,41.0,31.0,13.0,16523.0,4.05,30.0,550.8,0.135,PCS,0.5,0.4
862,14504008001,1,20,189,39.0,32.0,15.0,18720.0,3.31,30.0,624.0,0.11,PCS,0.5,0.4
863,14504028001,1,19,169,39.0,33.0,15.0,19305.0,3.32,30.0,643.5,0.111,PCS,0.5,0.4
864,14504042001,1,9,3,54.0,38.0,25.0,51300.0,5.21,12.0,4275.0,0.434,PCS,0.5,0.4
865,14504055001,1,21,374,41.0,33.0,15.0,20295.0,3.13,30.0,676.5,0.104,PCS,0.5,0.4
866,14505021001,1,21,282,40.0,33.0,14.0,18480.0,3.79,30.0,616.0,0.126,PCS,0.5,0.4
867,14506002001,1,20,25,41.0,32.0,28.0,36736.0,5.66,8.0,4592.0,0.708,PCS,0.5,0.4
868,14506056001,1,21,41,35.0,24.0,18.0,15120.0,9.4,4.0,3780.0,2.35,PCS,0.5,0.4
869,14506066001,1,20,17,27.0,24.0,10.0,6480.0,4.0,12.0,540.0,0.333,PCS,0.5,0.4
870,14506070001,1,21,16,52.0,39.0,25.0,50700.0,7.28,12.0,4225.0,0.607,PCS,0.5,0.4
871,14506084001,1,18,20,37.0,23.0,12.0,10212.0,6.66,6.0,1702.0,1.11,PCS,0.5,0.4
872,14506090001,1,21,30,53.0,39.0,25.0,51675.0,6.4,12.0,4306.3,0.533,PCS,0.5,0.4
873,14506139001,1,17,12,48.0,30.0,43.0,61920.0,15.93,12.0,5160.0,1.328,PCS,0.5,0.4
874,14506140001,1,10,14,40.0,32.0,27.0,34560.0,5.54,32.0,1080.0,0.173,PCS,0.5,0.4
875,14506150001,1,14,7,51.0,40.0,32.0,65280.0,16.35,12.0,5440.0,1.362,PCS,0.5,0.4
876,14506898001,1,21,90,43.0,35.0,34.0,51170.0,9.21,80.0,639.6,0.115,PCS,0.5,0.4
877,14508017001,1,15,16,33.0,32.0,24.0,25344.0,2.9,12.0,2112.0,0.242,PCS,0.5,0.4
878,14508903001,1,8,2,55.0,35.0,39.0,75075.0,10.2,18.0,4170.8,0.567,PCS,0.5,0.4
879,14509008001,1,21,45,43.0,31.0,27.0,35991.0,6.2,12.0,2999.3,0.517,PCS,0.5,0.4
880,14510004001,1,21,97,35.0,24.0,5.0,4288.0,3.0,1.0,4287.5,3.0,PCS,0.5,0.4
881,14510007001,1,18,56,35.0,24.0,5.0,4288.0,1.5,1.0,4287.5,1.5,PCS,0.5,0.4
882,14510033001,1,21,53,35.0,24.0,5.0,4288.0,3.0,1.0,4287.5,3.0,PCS,0.5,0.4
883,14510041001,1,20,86,35.0,24.0,5.0,4288.0,2.0,1.0,4287.5,2.0,PCS,0.5,0.4
884,14510069001,1,21,35,35.0,24.0,5.0,4288.0,2.5,1.0,4287.5,2.5,PCS,0.5,0.4
885,14510100001,1,19,32,35.0,24.0,5.0,4288.0,1.5,1.0,4287.5,1.5,PCS,0.5,0.4
886,14510103001,1,19,26,35.0,24.0,5.0,4288.0,6.0,1.0,4287.5,6.0,PCS,0.5,0.4
887,14510107001,1,21,145,35.0,24.0,5.0,4288.0,2.5,1.0,4287.5,2.5,PCS,0.5,0.4
888,14510109001,1,20,42,35.0,24.0,5.0,4288.0,2.8,1.0,4287.5,2.8,PCS,0.5,0.4
889,14510133001,1,20,22,35.0,24.0,5.0,4288.0,1.8,1.0,4287.5,1.8,PCS,0.5,0.4
890,14510139001,1,21,68,35.0,24.0,5.0,4288.0,9.0,1.0,4287.5,9.0,PCS,0.5,0.4
891,14510148001,1,18,11,35.0,24.0,5.0,4288.0,2.2,1.0,4287.5,2.2,PCS,0.5,0.4
892,14510258001,1,20,128,35.0,24.0,5.0,4288.0,3.0,1.0,4287.5,3.0,PCS,0.5,0.4
893,14511052001,1,21,43,35.0,24.0,5.0,4288.0,1.0,1.0,4287.5,1.0,PCS,0.5,0.4
894,14511056001,1,19,53,35.0,24.0,5.0,4288.0,2.5,1.0,4287.5,2.5,PCS,0.5,0.4
895,14520066001,1,13,10,35.0,29.0,34.0,34510.0,6.34,96.0,359.5,0.066,PCS,0.5,0.4
896,14520067001,1,19,29,35.0,29.0,34.0,34510.0,4.84,96.0,359.5,0.05,PCS,0.5,0.4
897,14520068001,1,21,82,35.0,29.0,34.0,34510.0,6.68,96.0,359.5,0.07,PCS,0.5,0.4
898,14522049001,1,19,26,36.0,29.0,34.0,35496.0,5.39,96.0,369.8,0.056,PCS,0.5,0.4
899,14522051001,1,20,24,35.0,29.0,34.0,34510.0,5.1,96.0,359.5,0.053,PCS,0.5,0.4
900,14523030001,1,9,3,30.0,27.0,20.0,16200.0,6.41,12.0,1350.0,0.534,PCS,0.5,0.4
901,14523031001,1,12,7,30.0,27.0,20.0,16200.0,6.396,12.0,1350.0,0.533,PCS,0.5,0.4
902,14600007001,1,11,9,37.0,19.0,24.0,16872.0,10.7,16.0,1054.5,0.669,PCS,0.5,0.4
903,14600011001,1,18,11,37.0,19.0,20.0,14060.0,8.59,24.0,585.8,0.358,PCS,0.5,0.4
904,14601026001,1,20,34,31.0,24.0,23.0,17112.0,6.5,12.0,1426.0,0.542,PCS,0.5,0.4
905,14601047001,1,16,9,42.0,25.0,20.0,21000.0,7.17,12.0,1750.0,0.598,PCS,0.5,0.4
906,14601051001,1,12,4,30.0,23.0,17.0,11730.0,4.326,24.0,488.8,0.18,PCS,0.5,0.4
907,14604041001,1,7,1,13.0,8.0,11.0,1144.0,0.65,6.0,190.7,0.108,PCS,0.5,0.4
908,14610004001,1,17,35,30.0,23.0,26.0,17940.0,7.5,12.0,1495.0,0.625,PCS,0.5,0.4
909,14612075001,1,12,22,34.0,23.0,28.0,21896.0,11.7,6.0,3649.3,1.95,PCS,0.5,0.4
910,14613024001,1,17,10,34.0,23.0,28.0,21896.0,11.99,6.0,3649.3,1.998,PCS,0.5,0.4
911,14613900001,1,17,29,29.0,27.0,25.0,19575.0,9.7,24.0,815.6,0.404,PCS,0.5,0.4
912,14615017001,1,21,175,36.0,24.0,29.0,25056.0,12.34,6.0,4176.0,2.057,PCS,0.5,0.4
913,14615082001,1,18,22,32.0,25.0,33.0,26400.0,18.9,12.0,2200.0,1.575,PCS,0.5,0.4
914,14615084001,1,21,50,38.0,26.0,30.0,29640.0,14.22,6.0,4940.0,2.37,PCS,0.5,0.4
915,14615108001,1,16,14,25.0,19.0,26.0,12350.0,6.81,12.0,1029.2,0.568,PCS,0.5,0.4
916,14616006001,1,21,83,31.0,24.0,26.0,19344.0,11.64,12.0,1612.0,0.97,PCS,0.5,0.4
917,14616019001,1,15,8,33.0,33.0,32.0,34848.0,20.78,6.0,5808.0,3.463,PCS,0.5,0.4
918,14616022001,1,12,4,37.0,30.0,32.0,35520.0,21.0,6.0,5920.0,3.5,PCS,0.5,0.4
919,14616054001,1,18,14,33.0,25.0,26.0,21450.0,12.28,12.0,1787.5,1.023,PCS,0.5,0.4
920,14620021001,1,21,17,32.0,25.0,26.0,20800.0,11.13,12.0,1733.3,0.928,PCS,0.5,0.4
921,14620051001,1,14,7,49.0,33.0,25.0,40425.0,22.7,24.0,1684.4,0.946,PCS,0.5,0.4
922,14620062001,1,20,46,37.0,28.0,27.0,27972.0,15.55,12.0,2331.0,1.296,PCS,0.5,0.4
923,14620114001,1,18,14,33.0,25.0,28.0,23100.0,14.98,12.0,1925.0,1.248,PCS,0.5,0.4
924,14620903001,1,15,7,31.0,24.0,29.0,21576.0,14.15,12.0,1798.0,1.179,PCS,0.5,0.4
925,14620907001,1,21,92,33.0,23.0,28.0,21252.0,12.22,6.0,3542.0,2.037,PCS,0.5,0.4
926,14620920001,1,7,3,33.0,25.0,19.0,15675.0,10.75,12.0,1306.3,0.896,PCS,0.5,0.4
927,14621013001,1,10,33,36.0,28.0,27.0,27216.0,16.0,12.0,2268.0,1.333,PCS,0.5,0.4
928,14621028001,1,8,25,47.0,25.0,16.0,18800.0,27.3,72.0,261.1,0.379,PCS,0.5,0.4
929,14621041001,1,21,100,37.0,29.0,27.0,28971.0,15.99,12.0,2414.3,1.332,PCS,0.5,0.4
930,14630016001,1,19,33,30.0,18.0,22.0,11880.0,6.95,12.0,990.0,0.579,PCS,0.5,0.4
931,14631023001,1,8,2,30.0,22.0,12.0,7920.0,7.144,12.0,660.0,0.595,PCS,0.5,0.4
932,14632030001,1,9,10,26.0,19.0,17.0,8398.0,4.91,12.0,699.8,0.409,PCS,0.5,0.4
933,14634027001,1,10,6,29.0,23.0,13.0,8671.0,5.63,12.0,722.6,0.469,PCS,0.5,0.4
934,14700026001,1,19,17,36.0,31.0,13.0,14508.0,5.2,12.0,1209.0,0.433,PCS,0.5,0.4
935,14700029001,1,10,6,38.0,31.0,16.0,18848.0,5.18,12.0,1570.7,0.432,PCS,0.5,0.4
936,14741003001,1,8,4,37.0,28.0,26.0,26936.0,12.548,12.0,2244.7,1.046,PCS,0.5,0.4
937,14804016001,1,16,72,41.0,27.0,12.0,13284.0,9.8,24.0,553.5,0.408,PCS,0.5,0.4
938,14805004001,1,21,307,41.0,28.0,10.0,11480.0,8.06,24.0,478.3,0.336,PCS,0.5,0.4
939,14805005001,1,21,146,41.0,28.0,13.0,14924.0,9.93,24.0,621.8,0.414,PCS,0.5,0.4
940,14811006001,1,16,37,32.0,24.0,23.0,17664.0,12.21,24.0,736.0,0.509,PCS,0.5,0.4
941,14811007001,1,19,29,31.0,23.0,23.0,16399.0,11.74,8.0,2049.9,1.468,PCS,0.5,0.4
942,14830002001,1,20,134,31.0,24.0,9.0,6696.0,3.62,24.0,279.0,0.151,PCS,0.5,0.4
943,14830007001,1,17,35,35.0,26.0,10.0,9100.0,5.87,24.0,379.2,0.245,PCS,0.5,0.4
944,14830011001,1,21,53,36.0,27.0,10.0,9720.0,5.79,24.0,405.0,0.241,PCS,0.5,0.4
945,14830045001,1,19,50,35.0,26.0,10.0,9100.0,5.39,24.0,379.2,0.225,PCS,0.5,0.4
946,14830048001,1,13,15,31.0,24.0,10.0,7440.0,3.78,24.0,310.0,0.158,PCS,0.5,0.4
947,14830069001,1,21,220,31.0,24.0,9.0,6696.0,3.68,24.0,279.0,0.153,PCS,0.5,0.4
948,14831011001,1,20,130,32.0,23.0,17.0,12512.0,7.71,48.0,260.7,0.161,PCS,0.5,0.4
949,14831022001,1,21,121,33.0,23.0,10.0,7590.0,3.734,24.0,316.3,0.156,PCS,0.5,0.4
950,14832012001,1,18,101,35.0,28.0,22.0,21560.0,14.96,48.0,449.2,0.312,PCS,0.5,0.4
951,14833003001,1,20,56,31.0,24.0,9.0,6696.0,3.6,24.0,279.0,0.15,PCS,0.5,0.4
952,14833024001,1,21,243,31.0,24.0,11.0,8184.0,5.08,24.0,341.0,0.212,PCS,0.5,0.4
953,14833072001,1,17,16,37.0,20.0,17.0,12580.0,2.448,8.0,1572.5,0.306,PCS,0.5,0.4
954,14851063001,1,19,32,40.0,32.0,24.0,30720.0,9.81,6.0,5120.0,1.635,PCS,0.5,0.4
955,14851072001,1,17,25,40.0,32.0,24.0,30720.0,9.78,6.0,5120.0,1.63,PCS,0.5,0.4
956,15020046001,1,20,804,32.0,17.0,12.0,6528.0,5.23,24.0,272.0,0.218,PCS,0.5,0.4
957,15021003001,1,20,334,32.0,18.0,12.0,6912.0,5.33,24.0,288.0,0.222,PCS,0.5,0.4
958,15021005001,1,19,80,36.0,24.0,13.0,11232.0,6.31,24.0,468.0,0.263,PCS,0.5,0.4
959,15021060001,1,18,118,35.0,20.0,9.0,6300.0,5.3,24.0,262.5,0.221,PCS,0.5,0.4
960,15022009001,1,19,86,36.0,24.0,13.0,11232.0,6.4,24.0,468.0,0.267,PCS,0.5,0.4
961,15022015001,1,18,103,36.0,24.0,13.0,11232.0,6.29,24.0,468.0,0.262,PCS,0.5,0.4
962,15022017001,1,20,353,33.0,16.0,13.0,6864.0,5.3,24.0,286.0,0.221,PCS,0.5,0.4
963,15023012001,1,21,704,34.0,20.0,11.0,7480.0,6.75,24.0,311.7,0.281,PCS,0.5,0.4
964,15023017001,1,18,392,35.0,20.0,11.0,7700.0,6.57,24.0,320.8,0.274,PCS,0.5,0.4
965,30010002001,1,16,14,30.0,26.0,5.0,3900.0,3.0,30.0,130.0,0.1,PCS,0.5,0.4
966,31455002001,1,7,2,27.0,19.0,26.0,13338.0,2.8,24.0,555.8,0.117,PCS,0.5,0.4
967,31473013001,1,18,29,48.0,39.0,30.0,56160.0,9.13,24.0,2340.0,0.38,PCS,0.5,0.4
968,31500006001,1,20,48,49.0,33.0,18.0,29106.0,10.85,24.0,1212.8,0.452,PCS,0.5,0.4
969,31502006001,1,19,35,42.0,33.0,25.0,34650.0,10.9,24.0,1443.8,0.454,PCS,0.5,0.4
970,31502034001,1,12,7,47.0,20.0,35.0,32900.0,15.21,30.0,1096.7,0.507,PCS,0.5,0.4
971,31533005001,1,20,26,31.0,25.0,20.0,15500.0,12.38,12.0,1291.7,1.032,PCS,0.5,0.4
972,31533008001,1,21,46,31.0,25.0,20.0,15500.0,7.87,15.0,1033.3,0.525,PCS,0.5,0.4
973,31567052001,1,19,10,36.0,18.0,26.0,16848.0,6.07,12.0,1404.0,0.506,PCS,0.5,0.4
974,41522003001,1,13,11,47.0,25.0,46.0,54050.0,4.4,1.0,54050.0,4.4,PCS,0.5,0.4
