item_code,total_volume,mean_volume_all_skus,upper_bound_iqr,volume_minus_upper_bound
10021025001,67734,320.98374092985756,157.5,67576.5
10000011001,58080,320.98374092985756,157.5,57922.5
10021008001,28440,320.98374092985756,157.5,28282.5
15020047001,24450,320.98374092985756,157.5,24292.5
10035035001,22806,320.98374092985756,157.5,22648.5
10001009001,19968,320.98374092985756,157.5,19810.5
10032006001,19758,320.98374092985756,157.5,19600.5
10010002001,19692,320.98374092985756,157.5,19534.5
10031005001,18456,320.98374092985756,157.5,18298.5
14805012001,17916,320.98374092985756,157.5,17758.5
10034042001,17838,320.98374092985756,157.5,17680.5
10032016001,17802,320.98374092985756,157.5,17644.5
10031001001,17628,320.98374092985756,157.5,17470.5
14804007001,17208,320.98374092985756,157.5,17050.5
12201031001,17064,320.98374092985756,157.5,16906.5
10033037001,16560,320.98374092985756,157.5,16402.5
10001012001,16152,320.98374092985756,157.5,15994.5
10021006001,15940,320.98374092985756,157.5,15782.5
14502009001,15455,320.98374092985756,157.5,15297.5
10040063001,15408,320.98374092985756,157.5,15250.5
10002008001,15288,320.98374092985756,157.5,15130.5
10002021001,15144,320.98374092985756,157.5,14986.5
10034019001,14334,320.98374092985756,157.5,14176.5
10021001001,13992,320.98374092985756,157.5,13834.5
10033025001,13962,320.98374092985756,157.5,13804.5
14500000001,13820,320.98374092985756,157.5,13662.5
10033004001,13770,320.98374092985756,157.5,13612.5
10032047001,13656,320.98374092985756,157.5,13498.5
10031013001,13608,320.98374092985756,157.5,13450.5
10002018001,13302,320.98374092985756,157.5,13144.5
14503003001,13056,320.98374092985756,157.5,12898.5
10033018001,12764,320.98374092985756,157.5,12606.5
10032013001,12210,320.98374092985756,157.5,12052.5
12201079001,11988,320.98374092985756,157.5,11830.5
10010004001,11694,320.98374092985756,157.5,11536.5
10000005001,11670,320.98374092985756,157.5,11512.5
10032010001,11448,320.98374092985756,157.5,11290.5
12201898001,11054,320.98374092985756,157.5,10896.5
10010035001,10938,320.98374092985756,157.5,10780.5
10035034001,10914,320.98374092985756,157.5,10756.5
12201103001,10632,320.98374092985756,157.5,10474.5
12200002001,10608,320.98374092985756,157.5,10450.5
10034025001,10488,320.98374092985756,157.5,10330.5
10002102001,10434,320.98374092985756,157.5,10276.5
10041067001,10312,320.98374092985756,157.5,10154.5
12200006001,10290,320.98374092985756,157.5,10132.5
10020007001,10218,320.98374092985756,157.5,10060.5
14505013001,10215,320.98374092985756,157.5,10057.5
10031910001,10200,320.98374092985756,157.5,10042.5
10001006001,10062,320.98374092985756,157.5,9904.5
10000002001,9976,320.98374092985756,157.5,9818.5
10033043001,9860,320.98374092985756,157.5,9702.5
10002001001,9744,320.98374092985756,157.5,9586.5
15022026001,9702,320.98374092985756,157.5,9544.5
15020050001,9678,320.98374092985756,157.5,9520.5
14505041001,9495,320.98374092985756,157.5,9337.5
12201043001,9408,320.98374092985756,157.5,9250.5
10035021001,9296,320.98374092985756,157.5,9138.5
10014090001,9186,320.98374092985756,157.5,9028.5
10002019001,9096,320.98374092985756,157.5,8938.5
10001025001,9096,320.98374092985756,157.5,8938.5
10040005001,8760,320.98374092985756,157.5,8602.5
10032008001,8712,320.98374092985756,157.5,8554.5
12201104001,8640,320.98374092985756,157.5,8482.5
10034003001,8508,320.98374092985756,157.5,8350.5
12201001001,8496,320.98374092985756,157.5,8338.5
15020010001,8142,320.98374092985756,157.5,7984.5
10033064001,8016,320.98374092985756,157.5,7858.5
10021027001,8016,320.98374092985756,157.5,7858.5
14502081001,8001,320.98374092985756,157.5,7843.5
10030013001,7986,320.98374092985756,157.5,7828.5
12200001001,7914,320.98374092985756,157.5,7756.5
10002010001,7824,320.98374092985756,157.5,7666.5
10040062001,7800,320.98374092985756,157.5,7642.5
10033068001,7680,320.98374092985756,157.5,7522.5
15021001001,7524,320.98374092985756,157.5,7366.5
10000026001,7232,320.98374092985756,157.5,7074.5
10015007001,7224,320.98374092985756,157.5,7066.5
15022004001,6942,320.98374092985756,157.5,6784.5
14500013001,6906,320.98374092985756,157.5,6748.5
14831007001,6861,320.98374092985756,157.5,6703.5
10034036001,6762,320.98374092985756,157.5,6604.5
10030048001,6696,320.98374092985756,157.5,6538.5
10030007001,6520,320.98374092985756,157.5,6362.5
10033041001,6474,320.98374092985756,157.5,6316.5
14505899001,6455,320.98374092985756,157.5,6297.5
10032019001,6444,320.98374092985756,157.5,6286.5
14011052001,6432,320.98374092985756,157.5,6274.5
10021016001,6296,320.98374092985756,157.5,6138.5
12201035001,6270,320.98374092985756,157.5,6112.5
14502011001,6258,320.98374092985756,157.5,6100.5
10033057001,6152,320.98374092985756,157.5,5994.5
10014028001,5892,320.98374092985756,157.5,5734.5
10031031001,5819,320.98374092985756,157.5,5661.5
10033013001,5812,320.98374092985756,157.5,5654.5
10015010001,5766,320.98374092985756,157.5,5608.5
10034999001,5724,320.98374092985756,157.5,5566.5
10000007001,5712,320.98374092985756,157.5,5554.5
12201069001,5664,320.98374092985756,157.5,5506.5
12201024001,5660,320.98374092985756,157.5,5502.5
14840003001,5590,320.98374092985756,157.5,5432.5
12201123001,5510,320.98374092985756,157.5,5352.5
10021012001,5484,320.98374092985756,157.5,5326.5
12201049001,5424,320.98374092985756,157.5,5266.5
10020018001,5190,320.98374092985756,157.5,5032.5
10040003001,5136,320.98374092985756,157.5,4978.5
12201083001,5124,320.98374092985756,157.5,4966.5
10033015001,5124,320.98374092985756,157.5,4966.5
10034004001,5100,320.98374092985756,157.5,4942.5
10002005001,5094,320.98374092985756,157.5,4936.5
14501010001,5052,320.98374092985756,157.5,4894.5
12201037001,5040,320.98374092985756,157.5,4882.5
10040032001,5034,320.98374092985756,157.5,4876.5
10034011001,5022,320.98374092985756,157.5,4864.5
14501014001,5010,320.98374092985756,157.5,4852.5
10014023001,4980,320.98374092985756,157.5,4822.5
10011001001,4866,320.98374092985756,157.5,4708.5
10033005001,4848,320.98374092985756,157.5,4690.5
10031911001,4770,320.98374092985756,157.5,4612.5
14503000001,4740,320.98374092985756,157.5,4582.5
14502077001,4698,320.98374092985756,157.5,4540.5
10031033001,4584,320.98374092985756,157.5,4426.5
12201065001,4560,320.98374092985756,157.5,4402.5
10011016001,4482,320.98374092985756,157.5,4324.5
15020920001,4464,320.98374092985756,157.5,4306.5
14505014001,4431,320.98374092985756,157.5,4273.5
14505917001,4400,320.98374092985756,157.5,4242.5
14014006001,4383,320.98374092985756,157.5,4225.5
10034014001,4326,320.98374092985756,157.5,4168.5
14501063001,4326,320.98374092985756,157.5,4168.5
10031017001,4320,320.98374092985756,157.5,4162.5
12201042001,4272,320.98374092985756,157.5,4114.5
14505016001,4242,320.98374092985756,157.5,4084.5
10035015001,4236,320.98374092985756,157.5,4078.5
15020046001,4223,320.98374092985756,157.5,4065.5
10013005001,4212,320.98374092985756,157.5,4054.5
10002009001,4188,320.98374092985756,157.5,4030.5
10031016001,4158,320.98374092985756,157.5,4000.5
10013003001,4158,320.98374092985756,157.5,4000.5
10033070001,4132,320.98374092985756,157.5,3974.5
12201005001,4056,320.98374092985756,157.5,3898.5
10033074001,4016,320.98374092985756,157.5,3858.5
10040023001,3968,320.98374092985756,157.5,3810.5
14502041001,3885,320.98374092985756,157.5,3727.5
10033050001,3868,320.98374092985756,157.5,3710.5
10021026001,3859,320.98374092985756,157.5,3701.5
14500010001,3855,320.98374092985756,157.5,3697.5
14500008001,3768,320.98374092985756,157.5,3610.5
14023056001,3763,320.98374092985756,157.5,3605.5
14805016001,3720,320.98374092985756,157.5,3562.5
15023012001,3697,320.98374092985756,157.5,3539.5
14832021001,3690,320.98374092985756,157.5,3532.5
15022005001,3654,320.98374092985756,157.5,3496.5
10034017001,3606,320.98374092985756,157.5,3448.5
14821003001,3567,320.98374092985756,157.5,3409.5
14840006001,3561,320.98374092985756,157.5,3403.5
14501013001,3549,320.98374092985756,157.5,3391.5
14501045001,3492,320.98374092985756,157.5,3334.5
14011053001,3492,320.98374092985756,157.5,3334.5
10014033001,3456,320.98374092985756,157.5,3298.5
10012011001,3456,320.98374092985756,157.5,3298.5
10002907001,3450,320.98374092985756,157.5,3292.5
10030003001,3380,320.98374092985756,157.5,3222.5
14502004001,3372,320.98374092985756,157.5,3214.5
14503019001,3354,320.98374092985756,157.5,3196.5
14502014001,3333,320.98374092985756,157.5,3175.5
10021035001,3305,320.98374092985756,157.5,3147.5
10033030001,3288,320.98374092985756,157.5,3130.5
14502078001,3276,320.98374092985756,157.5,3118.5
10032003001,3270,320.98374092985756,157.5,3112.5
14820008001,3270,320.98374092985756,157.5,3112.5
15023035001,3240,320.98374092985756,157.5,3082.5
10032064001,3234,320.98374092985756,157.5,3076.5
10021009001,3120,320.98374092985756,157.5,2962.5
10040041001,3072,320.98374092985756,157.5,2914.5
14505115001,3056,320.98374092985756,157.5,2898.5
14810006001,3045,320.98374092985756,157.5,2887.5
10020041001,3042,320.98374092985756,157.5,2884.5
14501004001,3015,320.98374092985756,157.5,2857.5
10032049001,3000,320.98374092985756,157.5,2842.5
14504006001,2992,320.98374092985756,157.5,2834.5
10033054001,2988,320.98374092985756,157.5,2830.5
14502012001,2985,320.98374092985756,157.5,2827.5
14014014001,2937,320.98374092985756,157.5,2779.5
10024007001,2928,320.98374092985756,157.5,2770.5
10040020001,2911,320.98374092985756,157.5,2753.5
10001004001,2886,320.98374092985756,157.5,2728.5
14501022001,2850,320.98374092985756,157.5,2692.5
10000003001,2832,320.98374092985756,157.5,2674.5
10002944001,2826,320.98374092985756,157.5,2668.5
10040048001,2769,320.98374092985756,157.5,2611.5
10002014001,2742,320.98374092985756,157.5,2584.5
10011003001,2718,320.98374092985756,157.5,2560.5
14505005001,2705,320.98374092985756,157.5,2547.5
15021035001,2682,320.98374092985756,157.5,2524.5
14820028001,2680,320.98374092985756,157.5,2522.5
10033066001,2680,320.98374092985756,157.5,2522.5
10002007001,2664,320.98374092985756,157.5,2506.5
10040058001,2658,320.98374092985756,157.5,2500.5
10002046001,2658,320.98374092985756,157.5,2500.5
10020011001,2640,320.98374092985756,157.5,2482.5
14810016001,2613,320.98374092985756,157.5,2455.5
10002017001,2599,320.98374092985756,157.5,2441.5
10002943001,2598,320.98374092985756,157.5,2440.5
14503013001,2592,320.98374092985756,157.5,2434.5
14010040001,2567,320.98374092985756,157.5,2409.5
10031025001,2548,320.98374092985756,157.5,2390.5
14832018001,2547,320.98374092985756,157.5,2389.5
10035028001,2520,320.98374092985756,157.5,2362.5
10040013001,2496,320.98374092985756,157.5,2338.5
10034027001,2490,320.98374092985756,157.5,2332.5
10032011001,2472,320.98374092985756,157.5,2314.5
10022007001,2454,320.98374092985756,157.5,2296.5
10016015001,2424,320.98374092985756,157.5,2266.5
10033011001,2412,320.98374092985756,157.5,2254.5
10033028001,2396,320.98374092985756,157.5,2238.5
14010142001,2387,320.98374092985756,157.5,2229.5
10021019001,2346,320.98374092985756,157.5,2188.5
15024004001,2328,320.98374092985756,157.5,2170.5
10040010001,2316,320.98374092985756,157.5,2158.5
10040066001,2300,320.98374092985756,157.5,2142.5
14804002001,2238,320.98374092985756,157.5,2080.5
10020027001,2232,320.98374092985756,157.5,2074.5
10014009001,2196,320.98374092985756,157.5,2038.5
10015011001,2184,320.98374092985756,157.5,2026.5
14830010001,2124,320.98374092985756,157.5,1966.5
14820012001,2115,320.98374092985756,157.5,1957.5
14502006001,2113,320.98374092985756,157.5,1955.5
10001014001,2112,320.98374092985756,157.5,1954.5
10000004001,2104,320.98374092985756,157.5,1946.5
10034050001,2100,320.98374092985756,157.5,1942.5
14501902001,2084,320.98374092985756,157.5,1926.5
10032046001,2070,320.98374092985756,157.5,1912.5
10014051001,2064,320.98374092985756,157.5,1906.5
15023020001,2064,320.98374092985756,157.5,1906.5
15023017001,2058,320.98374092985756,157.5,1900.5
10002003001,2056,320.98374092985756,157.5,1898.5
10031004001,2052,320.98374092985756,157.5,1894.5
14831020001,2040,320.98374092985756,157.5,1882.5
14014015001,2036,320.98374092985756,157.5,1878.5
10040027001,2010,320.98374092985756,157.5,1852.5
10022030001,2004,320.98374092985756,157.5,1846.5
10034039001,2004,320.98374092985756,157.5,1846.5
14502010001,1988,320.98374092985756,157.5,1830.5
10030014001,1980,320.98374092985756,157.5,1822.5
14504055001,1965,320.98374092985756,157.5,1807.5
14500067001,1960,320.98374092985756,157.5,1802.5
10040008001,1950,320.98374092985756,157.5,1792.5
10041085001,1936,320.98374092985756,157.5,1778.5
10033056001,1936,320.98374092985756,157.5,1778.5
10001005001,1926,320.98374092985756,157.5,1768.5
10014032001,1920,320.98374092985756,157.5,1762.5
14503005001,1916,320.98374092985756,157.5,1758.5
14011029001,1907,320.98374092985756,157.5,1749.5
10040022001,1880,320.98374092985756,157.5,1722.5
10012899001,1872,320.98374092985756,157.5,1714.5
10001020001,1860,320.98374092985756,157.5,1702.5
15022017001,1854,320.98374092985756,157.5,1696.5
14023028001,1852,320.98374092985756,157.5,1694.5
10002006001,1848,320.98374092985756,157.5,1690.5
14501021001,1836,320.98374092985756,157.5,1678.5
10034020001,1824,320.98374092985756,157.5,1666.5
14804004001,1824,320.98374092985756,157.5,1666.5
14020026001,1821,320.98374092985756,157.5,1663.5
10032055001,1818,320.98374092985756,157.5,1660.5
10035017001,1808,320.98374092985756,157.5,1650.5
14501047001,1790,320.98374092985756,157.5,1632.5
10013012001,1776,320.98374092985756,157.5,1618.5
14505138001,1767,320.98374092985756,157.5,1609.5
12220012001,1766,320.98374092985756,157.5,1608.5
10012004001,1766,320.98374092985756,157.5,1608.5
14504015001,1760,320.98374092985756,157.5,1602.5
10030011001,1760,320.98374092985756,157.5,1602.5
15021003001,1752,320.98374092985756,157.5,1594.5
10034024001,1746,320.98374092985756,157.5,1588.5
10030046001,1740,320.98374092985756,157.5,1582.5
10040009001,1728,320.98374092985756,157.5,1570.5
10000010001,1696,320.98374092985756,157.5,1538.5
10030008001,1680,320.98374092985756,157.5,1522.5
14501012001,1666,320.98374092985756,157.5,1508.5
10033010001,1666,320.98374092985756,157.5,1508.5
10040039001,1658,320.98374092985756,157.5,1500.5
12210024001,1635,320.98374092985756,157.5,1477.5
14502015001,1629,320.98374092985756,157.5,1471.5
14500003001,1625,320.98374092985756,157.5,1467.5
10021017001,1624,320.98374092985756,157.5,1466.5
10040081001,1620,320.98374092985756,157.5,1462.5
14500023001,1616,320.98374092985756,157.5,1458.5
14805004001,1614,320.98374092985756,157.5,1456.5
10033034001,1594,320.98374092985756,157.5,1436.5
14504027001,1585,320.98374092985756,157.5,1427.5
10011023001,1584,320.98374092985756,157.5,1426.5
14820013001,1551,320.98374092985756,157.5,1393.5
14023104001,1551,320.98374092985756,157.5,1393.5
15023005001,1548,320.98374092985756,157.5,1390.5
12200017001,1548,320.98374092985756,157.5,1390.5
12201030001,1540,320.98374092985756,157.5,1382.5
14112013001,1530,320.98374092985756,157.5,1372.5
10000012001,1520,320.98374092985756,157.5,1362.5
10002012001,1518,320.98374092985756,157.5,1360.5
14820014001,1509,320.98374092985756,157.5,1351.5
10014113001,1506,320.98374092985756,157.5,1348.5
12201101001,1500,320.98374092985756,157.5,1342.5
10041002001,1497,320.98374092985756,157.5,1339.5
10035012001,1496,320.98374092985756,157.5,1338.5
14510039001,1490,320.98374092985756,157.5,1332.5
10033014001,1480,320.98374092985756,157.5,1322.5
14505021001,1479,320.98374092985756,157.5,1321.5
14833010001,1479,320.98374092985756,157.5,1321.5
10031901001,1475,320.98374092985756,157.5,1317.5
14830009001,1473,320.98374092985756,157.5,1315.5
14804010001,1470,320.98374092985756,157.5,1312.5
12210018001,1470,320.98374092985756,157.5,1312.5
12201048001,1464,320.98374092985756,157.5,1306.5
10010026001,1464,320.98374092985756,157.5,1306.5
14500026001,1455,320.98374092985756,157.5,1297.5
15020001001,1446,320.98374092985756,157.5,1288.5
10014020001,1434,320.98374092985756,157.5,1276.5
14244020001,1395,320.98374092985756,157.5,1237.5
10000013001,1392,320.98374092985756,157.5,1234.5
14110009001,1382,320.98374092985756,157.5,1224.5
12201095001,1380,320.98374092985756,157.5,1222.5
10035006001,1380,320.98374092985756,157.5,1222.5
15023011001,1374,320.98374092985756,157.5,1216.5
14501016001,1374,320.98374092985756,157.5,1216.5
12201084001,1362,320.98374092985756,157.5,1204.5
10303002001,1359,320.98374092985756,157.5,1201.5
15020922001,1358,320.98374092985756,157.5,1200.5
10041040001,1356,320.98374092985756,157.5,1198.5
10020033001,1356,320.98374092985756,157.5,1198.5
12201013001,1350,320.98374092985756,157.5,1192.5
10033065001,1349,320.98374092985756,157.5,1191.5
14840017001,1338,320.98374092985756,157.5,1180.5
10033082001,1332,320.98374092985756,157.5,1174.5
14505020001,1325,320.98374092985756,157.5,1167.5
10033001001,1320,320.98374092985756,157.5,1162.5
10033019001,1317,320.98374092985756,157.5,1159.5
10040002001,1314,320.98374092985756,157.5,1156.5
10033016001,1313,320.98374092985756,157.5,1155.5
10000027001,1312,320.98374092985756,157.5,1154.5
10021007001,1301,320.98374092985756,157.5,1143.5
14504001001,1300,320.98374092985756,157.5,1142.5
14833024001,1278,320.98374092985756,157.5,1120.5
14810004001,1269,320.98374092985756,157.5,1111.5
14014005001,1264,320.98374092985756,157.5,1106.5
10031902001,1252,320.98374092985756,157.5,1094.5
14505031001,1248,320.98374092985756,157.5,1090.5
12201896001,1240,320.98374092985756,157.5,1082.5
10016014001,1236,320.98374092985756,157.5,1078.5
14203017001,1228,320.98374092985756,157.5,1070.5
14102249001,1227,320.98374092985756,157.5,1069.5
10012006001,1218,320.98374092985756,157.5,1060.5
14611010001,1218,320.98374092985756,157.5,1060.5
10032014001,1212,320.98374092985756,157.5,1054.5
14000057001,1203,320.98374092985756,157.5,1045.5
14121106001,1203,320.98374092985756,157.5,1045.5
14805899001,1200,320.98374092985756,157.5,1042.5
10021021001,1192,320.98374092985756,157.5,1034.5
10000021001,1191,320.98374092985756,157.5,1033.5
14504002001,1190,320.98374092985756,157.5,1032.5
14112007001,1171,320.98374092985756,157.5,1013.5
14804005001,1170,320.98374092985756,157.5,1012.5
10001022001,1160,320.98374092985756,157.5,1002.5
14500007001,1155,320.98374092985756,157.5,997.5
14830069001,1155,320.98374092985756,157.5,997.5
15023004001,1152,320.98374092985756,157.5,994.5
15023013001,1140,320.98374092985756,157.5,982.5
10021015001,1136,320.98374092985756,157.5,978.5
10024010001,1134,320.98374092985756,157.5,976.5
15022013001,1134,320.98374092985756,157.5,976.5
10040004001,1132,320.98374092985756,157.5,974.5
14501005001,1131,320.98374092985756,157.5,973.5
14500024001,1128,320.98374092985756,157.5,970.5
14011003001,1119,320.98374092985756,157.5,961.5
14000197001,1113,320.98374092985756,157.5,955.5
14521157001,1104,320.98374092985756,157.5,946.5
14505011001,1100,320.98374092985756,157.5,942.5
14010027001,1092,320.98374092985756,157.5,934.5
10020015001,1092,320.98374092985756,157.5,934.5
10001043001,1092,320.98374092985756,157.5,934.5
14021010001,1087,320.98374092985756,157.5,929.5
14810001001,1083,320.98374092985756,157.5,925.5
10040016001,1080,320.98374092985756,157.5,922.5
14501053001,1068,320.98374092985756,157.5,910.5
10024004001,1056,320.98374092985756,157.5,898.5
14102250001,1054,320.98374092985756,157.5,896.5
14502111001,1053,320.98374092985756,157.5,895.5
14502022001,1032,320.98374092985756,157.5,874.5
10032020001,1032,320.98374092985756,157.5,874.5
14615133001,1024,320.98374092985756,157.5,866.5
15023003001,1020,320.98374092985756,157.5,862.5
12221008001,1020,320.98374092985756,157.5,862.5
10040025001,1017,320.98374092985756,157.5,859.5
10031019001,1016,320.98374092985756,157.5,858.5
10041004001,1012,320.98374092985756,157.5,854.5
14501086001,1002,320.98374092985756,157.5,844.5
10030016001,996,320.98374092985756,157.5,838.5
14502026001,994,320.98374092985756,157.5,836.5
10040033001,992,320.98374092985756,157.5,834.5
10033053001,991,320.98374092985756,157.5,833.5
14504008001,990,320.98374092985756,157.5,832.5
10033075001,990,320.98374092985756,157.5,832.5
10033006001,989,320.98374092985756,157.5,831.5
14501011001,988,320.98374092985756,157.5,830.5
14801002001,987,320.98374092985756,157.5,829.5
14110015001,987,320.98374092985756,157.5,829.5
10031012001,984,320.98374092985756,157.5,826.5
10031007001,972,320.98374092985756,157.5,814.5
10024011001,968,320.98374092985756,157.5,810.5
10022008001,968,320.98374092985756,157.5,810.5
12201105001,953,320.98374092985756,157.5,795.5
14370020001,952,320.98374092985756,157.5,794.5
10035013001,952,320.98374092985756,157.5,794.5
11103136001,948,320.98374092985756,157.5,790.5
10030022001,948,320.98374092985756,157.5,790.5
10040111001,948,320.98374092985756,157.5,790.5
12201064001,940,320.98374092985756,157.5,782.5
15024011001,936,320.98374092985756,157.5,778.5
14501038001,933,320.98374092985756,157.5,775.5
14133023001,931,320.98374092985756,157.5,773.5
10040026001,930,320.98374092985756,157.5,772.5
12201067001,930,320.98374092985756,157.5,772.5
14131033001,929,320.98374092985756,157.5,771.5
14501031001,927,320.98374092985756,157.5,769.5
14831002001,927,320.98374092985756,157.5,769.5
14020053001,924,320.98374092985756,157.5,766.5
10032015001,924,320.98374092985756,157.5,766.5
14820017001,921,320.98374092985756,157.5,763.5
10002071001,920,320.98374092985756,157.5,762.5
14010011001,920,320.98374092985756,157.5,762.5
14615017001,918,320.98374092985756,157.5,760.5
10010027001,912,320.98374092985756,157.5,754.5
14505099001,912,320.98374092985756,157.5,754.5
14805017001,912,320.98374092985756,157.5,754.5
14011032001,908,320.98374092985756,157.5,750.5
10001001001,906,320.98374092985756,157.5,748.5
12201059001,888,320.98374092985756,157.5,730.5
10030019001,888,320.98374092985756,157.5,730.5
14822014001,885,320.98374092985756,157.5,727.5
14504028001,885,320.98374092985756,157.5,727.5
14370004001,884,320.98374092985756,157.5,726.5
14112014001,882,320.98374092985756,157.5,724.5
14502007001,876,320.98374092985756,157.5,718.5
14021017001,871,320.98374092985756,157.5,713.5
14023029001,866,320.98374092985756,157.5,708.5
14131047001,864,320.98374092985756,157.5,706.5
14500056001,864,320.98374092985756,157.5,706.5
10034016001,860,320.98374092985756,157.5,702.5
10000998001,850,320.98374092985756,157.5,692.5
15024014001,846,320.98374092985756,157.5,688.5
10002045001,845,320.98374092985756,157.5,687.5
14000039001,842,320.98374092985756,157.5,684.5
12201071001,840,320.98374092985756,157.5,682.5
14831021001,834,320.98374092985756,157.5,676.5
10002073001,828,320.98374092985756,157.5,670.5
14504009001,825,320.98374092985756,157.5,667.5
14000196001,816,320.98374092985756,157.5,658.5
12201020001,816,320.98374092985756,157.5,658.5
10020004001,810,320.98374092985756,157.5,652.5
14100003001,809,320.98374092985756,157.5,651.5
14121020001,803,320.98374092985756,157.5,645.5
14133003001,801,320.98374092985756,157.5,643.5
14506275001,800,320.98374092985756,157.5,642.5
10033027001,800,320.98374092985756,157.5,642.5
10030015001,796,320.98374092985756,157.5,638.5
14510050001,796,320.98374092985756,157.5,638.5
12122999001,792,320.98374092985756,157.5,634.5
14505009001,774,320.98374092985756,157.5,616.5
10031011001,774,320.98374092985756,157.5,616.5
14001047001,771,320.98374092985756,157.5,613.5
12210005001,770,320.98374092985756,157.5,612.5
14520065001,770,320.98374092985756,157.5,612.5
10041032001,768,320.98374092985756,157.5,610.5
14805005001,768,320.98374092985756,157.5,610.5
14510107001,759,320.98374092985756,157.5,601.5
10035002001,758,320.98374092985756,157.5,600.5
10002906001,754,320.98374092985756,157.5,596.5
14850010001,753,320.98374092985756,157.5,595.5
10020002001,753,320.98374092985756,157.5,595.5
14501942001,752,320.98374092985756,157.5,594.5
14600005001,751,320.98374092985756,157.5,593.5
14504038001,750,320.98374092985756,157.5,592.5
14101025001,746,320.98374092985756,157.5,588.5
14502020001,745,320.98374092985756,157.5,587.5
14113066001,742,320.98374092985756,157.5,584.5
14131041001,742,320.98374092985756,157.5,584.5
14110106001,738,320.98374092985756,157.5,580.5
14121068001,737,320.98374092985756,157.5,579.5
14500064001,735,320.98374092985756,157.5,577.5
14010050001,735,320.98374092985756,157.5,577.5
10041003001,732,320.98374092985756,157.5,574.5
10032001001,732,320.98374092985756,157.5,574.5
11103021001,732,320.98374092985756,157.5,574.5
10041006001,724,320.98374092985756,157.5,566.5
14000032001,721,320.98374092985756,157.5,563.5
14853003001,720,320.98374092985756,157.5,562.5
14000006001,715,320.98374092985756,157.5,557.5
12201098001,714,320.98374092985756,157.5,556.5
14805013001,713,320.98374092985756,157.5,555.5
14508899001,711,320.98374092985756,157.5,553.5
10035001001,710,320.98374092985756,157.5,552.5
14244896001,710,320.98374092985756,157.5,552.5
10001035001,708,320.98374092985756,157.5,550.5
14505048001,705,320.98374092985756,157.5,547.5
14830002001,705,320.98374092985756,157.5,547.5
14132015001,705,320.98374092985756,157.5,547.5
10303001001,702,320.98374092985756,157.5,544.5
14505911001,702,320.98374092985756,157.5,544.5
11070004001,702,320.98374092985756,157.5,544.5
14833009001,702,320.98374092985756,157.5,544.5
10021010001,696,320.98374092985756,157.5,538.5
10040018001,696,320.98374092985756,157.5,538.5
14502002001,695,320.98374092985756,157.5,537.5
14104118001,694,320.98374092985756,157.5,536.5
10033003001,692,320.98374092985756,157.5,534.5
14121019001,686,320.98374092985756,157.5,528.5
11070007001,685,320.98374092985756,157.5,527.5
14003029001,682,320.98374092985756,157.5,524.5
14831011001,681,320.98374092985756,157.5,523.5
14121014001,681,320.98374092985756,157.5,523.5
14502047001,680,320.98374092985756,157.5,522.5
14510258001,672,320.98374092985756,157.5,514.5
10033046001,672,320.98374092985756,157.5,514.5
14000073001,662,320.98374092985756,157.5,504.5
12201034001,660,320.98374092985756,157.5,502.5
14505059001,660,320.98374092985756,157.5,502.5
14001042001,658,320.98374092985756,157.5,500.5
14615070001,657,320.98374092985756,157.5,499.5
14104012001,656,320.98374092985756,157.5,498.5
10021034001,655,320.98374092985756,157.5,497.5
14011028001,655,320.98374092985756,157.5,497.5
10002942001,654,320.98374092985756,157.5,496.5
12220015001,654,320.98374092985756,157.5,496.5
10011021001,654,320.98374092985756,157.5,496.5
10035010001,652,320.98374092985756,157.5,494.5
14600023001,651,320.98374092985756,157.5,493.5
10041899001,648,320.98374092985756,157.5,490.5
14501026001,648,320.98374092985756,157.5,490.5
14804001001,648,320.98374092985756,157.5,490.5
14020926001,646,320.98374092985756,157.5,488.5
14503002001,645,320.98374092985756,157.5,487.5
14501928001,645,320.98374092985756,157.5,487.5
14831009001,645,320.98374092985756,157.5,487.5
14500006001,644,320.98374092985756,157.5,486.5
14130007001,644,320.98374092985756,157.5,486.5
10033026001,643,320.98374092985756,157.5,485.5
14010034001,643,320.98374092985756,157.5,485.5
12201008001,640,320.98374092985756,157.5,482.5
10041033001,636,320.98374092985756,157.5,478.5
14831022001,636,320.98374092985756,157.5,478.5
14101048001,635,320.98374092985756,157.5,477.5
10033020001,632,320.98374092985756,157.5,474.5
14001045001,629,320.98374092985756,157.5,471.5
10030023001,623,320.98374092985756,157.5,465.5
14001090001,621,320.98374092985756,157.5,463.5
10040071001,620,320.98374092985756,157.5,462.5
14011034001,619,320.98374092985756,157.5,461.5
15021060001,618,320.98374092985756,157.5,460.5
10002035001,617,320.98374092985756,157.5,459.5
14022019001,616,320.98374092985756,157.5,458.5
14353019001,613,320.98374092985756,157.5,455.5
10030018001,612,320.98374092985756,157.5,454.5
12123063001,612,320.98374092985756,157.5,454.5
12201051001,610,320.98374092985756,157.5,452.5
10020036001,608,320.98374092985756,157.5,450.5
10001015001,604,320.98374092985756,157.5,446.5
10033038001,603,320.98374092985756,157.5,445.5
14010071001,594,320.98374092985756,157.5,436.5
14500037001,593,320.98374092985756,157.5,435.5
10040082001,588,320.98374092985756,157.5,430.5
10030045001,588,320.98374092985756,157.5,430.5
10041039001,588,320.98374092985756,157.5,430.5
10041034001,588,320.98374092985756,157.5,430.5
10033044001,587,320.98374092985756,157.5,429.5
11103022001,584,320.98374092985756,157.5,426.5
10030012001,583,320.98374092985756,157.5,425.5
14805028001,582,320.98374092985756,157.5,424.5
10040011001,580,320.98374092985756,157.5,422.5
14502019001,580,320.98374092985756,157.5,422.5
14831013001,576,320.98374092985756,157.5,418.5
15021042001,576,320.98374092985756,157.5,418.5
14000022001,570,320.98374092985756,157.5,412.5
14502054001,568,320.98374092985756,157.5,410.5
14000017001,567,320.98374092985756,157.5,409.5
14003041001,563,320.98374092985756,157.5,405.5
14501929001,560,320.98374092985756,157.5,402.5
14104002001,560,320.98374092985756,157.5,402.5
14244003001,559,320.98374092985756,157.5,401.5
14620014001,559,320.98374092985756,157.5,401.5
14501058001,552,320.98374092985756,157.5,394.5
12221012001,548,320.98374092985756,157.5,390.5
11103090001,547,320.98374092985756,157.5,389.5
14104129001,546,320.98374092985756,157.5,388.5
10012907001,546,320.98374092985756,157.5,388.5
14010170001,544,320.98374092985756,157.5,386.5
14810012001,543,320.98374092985756,157.5,385.5
14131075001,541,320.98374092985756,157.5,383.5
14131027001,541,320.98374092985756,157.5,383.5
12201124001,540,320.98374092985756,157.5,382.5
14010247001,540,320.98374092985756,157.5,382.5
15022015001,540,320.98374092985756,157.5,382.5
14502029001,537,320.98374092985756,157.5,379.5
10033049001,536,320.98374092985756,157.5,378.5
15021047001,534,320.98374092985756,157.5,376.5
14010031001,533,320.98374092985756,157.5,375.5
10020042001,532,320.98374092985756,157.5,374.5
14521158001,532,320.98374092985756,157.5,374.5
14832012001,531,320.98374092985756,157.5,373.5
14502003001,530,320.98374092985756,157.5,372.5
10010018001,528,320.98374092985756,157.5,370.5
10014126001,528,320.98374092985756,157.5,370.5
14850001001,528,320.98374092985756,157.5,370.5
14102258001,528,320.98374092985756,157.5,370.5
10021042001,528,320.98374092985756,157.5,370.5
14621041001,525,320.98374092985756,157.5,367.5
14011059001,525,320.98374092985756,157.5,367.5
14102246001,522,320.98374092985756,157.5,364.5
14204041001,520,320.98374092985756,157.5,362.5
10041007001,518,320.98374092985756,157.5,360.5
14103009001,516,320.98374092985756,157.5,358.5
14503034001,510,320.98374092985756,157.5,352.5
14510004001,510,320.98374092985756,157.5,352.5
10016020001,508,320.98374092985756,157.5,350.5
10030049001,508,320.98374092985756,157.5,350.5
14508004001,508,320.98374092985756,157.5,350.5
14501052001,500,320.98374092985756,157.5,342.5
14822063001,498,320.98374092985756,157.5,340.5
10033073001,495,320.98374092985756,157.5,337.5
10002040001,493,320.98374092985756,157.5,335.5
10001008001,493,320.98374092985756,157.5,335.5
14840018001,492,320.98374092985756,157.5,334.5
10010019001,492,320.98374092985756,157.5,334.5
14850011001,492,320.98374092985756,157.5,334.5
10040049001,488,320.98374092985756,157.5,330.5
14014031001,488,320.98374092985756,157.5,330.5
14023248001,487,320.98374092985756,157.5,329.5
14620907001,483,320.98374092985756,157.5,325.5
11103137001,483,320.98374092985756,157.5,325.5
10030005001,483,320.98374092985756,157.5,325.5
14011030001,483,320.98374092985756,157.5,325.5
14506898001,475,320.98374092985756,157.5,317.5
14502023001,474,320.98374092985756,157.5,316.5
10020024001,474,320.98374092985756,157.5,316.5
14001017001,468,320.98374092985756,157.5,310.5
14002002001,465,320.98374092985756,157.5,307.5
12210011001,465,320.98374092985756,157.5,307.5
14361106001,462,320.98374092985756,157.5,304.5
12202007001,461,320.98374092985756,157.5,303.5
10034033001,460,320.98374092985756,157.5,302.5
14501065001,460,320.98374092985756,157.5,302.5
14610002001,459,320.98374092985756,157.5,301.5
14104017001,457,320.98374092985756,157.5,299.5
10020034001,456,320.98374092985756,157.5,298.5
10040050001,456,320.98374092985756,157.5,298.5
10040094001,456,320.98374092985756,157.5,298.5
14132031001,454,320.98374092985756,157.5,296.5
14510041001,454,320.98374092985756,157.5,296.5
10002992001,454,320.98374092985756,157.5,296.5
14830072001,453,320.98374092985756,157.5,295.5
14121063001,453,320.98374092985756,157.5,295.5
14023015001,453,320.98374092985756,157.5,295.5
14505105001,452,320.98374092985756,157.5,294.5
14121074001,452,320.98374092985756,157.5,294.5
15022009001,450,320.98374092985756,157.5,292.5
14231003001,446,320.98374092985756,157.5,288.5
11103019001,446,320.98374092985756,157.5,288.5
14104067001,446,320.98374092985756,157.5,288.5
14502080001,445,320.98374092985756,157.5,287.5
14505125001,445,320.98374092985756,157.5,287.5
14204010001,445,320.98374092985756,157.5,287.5
10034023001,444,320.98374092985756,157.5,286.5
14506100001,444,320.98374092985756,157.5,286.5
14001074001,444,320.98374092985756,157.5,286.5
10020020001,441,320.98374092985756,157.5,283.5
14120012001,440,320.98374092985756,157.5,282.5
12120052001,440,320.98374092985756,157.5,282.5
14011031001,438,320.98374092985756,157.5,280.5
14616006001,436,320.98374092985756,157.5,278.5
14500032001,435,320.98374092985756,157.5,277.5
14112016001,435,320.98374092985756,157.5,277.5
14001052001,435,320.98374092985756,157.5,277.5
14311004001,433,320.98374092985756,157.5,275.5
14133922001,432,320.98374092985756,157.5,274.5
14361101001,431,320.98374092985756,157.5,273.5
14001053001,429,320.98374092985756,157.5,271.5
12104003001,428,320.98374092985756,157.5,270.5
14520068001,428,320.98374092985756,157.5,270.5
14000011001,428,320.98374092985756,157.5,270.5
11103050001,424,320.98374092985756,157.5,266.5
14616002001,422,320.98374092985756,157.5,264.5
14509001001,421,320.98374092985756,157.5,263.5
15021005001,420,320.98374092985756,157.5,262.5
12103027001,420,320.98374092985756,157.5,262.5
10024014001,416,320.98374092985756,157.5,258.5
12202002001,416,320.98374092985756,157.5,258.5
14506087001,415,320.98374092985756,157.5,257.5
14820045001,414,320.98374092985756,157.5,256.5
14023047001,413,320.98374092985756,157.5,255.5
14131025001,409,320.98374092985756,157.5,251.5
10010043001,408,320.98374092985756,157.5,250.5
14501002001,405,320.98374092985756,157.5,247.5
10020043001,405,320.98374092985756,157.5,247.5
14502016001,405,320.98374092985756,157.5,247.5
14504012001,405,320.98374092985756,157.5,247.5
14001049001,401,320.98374092985756,157.5,243.5
14505106001,400,320.98374092985756,157.5,242.5
14822046001,399,320.98374092985756,157.5,241.5
14001046001,398,320.98374092985756,157.5,240.5
12201120001,396,320.98374092985756,157.5,238.5
15021057001,396,320.98374092985756,157.5,238.5
14830073001,396,320.98374092985756,157.5,238.5
10014130001,396,320.98374092985756,157.5,238.5
14620042001,395,320.98374092985756,157.5,237.5
14505008001,395,320.98374092985756,157.5,237.5
14501084001,395,320.98374092985756,157.5,237.5
14244016001,393,320.98374092985756,157.5,235.5
11040005001,393,320.98374092985756,157.5,235.5
14011095001,392,320.98374092985756,157.5,234.5
14110054001,392,320.98374092985756,157.5,234.5
14010002001,390,320.98374092985756,157.5,232.5
14244021001,389,320.98374092985756,157.5,231.5
14810013001,387,320.98374092985756,157.5,229.5
10033017001,387,320.98374092985756,157.5,229.5
14001093001,385,320.98374092985756,157.5,227.5
10040019001,384,320.98374092985756,157.5,226.5
10041008001,384,320.98374092985756,157.5,226.5
10014083001,384,320.98374092985756,157.5,226.5
14132050001,384,320.98374092985756,157.5,226.5
14112018001,381,320.98374092985756,157.5,223.5
14500042001,381,320.98374092985756,157.5,223.5
10014086001,380,320.98374092985756,157.5,222.5
14804016001,378,320.98374092985756,157.5,220.5
14805056001,378,320.98374092985756,157.5,220.5
12130008001,378,320.98374092985756,157.5,220.5
14611002001,376,320.98374092985756,157.5,218.5
10020016001,376,320.98374092985756,157.5,218.5
14223003001,375,320.98374092985756,157.5,217.5
14000042001,375,320.98374092985756,157.5,217.5
11103070001,373,320.98374092985756,157.5,215.5
10010042001,372,320.98374092985756,157.5,214.5
10021005001,372,320.98374092985756,157.5,214.5
14121115001,370,320.98374092985756,157.5,212.5
14612018002,370,320.98374092985756,157.5,212.5
14003019001,370,320.98374092985756,157.5,212.5
14023006001,370,320.98374092985756,157.5,212.5
12220002001,367,320.98374092985756,157.5,209.5
11032008001,366,320.98374092985756,157.5,208.5
14121057001,364,320.98374092985756,157.5,206.5
14511051001,363,320.98374092985756,157.5,205.5
14200069001,362,320.98374092985756,157.5,204.5
11100001001,361,320.98374092985756,157.5,203.5
10014074001,360,320.98374092985756,157.5,202.5
10014898001,360,320.98374092985756,157.5,202.5
14805006001,360,320.98374092985756,157.5,202.5
14503010001,360,320.98374092985756,157.5,202.5
14010173001,359,320.98374092985756,157.5,201.5
14510139001,358,320.98374092985756,157.5,200.5
14104126001,358,320.98374092985756,157.5,200.5
14361099001,357,320.98374092985756,157.5,199.5
10002990001,356,320.98374092985756,157.5,198.5
14621021001,356,320.98374092985756,157.5,198.5
14020031001,356,320.98374092985756,157.5,198.5
14023127001,355,320.98374092985756,157.5,197.5
11032002001,354,320.98374092985756,157.5,196.5
10020025001,354,320.98374092985756,157.5,196.5
14010060001,354,320.98374092985756,157.5,196.5
14023049001,353,320.98374092985756,157.5,195.5
11111017001,353,320.98374092985756,157.5,195.5
14010212001,353,320.98374092985756,157.5,195.5
10002074001,350,320.98374092985756,157.5,192.5
14840022001,348,320.98374092985756,157.5,190.5
10021022001,348,320.98374092985756,157.5,190.5
10014029001,348,320.98374092985756,157.5,190.5
14510025001,347,320.98374092985756,157.5,189.5
14023050001,346,320.98374092985756,157.5,188.5
10035003001,346,320.98374092985756,157.5,188.5
14011024001,345,320.98374092985756,157.5,187.5
14506001001,345,320.98374092985756,157.5,187.5
12120001001,344,320.98374092985756,157.5,186.5
14500014001,344,320.98374092985756,157.5,186.5
10010012001,344,320.98374092985756,157.5,186.5
11040009001,344,320.98374092985756,157.5,186.5
14021005001,344,320.98374092985756,157.5,186.5
14010036001,343,320.98374092985756,157.5,185.5
14204059001,343,320.98374092985756,157.5,185.5
14120019001,343,320.98374092985756,157.5,185.5
15023010001,342,320.98374092985756,157.5,184.5
14611022001,341,320.98374092985756,157.5,183.5
14131092001,341,320.98374092985756,157.5,183.5
10014117001,340,320.98374092985756,157.5,182.5
12123033001,340,320.98374092985756,157.5,182.5
14615894001,340,320.98374092985756,157.5,182.5
14510150001,339,320.98374092985756,157.5,181.5
14010084001,339,320.98374092985756,157.5,181.5
10030030001,338,320.98374092985756,157.5,180.5
10031916001,338,320.98374092985756,157.5,180.5
14112041001,337,320.98374092985756,157.5,179.5
14022032001,337,320.98374092985756,157.5,179.5
10303003001,337,320.98374092985756,157.5,179.5
10100132001,336,320.98374092985756,157.5,178.5
10014905001,336,320.98374092985756,157.5,178.5
15023001001,336,320.98374092985756,157.5,178.5
10033023001,336,320.98374092985756,157.5,178.5
14131081001,335,320.98374092985756,157.5,177.5
14010210001,334,320.98374092985756,157.5,176.5
12123064001,333,320.98374092985756,157.5,175.5
11040035001,332,320.98374092985756,157.5,174.5
14353039001,332,320.98374092985756,157.5,174.5
12100026001,330,320.98374092985756,157.5,172.5
14830001001,330,320.98374092985756,157.5,172.5
14010006001,330,320.98374092985756,157.5,172.5
10040079001,330,320.98374092985756,157.5,172.5
14121017001,328,320.98374092985756,157.5,170.5
12121004001,328,320.98374092985756,157.5,170.5
14204061001,328,320.98374092985756,157.5,170.5
14830005001,327,320.98374092985756,157.5,169.5
10040042001,326,320.98374092985756,157.5,168.5
14111001001,325,320.98374092985756,157.5,167.5
10040034001,324,320.98374092985756,157.5,166.5
10033012001,324,320.98374092985756,157.5,166.5
14131022001,322,320.98374092985756,157.5,164.5
14014020001,321,320.98374092985756,157.5,163.5
14841001001,318,320.98374092985756,157.5,160.5
14510175001,318,320.98374092985756,157.5,160.5
14023083001,318,320.98374092985756,157.5,160.5
10014101001,318,320.98374092985756,157.5,160.5
14621069001,317,320.98374092985756,157.5,159.5
10000022001,314,320.98374092985756,157.5,156.5
14130001001,312,320.98374092985756,157.5,154.5
14620006001,312,320.98374092985756,157.5,154.5
14804012001,312,320.98374092985756,157.5,154.5
12122013001,312,320.98374092985756,157.5,154.5
14001012001,310,320.98374092985756,157.5,152.5
10002025001,310,320.98374092985756,157.5,152.5
12106001001,308,320.98374092985756,157.5,150.5
14132229001,308,320.98374092985756,157.5,150.5
14501037001,308,320.98374092985756,157.5,150.5
11040006001,307,320.98374092985756,157.5,149.5
10014034001,306,320.98374092985756,157.5,148.5
14311158001,306,320.98374092985756,157.5,148.5
14311005001,306,320.98374092985756,157.5,148.5
14014007001,305,320.98374092985756,157.5,147.5
10030021001,304,320.98374092985756,157.5,146.5
14010193001,304,320.98374092985756,157.5,146.5
14104096001,303,320.98374092985756,157.5,145.5
14131020001,301,320.98374092985756,157.5,143.5
31501010001,300,320.98374092985756,157.5,142.5
14020015001,300,320.98374092985756,157.5,142.5
14805010001,300,320.98374092985756,157.5,142.5
14010038001,300,320.98374092985756,157.5,142.5
15021059001,300,320.98374092985756,157.5,142.5
14110084001,300,320.98374092985756,157.5,142.5
14003037001,298,320.98374092985756,157.5,140.5
10023035001,296,320.98374092985756,157.5,138.5
14000075001,295,320.98374092985756,157.5,137.5
10024001001,294,320.98374092985756,157.5,136.5
10034013001,294,320.98374092985756,157.5,136.5
10034032001,294,320.98374092985756,157.5,136.5
14833003001,294,320.98374092985756,157.5,136.5
10020019001,294,320.98374092985756,157.5,136.5
14102238001,293,320.98374092985756,157.5,135.5
14510007001,292,320.98374092985756,157.5,134.5
12220010001,292,320.98374092985756,157.5,134.5
14130017001,292,320.98374092985756,157.5,134.5
14003009001,292,320.98374092985756,157.5,134.5
14506072001,292,320.98374092985756,157.5,134.5
14000060001,292,320.98374092985756,157.5,134.5
12220003001,291,320.98374092985756,157.5,133.5
14223045001,288,320.98374092985756,157.5,130.5
12212061001,288,320.98374092985756,157.5,130.5
10022006001,288,320.98374092985756,157.5,130.5
10014092001,287,320.98374092985756,157.5,129.5
12221009001,286,320.98374092985756,157.5,128.5
14810005001,285,320.98374092985756,157.5,127.5
14130016001,285,320.98374092985756,157.5,127.5
10040035001,285,320.98374092985756,157.5,127.5
12130026001,283,320.98374092985756,157.5,125.5
10020012001,282,320.98374092985756,157.5,124.5
10020003001,282,320.98374092985756,157.5,124.5
11040010001,282,320.98374092985756,157.5,124.5
14014018001,282,320.98374092985756,157.5,124.5
12010023002,282,320.98374092985756,157.5,124.5
10040038001,280,320.98374092985756,157.5,122.5
10041135001,280,320.98374092985756,157.5,122.5
14121062001,279,320.98374092985756,157.5,121.5
14023027001,279,320.98374092985756,157.5,121.5
14830029001,279,320.98374092985756,157.5,121.5
14511056001,277,320.98374092985756,157.5,119.5
14851058001,276,320.98374092985756,157.5,118.5
14510033001,276,320.98374092985756,157.5,118.5
14830011001,276,320.98374092985756,157.5,118.5
10016011001,276,320.98374092985756,157.5,118.5
12212900001,275,320.98374092985756,157.5,117.5
14613902001,273,320.98374092985756,157.5,115.5
10020008001,272,320.98374092985756,157.5,114.5
14121136001,272,320.98374092985756,157.5,114.5
14244052001,271,320.98374092985756,157.5,113.5
15022021001,270,320.98374092985756,157.5,112.5
11103094001,270,320.98374092985756,157.5,112.5
14510252001,270,320.98374092985756,157.5,112.5
14804999001,270,320.98374092985756,157.5,112.5
14222897001,270,320.98374092985756,157.5,112.5
14805001001,270,320.98374092985756,157.5,112.5
10020038001,270,320.98374092985756,157.5,112.5
14244017001,268,320.98374092985756,157.5,110.5
10040040001,268,320.98374092985756,157.5,110.5
11070001001,268,320.98374092985756,157.5,110.5
12123019001,268,320.98374092985756,157.5,110.5
14353024001,268,320.98374092985756,157.5,110.5
14023198001,268,320.98374092985756,157.5,110.5
14621029001,268,320.98374092985756,157.5,110.5
14000014001,267,320.98374092985756,157.5,109.5
12212005001,267,320.98374092985756,157.5,109.5
14833020001,267,320.98374092985756,157.5,109.5
14506065001,267,320.98374092985756,157.5,109.5
14244014001,266,320.98374092985756,157.5,108.5
14104101001,265,320.98374092985756,157.5,107.5
14502021001,264,320.98374092985756,157.5,106.5
12201110001,264,320.98374092985756,157.5,106.5
14111134001,264,320.98374092985756,157.5,106.5
14832052001,264,320.98374092985756,157.5,106.5
14011006001,262,320.98374092985756,157.5,104.5
14353011001,262,320.98374092985756,157.5,104.5
12000178001,262,320.98374092985756,157.5,104.5
14504052001,262,320.98374092985756,157.5,104.5
14830045001,261,320.98374092985756,157.5,103.5
14615084001,261,320.98374092985756,157.5,103.5
14000071001,261,320.98374092985756,157.5,103.5
14000040001,261,320.98374092985756,157.5,103.5
10034007001,260,320.98374092985756,157.5,102.5
12201096001,260,320.98374092985756,157.5,102.5
14001007001,258,320.98374092985756,157.5,100.5
12010037001,258,320.98374092985756,157.5,100.5
10014111001,258,320.98374092985756,157.5,100.5
14222068001,258,320.98374092985756,157.5,100.5
14105102001,257,320.98374092985756,157.5,99.5
10001041001,256,320.98374092985756,157.5,98.5
14131105001,256,320.98374092985756,157.5,98.5
10034012001,256,320.98374092985756,157.5,98.5
14010088001,255,320.98374092985756,157.5,97.5
14506887001,255,320.98374092985756,157.5,97.5
14101024001,254,320.98374092985756,157.5,96.5
31500006001,253,320.98374092985756,157.5,95.5
14102040001,253,320.98374092985756,157.5,95.5
10014076001,252,320.98374092985756,157.5,94.5
10035036001,252,320.98374092985756,157.5,94.5
10021003001,252,320.98374092985756,157.5,94.5
14613026001,251,320.98374092985756,157.5,93.5
14104042001,250,320.98374092985756,157.5,92.5
14000003001,249,320.98374092985756,157.5,91.5
14833066001,249,320.98374092985756,157.5,91.5
10040037001,248,320.98374092985756,157.5,90.5
10040021001,246,320.98374092985756,157.5,88.5
14133029001,245,320.98374092985756,157.5,87.5
14610011001,245,320.98374092985756,157.5,87.5
14204892001,244,320.98374092985756,157.5,86.5
12011033001,244,320.98374092985756,157.5,86.5
14023503001,244,320.98374092985756,157.5,86.5
14023025001,244,320.98374092985756,157.5,86.5
14620062001,243,320.98374092985756,157.5,85.5
14510029001,243,320.98374092985756,157.5,85.5
14001009001,243,320.98374092985756,157.5,85.5
31533008001,243,320.98374092985756,157.5,85.5
14012019001,243,320.98374092985756,157.5,85.5
14132052001,242,320.98374092985756,157.5,84.5
14010178001,241,320.98374092985756,157.5,83.5
14853009001,240,320.98374092985756,157.5,82.5
10053909001,240,320.98374092985756,157.5,82.5
14506008001,240,320.98374092985756,157.5,82.5
14203078001,239,320.98374092985756,157.5,81.5
14509008001,237,320.98374092985756,157.5,79.5
14110081001,237,320.98374092985756,157.5,79.5
14104169001,237,320.98374092985756,157.5,79.5
14510218001,237,320.98374092985756,157.5,79.5
12122020001,236,320.98374092985756,157.5,78.5
14311112001,236,320.98374092985756,157.5,78.5
14223094001,236,320.98374092985756,157.5,78.5
10034046001,235,320.98374092985756,157.5,77.5
14001060001,234,320.98374092985756,157.5,76.5
14110154001,233,320.98374092985756,157.5,75.5
12201068001,232,320.98374092985756,157.5,74.5
12212033001,232,320.98374092985756,157.5,74.5
11050077001,232,320.98374092985756,157.5,74.5
14506281001,232,320.98374092985756,157.5,74.5
14001008001,232,320.98374092985756,157.5,74.5
10016002001,232,320.98374092985756,157.5,74.5
14505139001,231,320.98374092985756,157.5,73.5
31501021001,230,320.98374092985756,157.5,72.5
14620030001,229,320.98374092985756,157.5,71.5
14361100001,229,320.98374092985756,157.5,71.5
11101014001,228,320.98374092985756,157.5,70.5
14506142001,228,320.98374092985756,157.5,70.5
10035024001,228,320.98374092985756,157.5,70.5
12010080001,228,320.98374092985756,157.5,70.5
10020046001,228,320.98374092985756,157.5,70.5
12000179001,227,320.98374092985756,157.5,69.5
12220005001,227,320.98374092985756,157.5,69.5
14020006001,226,320.98374092985756,157.5,68.5
14110029001,226,320.98374092985756,157.5,68.5
14506174001,225,320.98374092985756,157.5,67.5
14511052001,224,320.98374092985756,157.5,66.5
14222142001,224,320.98374092985756,157.5,66.5
10032048001,224,320.98374092985756,157.5,66.5
14111118001,223,320.98374092985756,157.5,65.5
10014080001,222,320.98374092985756,157.5,64.5
14832054001,222,320.98374092985756,157.5,64.5
14510109001,221,320.98374092985756,157.5,63.5
10030017001,221,320.98374092985756,157.5,63.5
14111036001,221,320.98374092985756,157.5,63.5
14000002001,220,320.98374092985756,157.5,62.5
12202005001,219,320.98374092985756,157.5,61.5
10031023001,216,320.98374092985756,157.5,58.5
10014024001,216,320.98374092985756,157.5,58.5
14204071001,216,320.98374092985756,157.5,58.5
10034026001,216,320.98374092985756,157.5,58.5
10021018001,216,320.98374092985756,157.5,58.5
12210003001,215,320.98374092985756,157.5,57.5
14014011001,215,320.98374092985756,157.5,57.5
14833018001,214,320.98374092985756,157.5,56.5
14001034001,213,320.98374092985756,157.5,55.5
14506056001,213,320.98374092985756,157.5,55.5
14000043001,212,320.98374092985756,157.5,54.5
14121143001,212,320.98374092985756,157.5,54.5
14130009001,212,320.98374092985756,157.5,54.5
10014030001,212,320.98374092985756,157.5,54.5
14000033001,212,320.98374092985756,157.5,54.5
14204125001,211,320.98374092985756,157.5,53.5
10024005001,210,320.98374092985756,157.5,52.5
14503004001,210,320.98374092985756,157.5,52.5
14242011001,210,320.98374092985756,157.5,52.5
14500005001,210,320.98374092985756,157.5,52.5
10013007001,210,320.98374092985756,157.5,52.5
14020951001,209,320.98374092985756,157.5,51.5
14133030001,209,320.98374092985756,157.5,51.5
11103015001,208,320.98374092985756,157.5,50.5
10002917001,208,320.98374092985756,157.5,50.5
14130010001,208,320.98374092985756,157.5,50.5
14111039001,207,320.98374092985756,157.5,49.5
14001031001,207,320.98374092985756,157.5,49.5
14831008001,207,320.98374092985756,157.5,49.5
14223215001,206,320.98374092985756,157.5,48.5
14833059001,206,320.98374092985756,157.5,48.5
14001036001,206,320.98374092985756,157.5,48.5
14244898001,205,320.98374092985756,157.5,47.5
10034045001,204,320.98374092985756,157.5,46.5
12010036001,204,320.98374092985756,157.5,46.5
14111132001,204,320.98374092985756,157.5,46.5
14020022001,204,320.98374092985756,157.5,46.5
10040014001,204,320.98374092985756,157.5,46.5
14222072001,204,320.98374092985756,157.5,46.5
14833042001,204,320.98374092985756,157.5,46.5
14833052001,204,320.98374092985756,157.5,46.5
12123086001,204,320.98374092985756,157.5,46.5
14100026001,203,320.98374092985756,157.5,45.5
14001002001,203,320.98374092985756,157.5,45.5
14121164001,203,320.98374092985756,157.5,45.5
12106105001,202,320.98374092985756,157.5,44.5
12202039001,202,320.98374092985756,157.5,44.5
14104079001,201,320.98374092985756,157.5,43.5
14833056001,201,320.98374092985756,157.5,43.5
12123085001,201,320.98374092985756,157.5,43.5
14204036001,201,320.98374092985756,157.5,43.5
14130054001,201,320.98374092985756,157.5,43.5
14506143001,200,320.98374092985756,157.5,42.5
14011010001,200,320.98374092985756,157.5,42.5
14244059001,199,320.98374092985756,157.5,41.5
14100012001,199,320.98374092985756,157.5,41.5
14612900001,198,320.98374092985756,157.5,40.5
14220110001,198,320.98374092985756,157.5,40.5
14830026001,198,320.98374092985756,157.5,40.5
15023008001,198,320.98374092985756,157.5,40.5
11111033001,197,320.98374092985756,157.5,39.5
11050004001,197,320.98374092985756,157.5,39.5
11101028001,196,320.98374092985756,157.5,38.5
10032059001,196,320.98374092985756,157.5,38.5
11103375001,196,320.98374092985756,157.5,38.5
14613904001,195,320.98374092985756,157.5,37.5
11103134001,195,320.98374092985756,157.5,37.5
14010187001,195,320.98374092985756,157.5,37.5
14204131001,194,320.98374092985756,157.5,36.5
14811006001,194,320.98374092985756,157.5,36.5
14001135001,194,320.98374092985756,157.5,36.5
14110006001,194,320.98374092985756,157.5,36.5
10002072001,193,320.98374092985756,157.5,35.5
11110007001,193,320.98374092985756,157.5,35.5
14601004001,193,320.98374092985756,157.5,35.5
14352060001,192,320.98374092985756,157.5,34.5
32502011001,192,320.98374092985756,157.5,34.5
14023102001,192,320.98374092985756,157.5,34.5
10034022001,192,320.98374092985756,157.5,34.5
10001007001,192,320.98374092985756,157.5,34.5
31531002001,192,320.98374092985756,157.5,34.5
12120063001,192,320.98374092985756,157.5,34.5
12120053001,190,320.98374092985756,157.5,32.5
12102140001,190,320.98374092985756,157.5,32.5
12011168001,190,320.98374092985756,157.5,32.5
10052025001,190,320.98374092985756,157.5,32.5
14613019001,189,320.98374092985756,157.5,31.5
14011074001,189,320.98374092985756,157.5,31.5
14851025001,187,320.98374092985756,157.5,29.5
10000001001,187,320.98374092985756,157.5,29.5
14510057001,187,320.98374092985756,157.5,29.5
14130015001,187,320.98374092985756,157.5,29.5
14521156001,186,320.98374092985756,157.5,28.5
10032023001,186,320.98374092985756,157.5,28.5
11040021001,186,320.98374092985756,157.5,28.5
14830007001,186,320.98374092985756,157.5,28.5
14111123001,186,320.98374092985756,157.5,28.5
14020013001,186,320.98374092985756,157.5,28.5
12123057001,186,320.98374092985756,157.5,28.5
14505003001,185,320.98374092985756,157.5,27.5
14103018001,185,320.98374092985756,157.5,27.5
14330005001,185,320.98374092985756,157.5,27.5
14121059001,185,320.98374092985756,157.5,27.5
14130042001,185,320.98374092985756,157.5,27.5
14504053001,184,320.98374092985756,157.5,26.5
10010009001,184,320.98374092985756,157.5,26.5
11110008001,184,320.98374092985756,157.5,26.5
14010094001,184,320.98374092985756,157.5,26.5
14000027001,184,320.98374092985756,157.5,26.5
31502006001,183,320.98374092985756,157.5,25.5
14011051001,183,320.98374092985756,157.5,25.5
14510069001,182,320.98374092985756,157.5,24.5
14610004001,182,320.98374092985756,157.5,24.5
14204054001,182,320.98374092985756,157.5,24.5
14010043001,181,320.98374092985756,157.5,23.5
14010030001,181,320.98374092985756,157.5,23.5
14601026001,181,320.98374092985756,157.5,23.5
12220013001,181,320.98374092985756,157.5,23.5
11050035001,180,320.98374092985756,157.5,22.5
10032052001,180,320.98374092985756,157.5,22.5
14506089001,180,320.98374092985756,157.5,22.5
10014109001,180,320.98374092985756,157.5,22.5
12010059001,180,320.98374092985756,157.5,22.5
14805059001,180,320.98374092985756,157.5,22.5
14805023001,180,320.98374092985756,157.5,22.5
10053901001,180,320.98374092985756,157.5,22.5
10031026001,180,320.98374092985756,157.5,22.5
14012010001,179,320.98374092985756,157.5,21.5
14242012001,179,320.98374092985756,157.5,21.5
14506067001,178,320.98374092985756,157.5,20.5
14223179001,178,320.98374092985756,157.5,20.5
12100039001,178,320.98374092985756,157.5,20.5
14131008001,178,320.98374092985756,157.5,20.5
14010149001,178,320.98374092985756,157.5,20.5
14100013001,178,320.98374092985756,157.5,20.5
14620894001,177,320.98374092985756,157.5,19.5
14021107001,177,320.98374092985756,157.5,19.5
10002069001,176,320.98374092985756,157.5,18.5
12121064001,176,320.98374092985756,157.5,18.5
10002915001,176,320.98374092985756,157.5,18.5
14001018001,176,320.98374092985756,157.5,18.5
14112054001,176,320.98374092985756,157.5,18.5
14023014001,176,320.98374092985756,157.5,18.5
14330010001,176,320.98374092985756,157.5,18.5
10033002001,176,320.98374092985756,157.5,18.5
14630016001,175,320.98374092985756,157.5,17.5
14102009001,175,320.98374092985756,157.5,17.5
14133898001,175,320.98374092985756,157.5,17.5
10022004001,174,320.98374092985756,157.5,16.5
14200119001,174,320.98374092985756,157.5,16.5
10031015001,174,320.98374092985756,157.5,16.5
14370003001,174,320.98374092985756,157.5,16.5
11103317001,174,320.98374092985756,157.5,16.5
14223037001,173,320.98374092985756,157.5,15.5
14510110001,173,320.98374092985756,157.5,15.5
14511014001,172,320.98374092985756,157.5,14.5
14131056001,171,320.98374092985756,157.5,13.5
14810002001,171,320.98374092985756,157.5,13.5
14506039001,171,320.98374092985756,157.5,13.5
14621013001,171,320.98374092985756,157.5,13.5
14510100001,170,320.98374092985756,157.5,12.5
14132003001,170,320.98374092985756,157.5,12.5
14131043001,169,320.98374092985756,157.5,11.5
14851063001,169,320.98374092985756,157.5,11.5
14821001001,168,320.98374092985756,157.5,10.5
14852005001,168,320.98374092985756,157.5,10.5
10020030001,168,320.98374092985756,157.5,10.5
12121003001,168,320.98374092985756,157.5,10.5
14811004001,168,320.98374092985756,157.5,10.5
14020014001,168,320.98374092985756,157.5,10.5
10041038001,168,320.98374092985756,157.5,10.5
12327009001,168,320.98374092985756,157.5,10.5
12122052001,166,320.98374092985756,157.5,8.5
14121094001,166,320.98374092985756,157.5,8.5
14121104001,166,320.98374092985756,157.5,8.5
12120094001,166,320.98374092985756,157.5,8.5
12212910001,166,320.98374092985756,157.5,8.5
14222114001,165,320.98374092985756,157.5,7.5
14833035001,165,320.98374092985756,157.5,7.5
14841002001,165,320.98374092985756,157.5,7.5
14610001001,164,320.98374092985756,157.5,6.5
14103030001,164,320.98374092985756,157.5,6.5
10022016001,164,320.98374092985756,157.5,6.5
12102095001,164,320.98374092985756,157.5,6.5
14021021001,163,320.98374092985756,157.5,5.5
14510233001,163,320.98374092985756,157.5,5.5
14510123001,163,320.98374092985756,157.5,5.5
14615009001,163,320.98374092985756,157.5,5.5
12122032001,163,320.98374092985756,157.5,5.5
14631018001,162,320.98374092985756,157.5,4.5
14613906001,162,320.98374092985756,157.5,4.5
33551902001,162,320.98374092985756,157.5,4.5
10052020001,162,320.98374092985756,157.5,4.5
14010079001,162,320.98374092985756,157.5,4.5
11074015002,161,320.98374092985756,157.5,3.5
14100021001,161,320.98374092985756,157.5,3.5
12120038001,160,320.98374092985756,157.5,2.5
10023020001,159,320.98374092985756,157.5,1.5
14510111001,159,320.98374092985756,157.5,1.5
11111011001,159,320.98374092985756,157.5,1.5
14010037001,159,320.98374092985756,157.5,1.5
11051002001,159,320.98374092985756,157.5,1.5
14200006001,159,320.98374092985756,157.5,1.5
14832033001,159,320.98374092985756,157.5,1.5
11102002001,159,320.98374092985756,157.5,1.5
14110086001,158,320.98374092985756,157.5,0.5
14013004001,158,320.98374092985756,157.5,0.5
14613915001,158,320.98374092985756,157.5,0.5
