order_id,order_arrival,process_start_time,order_complete_time,station_id
-93,0,1,49,picker-2
-100,0,1,65,picker-2
-94,0,1,78,picker-2
-95,0,1,83,picker-1
-23,0,1,83,picker-1
-19,0,1,83,picker-1
-97,0,1,89,picker-2
-96,0,1,89,picker-2
-98,0,1,95,picker-2
-56,0,1,96,picker-1
-43,0,84,96,picker-1
-58,0,1,106,picker-1
-5,0,1,115,picker-1
-75,0,97,115,picker-1
-13,0,66,120,picker-2
-46,0,90,155,picker-2
-1,0,50,160,picker-2
-82,0,96,166,picker-2
-6,0,84,183,picker-1
-90,0,84,183,picker-1
-26,0,184,193,picker-1
-24,0,79,195,picker-2
-52,0,90,195,picker-2
-72,0,121,206,picker-2
-20,0,196,206,picker-2
-66,0,97,210,picker-1
-60,0,116,210,picker-1
-30,0,156,211,picker-2
-67,0,107,216,picker-1
-34,0,116,230,picker-1
-9,0,184,249,picker-1
-40,0,1,253,picker-3
-53,0,1,267,picker-3
-36,0,194,272,picker-1
-49,0,167,273,picker-2
-15,0,161,297,picker-2
-63,0,196,303,picker-2
-87,0,212,315,picker-2
-70,0,211,321,picker-1
-16,0,207,324,picker-2
-84,0,207,324,picker-2
-4,0,231,329,picker-1
-81,0,250,336,picker-1
-21,0,217,344,picker-1
-22,0,211,354,picker-1
-39,0,273,367,picker-1
-64,0,274,371,picker-2
-41,0,1,374,picker-3
-8,0,298,401,picker-2
-32,0,1,412,picker-3
-33,0,1,412,picker-3
-33,0,1,412,picker-3
-33,0,1,412,picker-3
-33,0,1,412,picker-3
-33,0,1,412,picker-3
-69,0,304,421,picker-2
-92,0,1,428,picker-3
-86,0,254,439,picker-3
-28,0,268,448,picker-3
-91,0,325,458,picker-2
-61,0,322,459,picker-1
-17,0,316,464,picker-2
-65,0,325,477,picker-2
-48,0,337,496,picker-1
-11,0,345,506,picker-1
-89,0,372,519,picker-2
15,420,422,556,picker-2
18,420,440,561,picker-3
-12,0,429,566,picker-3
-35,0,413,580,picker-3
5,360,368,583,picker-1
4,360,375,588,picker-3
-79,0,355,591,picker-1
-80,0,449,600,picker-3
-29,0,413,611,picker-3
-27,0,465,611,picker-2
-59,0,460,623,picker-1
-88,0,459,624,picker-2
20,420,557,660,picker-2
-68,0,497,665,picker-1
-31,0,478,666,picker-2
28,540,562,671,picker-3
6,360,507,678,picker-1
37,540,581,704,picker-3
-71,0,589,711,picker-3
46,600,601,717,picker-3
24,480,584,719,picker-1
-55,0,567,723,picker-3
22,480,592,726,picker-1
27,480,520,735,picker-2
-14,0,612,755,picker-3
14,420,612,756,picker-2
42,600,624,761,picker-1
-18,0,667,793,picker-2
-78,0,625,807,picker-2
-50,0,679,815,picker-1
47,660,718,823,picker-3
9,360,661,832,picker-2
33,540,666,832,picker-1
61,660,672,833,picker-3
64,720,756,839,picker-3
57,660,720,845,picker-1
-2,0,705,852,picker-3
-47,0,736,853,picker-2
19,420,762,854,picker-1
58,660,724,858,picker-3
26,480,712,864,picker-3
62,660,816,865,picker-1
-44,0,757,876,picker-2
60,660,794,890,picker-2
59,660,824,890,picker-3
82,780,808,901,picker-2
91,840,840,912,picker-3
10,360,846,920,picker-1
75,720,853,931,picker-3
54,660,833,937,picker-2
41,600,854,947,picker-2
-76,0,833,957,picker-1
52,660,859,959,picker-3
55,660,865,967,picker-3
69,720,855,968,picker-1
78,780,891,994,picker-3
13,420,866,997,picker-1
101,900,913,1000,picker-3
44,600,877,1003,picker-2
45,600,891,1013,picker-2
94,840,932,1025,picker-3
51,660,902,1036,picker-2
76,780,960,1037,picker-3
98,900,958,1038,picker-1
66,720,938,1047,picker-2
108,960,969,1064,picker-1
-37,0,998,1076,picker-1
7,360,1001,1077,picker-3
-85,0,921,1082,picker-1
30,540,948,1083,picker-2
65,720,1037,1089,picker-2
88,840,995,1091,picker-3
3,360,1004,1095,picker-2
72,720,968,1096,picker-3
114,1020,1026,1108,picker-3
112,1020,1039,1131,picker-1
87,840,1048,1134,picker-2
-74,0,1014,1140,picker-2
0,360,1038,1143,picker-3
85,840,1065,1149,picker-1
25,480,1077,1184,picker-1
106,960,1083,1190,picker-1
56,660,1084,1209,picker-2
49,660,1078,1219,picker-3
-3,0,1096,1230,picker-2
8,360,1090,1236,picker-2
111,1020,1092,1242,picker-3
116,1020,1132,1242,picker-1
119,1080,1141,1246,picker-2
79,780,1097,1248,picker-3
136,1140,1144,1258,picker-3
104,960,1109,1264,picker-3
132,1140,1185,1288,picker-1
21,480,1135,1292,picker-2
-99,0,1191,1294,picker-1
124,1080,1150,1300,picker-1
123,1080,1237,1320,picker-2
127,1080,1243,1325,picker-1
74,720,1231,1326,picker-2
118,1080,1210,1337,picker-2
129,1140,1247,1349,picker-2
96,900,1243,1355,picker-3
147,1260,1265,1367,picker-3
99,900,1259,1373,picker-3
141,1200,1295,1377,picker-1
133,1140,1293,1380,picker-2
-73,0,1289,1387,picker-1
29,540,1301,1405,picker-1
53,660,1321,1443,picker-2
92,840,1356,1454,picker-3
50,660,1327,1457,picker-2
39,540,1378,1458,picker-1
113,1020,1338,1465,picker-2
102,960,1374,1468,picker-3
93,840,1368,1476,picker-3
48,660,1381,1477,picker-2
142,1200,1406,1479,picker-1
152,1320,1350,1483,picker-2
-10,0,1326,1485,picker-1
161,1440,1444,1489,picker-2
73,720,1388,1491,picker-1
-57,0,1458,1522,picker-2
157,1380,1459,1530,picker-1
97,900,1455,1547,picker-3
156,1380,1466,1558,picker-2
110,960,1477,1574,picker-3
146,1260,1469,1593,picker-3
135,1140,1478,1599,picker-2
167,1500,1531,1600,picker-1
140,1200,1484,1605,picker-2
71,720,1480,1606,picker-1
43,600,1490,1615,picker-2
143,1260,1486,1616,picker-1
153,1380,1492,1629,picker-1
168,1500,1523,1632,picker-2
120,1080,1548,1644,picker-3
67,720,1559,1646,picker-2
-51,0,1601,1658,picker-1
163,1500,1575,1683,picker-3
38,540,1594,1683,picker-3
160,1440,1600,1689,picker-2
1,360,1607,1703,picker-1
169,1560,1606,1705,picker-2
150,1320,1630,1709,picker-1
158,1440,1617,1715,picker-1
109,960,1633,1724,picker-2
80,780,1616,1730,picker-2
164,1500,1647,1744,picker-2
177,1620,1659,1767,picker-1
172,1560,1710,1784,picker-1
32,540,1684,1794,picker-3
107,960,1690,1795,picker-2
90,840,1645,1800,picker-3
186,1680,1706,1807,picker-2
131,1140,1704,1819,picker-1
125,1080,1716,1825,picker-1
195,1740,1768,1831,picker-1
-77,0,1745,1832,picker-2
12,420,1731,1845,picker-2
181,1620,1725,1860,picker-2
201,1740,1785,1875,picker-1
68,720,1796,1880,picker-2
209,1800,1820,1918,picker-1
2,360,1801,1928,picker-3
174,1560,1826,1930,picker-1
145,1260,1832,1947,picker-1
17,420,1808,1952,picker-2
180,1620,1846,1962,picker-2
207,1800,1861,1971,picker-2
121,1080,1876,1974,picker-1
188,1680,1833,1987,picker-2
196,1740,1881,1992,picker-2
170,1560,1919,2023,picker-1
197,1740,1963,2025,picker-2
214,1860,1929,2025,picker-3
215,1920,1931,2029,picker-1
36,540,1953,2031,picker-2
213,1860,1972,2052,picker-2
200,1740,1948,2060,picker-1
154,1380,1975,2068,picker-1
223,1980,1993,2068,picker-2
210,1860,2024,2080,picker-1
211,1860,1988,2090,picker-2
208,1800,2026,2113,picker-2
220,1920,2030,2121,picker-1
202,1740,2032,2128,picker-2
-45,0,2026,2129,picker-3
232,2040,2053,2134,picker-2
23,480,2069,2144,picker-1
35,540,2061,2150,picker-1
148,1320,2091,2157,picker-2
83,840,2081,2158,picker-1
117,1080,2069,2163,picker-2
219,1920,2114,2169,picker-2
149,1320,2122,2178,picker-1
222,1980,2135,2188,picker-2
244,2100,2129,2208,picker-2
-42,0,2130,2227,picker-3
134,1140,2145,2229,picker-1
205,1740,2170,2249,picker-2
234,2100,2151,2260,picker-1
225,1980,2164,2261,picker-2
192,1680,2158,2271,picker-2
229,2040,2159,2274,picker-1
204,1740,2189,2293,picker-2
176,1620,2179,2305,picker-1
247,2160,2230,2318,picker-1
235,2100,2261,2324,picker-1
-25,0,2228,2332,picker-3
-7,0,2262,2346,picker-2
251,2160,2272,2346,picker-2
262,2280,2294,2359,picker-2
257,2220,2250,2365,picker-2
243,2100,2275,2388,picker-1
240,2100,2306,2416,picker-1
254,2220,2360,2435,picker-2
189,1680,2319,2436,picker-1
231,2040,2325,2444,picker-1
185,1680,2366,2454,picker-2
11,420,2333,2474,picker-3
40,540,2347,2475,picker-2
272,2340,2389,2488,picker-1
256,2220,2417,2506,picker-1
281,2400,2445,2530,picker-1
165,1500,2437,2552,picker-1
16,420,2475,2559,picker-3
239,2100,2455,2560,picker-2
187,1680,2489,2560,picker-1
258,2280,2507,2576,picker-1
216,1920,2476,2582,picker-2
259,2280,2531,2583,picker-1
77,780,2561,2624,picker-2
193,1680,2561,2625,picker-1
260,2280,2553,2631,picker-1
277,2400,2577,2639,picker-1
301,2520,2583,2644,picker-2
34,540,2560,2646,picker-3
184,1680,2584,2675,picker-1
249,2160,2626,2687,picker-1
283,2400,2625,2688,picker-2
294,2520,2632,2702,picker-1
299,2520,2640,2707,picker-1
307,2580,2688,2736,picker-1
286,2460,2689,2736,picker-2
261,2280,2676,2742,picker-1
246,2160,2703,2757,picker-1
311,2640,2708,2774,picker-1
279,2400,2743,2787,picker-1
326,2700,2737,2794,picker-1
