cluster,n_skus,mean_total_demand,mean_degree,mean_avg_affinity,mean_max_affinity
6,2010,9.25870646766169,47.670647,1.0733256e-07,2.983796e-05
0,1847,2.224147265836492,13.693016,2.956816e-08,1.7378823e-05
3,1791,28.74930206588498,129.75656,3.246699e-07,5.8212245e-05
1,992,116.87399193548387,273.5232,7.8580183e-07,0.00011339443
8,390,218.64102564102564,718.00256,2.981182e-06,0.00035618123
5,313,1835.3162939297124,408.39297,1.3759673e-06,0.00020430349
4,234,1765.051282051282,1062.5983,6.0661296e-06,0.00073715794
2,139,3494.3525179856115,1311.2518,1.0074145e-05,0.0013091799
7,103,6423.368932038835,1872.1748,2.1255657e-05,0.0019213607
