item_id,item_code,item_class,item_order_frequency,item_initial_quantity_inventory,box_length,box_width,box_height,box_volume,box_weight,number_of_item_in_a_box,item_volume,item_weight,item_unit,item_quantity_order_unique,item_pod_inventory_level,item_warehouse_inventory_level
0,14615070001,0,153,11,35.0,24.0,29.0,24360.0,13.13,6,4060.0,2.188,PCS,"[1, 2, 3, 4, 5, 6, 7, 8, 9, 10, 12, 18, 60]",0.4,0.4
1,10040048001,0,109,40,38.0,22.0,31.0,25916.0,17.0,8,3239.5,2.125,PCS,"[1, 7, 8, 16, 24, 32, 33, 40, 48]",0.4,0.4
2,14110154001,0,90,4,35.0,30.0,25.0,26250.0,2.276,10,2625.0,0.228,PCS,"[1, 2, 3, 4, 5, 6]",0.4,0.4
3,14502016001,0,65,9,39.0,33.0,14.0,18018.0,3.63,30,600.6,0.121,PCS,"[5, 10]",0.4,0.4
4,14612075001,0,60,4,34.0,23.0,28.0,21896.0,11.7,6,3649.3,1.95,PCS,"[1, 2, 3, 4, 5, 12]",0.4,0.4
5,10035010001,0,58,23,41.0,28.0,23.0,26404.0,13.26,24,1100.2,0.552,PCS,"[4, 8, 16, 20, 24, 32, 48]",0.4,0.4
6,14851007001,0,57,4,57.0,30.0,10.0,17100.0,7.06,1,17100.0,7.06,PCS,"[1, 2, 3, 4, 5]",0.4,0.4
7,30011002001,0,57,2,30.0,13.0,19.0,7410.0,6.0,30,247.0,0.2,PCS,"[1, 2, 3]",0.4,0.4
8,12201030001,0,51,41,20.0,10.0,8.0,1615.0,0.2,1,1615.0,0.2,PCS,"[20, 40]",0.4,0.4
9,14633900001,0,50,4,43.0,33.0,11.0,15609.0,8.94,12,1300.8,0.745,PCS,"[1, 2, 4, 6, 12]",0.4,0.4
10,14841001001,0,48,16,31.0,24.0,11.0,8184.0,5.68,24,341.0,0.237,PCS,"[3, 6, 9, 12, 24, 27, 54]",0.4,0.4
11,12221003001,0,47,5,21.0,10.0,8.0,1785.0,0.2,1,1785.0,0.2,PCS,"[1, 2, 3, 4, 5, 6]",0.4,0.4
12,11103317001,0,46,6,29.0,25.0,28.0,20300.0,9.72,6,3383.3,1.62,PCS,"[1, 2, 4, 6, 8]",0.4,0.4
13,14510127001,0,45,3,35.0,24.0,5.0,4288.0,2.2,1,4287.5,2.2,PCS,"[1, 2, 3, 4, 5]",0.4,0.4
14,14833013001,0,43,3,37.0,28.0,21.0,21756.0,4.8,12,1813.0,0.4,PCS,"[1, 2, 3, 4]",0.4,0.4
15,14000015001,0,42,4,45.0,34.0,24.0,36720.0,3.46,5,7344.0,0.692,PCS,"[1, 2, 3, 4, 5, 7, 8]",0.4,0.4
16,14110019001,0,41,3,43.0,26.0,22.0,24596.0,3.07,10,2459.6,0.307,PCS,"[1, 2, 10]",0.4,0.4
17,14105026001,0,37,2,36.0,34.0,18.0,22032.0,2.71,9,2448.0,0.301,PCS,"[1, 2, 3, 4]",0.4,0.4
18,14010219001,0,36,4,44.0,26.0,23.0,26312.0,1.5,10,2631.2,0.15,PCS,"[1, 2, 3, 5, 6, 9]",0.4,0.4
19,12020243001,0,35,4,27.0,18.0,19.0,9234.0,1.67,12,769.5,0.139,PCS,"[1, 2, 5, 10]",0.4,0.4
20,14001039001,0,35,4,33.0,24.0,32.0,25344.0,4.97,12,2112.0,0.414,PCS,"[1, 2, 3, 4, 6]",0.4,0.4
21,10010019001,0,35,23,32.0,17.0,14.0,7616.0,5.1,18,423.1,0.283,PCS,"[6, 12, 18, 36]",0.4,0.4
22,11072001001,0,33,8,51.0,39.0,15.0,29835.0,10.45,12,2486.3,0.871,PCS,"[1, 2, 3, 4, 8, 10, 12]",0.4,0.4
23,14506096001,0,33,2,39.0,27.0,23.0,24219.0,12.69,10,2421.9,1.269,PCS,"[1, 2]",0.4,0.4
24,14204010001,0,33,23,31.0,23.0,21.0,14973.0,1.62,30,499.1,0.054,PCS,"[5, 10, 15, 30]",0.4,0.4
25,14202041001,0,33,3,39.0,29.0,16.0,18096.0,2.04,12,1508.0,0.17,PCS,"[1, 2, 9]",0.4,0.4
26,14610008001,0,32,3,35.0,24.0,29.0,24360.0,12.1,6,4060.0,2.017,PCS,"[1, 2, 3, 6]",0.4,0.4
27,14630027001,0,31,5,29.0,22.0,18.0,11484.0,10.0,12,957.0,0.833,PCS,"[1, 2, 3, 6, 12]",0.4,0.4
28,14244919001,0,31,4,39.0,30.0,17.0,19890.0,4.0,12,1657.5,0.333,PCS,"[1, 2, 3, 6, 7]",0.4,0.4
29,12102080001,0,30,2,45.0,33.0,22.0,32670.0,11.336,24,1361.3,0.472,PCS,"[1, 2]",0.4,0.4
30,31709974001,0,30,3,66.0,25.0,7.0,11550.0,0.7,12,962.5,0.058,PCS,"[1, 2, 3]",0.4,0.4
31,11071916001,0,30,3,17.0,15.0,9.0,2295.0,0.3,12,191.3,0.025,PCS,"[1, 2, 3, 6]",0.4,0.4
32,12210003001,0,30,10,24.0,12.0,48.0,13536.0,0.2,1,13536.0,0.2,PCS,"[5, 10]",0.4,0.4
33,14131074001,0,30,4,43.0,27.0,24.0,27864.0,5.61,24,1161.0,0.234,PCS,"[1, 2, 3, 4, 6, 10]",0.4,0.4
34,31602045001,0,29,4,25.0,17.0,16.0,6800.0,1.72,24,283.3,0.072,PCS,"[1, 2, 4, 6]",0.4,0.4
35,15021047001,0,29,30,42.0,17.0,14.0,9996.0,6.78,24,416.5,0.283,PCS,"[6, 12, 18, 24, 36, 48]",0.4,0.4
36,14506281001,0,29,8,35.0,35.0,16.0,19600.0,2.8,24,816.7,0.117,PCS,[8],0.4,0.4
37,31500025001,0,29,4,50.0,26.0,25.0,32500.0,15.12,30,1083.3,0.504,PCS,"[1, 2, 3, 5, 6]",0.4,0.4
38,10014086001,0,28,28,40.0,27.0,23.0,24840.0,9.372,24,1035.0,0.39,PCS,"[4, 8, 12, 24, 44, 48]",0.4,0.4
39,10020016001,0,28,22,42.0,29.0,20.0,24360.0,13.124,24,1015.0,0.547,PCS,"[4, 8, 12, 16, 20, 24]",0.4,0.4
40,14810030001,0,28,9,36.0,28.0,18.0,18144.0,10.55,24,756.0,0.44,PCS,"[2, 4, 6, 8, 22]",0.4,0.4
41,14131024001,0,28,4,43.0,27.0,24.0,27864.0,5.3,24,1161.0,0.221,PCS,"[1, 2, 4, 5, 6]",0.4,0.4
42,10020025001,0,28,24,33.0,22.0,13.0,9438.0,6.42,24,393.3,0.268,PCS,"[6, 12, 24, 48]",0.4,0.4
43,14833060001,0,28,2,30.0,21.0,10.0,6300.0,4.57,12,525.0,0.381,PCS,"[1, 2]",0.4,0.4
44,10014029001,0,27,25,41.0,28.0,18.0,20664.0,12.92,24,861.0,0.538,PCS,"[3, 6, 9, 15, 18, 24, 48]",0.4,0.4
45,11071902001,0,27,3,43.0,28.0,15.0,18060.0,1.42,12,1505.0,0.118,PCS,"[1, 2, 5]",0.4,0.4
46,14020977001,0,27,3,30.0,24.0,23.0,16560.0,2.25,20,828.0,0.112,PCS,"[1, 2, 5, 6]",0.4,0.4
47,14022107001,0,27,3,50.0,29.0,25.0,36250.0,1.7,12,3020.8,0.142,PCS,"[1, 2, 5]",0.4,0.4
48,14370072001,0,27,5,44.0,35.0,16.0,24640.0,10.2,30,821.3,0.34,PCS,"[1, 2, 4, 5, 7, 11]",0.4,0.4
49,14510118001,0,27,3,35.0,24.0,5.0,4288.0,2.5,1,4287.5,2.5,PCS,"[1, 2, 6]",0.4,0.4
50,14110010001,0,26,3,43.0,26.0,22.0,24596.0,2.61,10,2459.6,0.261,PCS,"[1, 2, 4, 6]",0.4,0.4
51,14120044001,0,26,3,37.0,24.0,24.0,21312.0,3.84,12,1776.0,0.32,PCS,"[1, 2, 3, 5]",0.4,0.4
52,14332016001,0,26,3,49.0,33.0,22.0,35574.0,11.5,6,5929.0,1.917,PCS,"[1, 2, 6]",0.4,0.4
53,14506190001,0,26,3,45.0,27.0,18.0,21870.0,13.39,12,1822.5,1.116,PCS,"[1, 2, 4]",0.4,0.4
54,12010080001,0,26,15,36.0,23.0,25.0,20700.0,12.14,144,143.8,0.084,PCS,"[6, 12, 30]",0.4,0.4
55,10030021001,0,26,24,43.0,29.0,24.0,29928.0,15.762,24,1247.0,0.657,PCS,"[4, 8, 12, 20, 24, 44]",0.4,0.4
56,14332014001,0,25,3,49.0,34.0,21.0,34986.0,12.36,6,5831.0,2.06,PCS,"[1, 2, 6]",0.4,0.4
57,14832056001,0,25,6,32.0,22.0,9.0,6336.0,3.65,24,264.0,0.152,PCS,"[3, 6, 9]",0.4,0.4
58,14506225001,0,25,7,38.0,32.0,14.0,17024.0,3.7,16,1064.0,0.231,PCS,"[4, 8]",0.4,0.4
59,30045077001,0,25,5,32.0,26.0,13.0,10816.0,1.5,20,540.8,0.075,PCS,"[1, 2, 3, 4, 6]",0.4,0.4
60,12010059001,0,25,10,39.0,31.0,25.0,30225.0,16.51,144,209.9,0.115,PCS,"[6, 12]",0.4,0.4
61,31500022004,0,25,3,46.0,32.0,13.0,19136.0,6.24,20,956.8,0.312,PCS,"[1, 2, 3, 4, 6]",0.4,0.4
62,14131044001,0,24,2,30.0,26.0,21.0,16380.0,2.0,10,1638.0,0.2,PCS,"[1, 2, 4]",0.4,0.4
63,14370076001,0,24,7,40.0,3.0,20.0,2400.0,21.34,40,60.0,0.534,PCS,"[1, 2, 3, 4, 8, 9, 10, 11]",0.4,0.4
64,14506018001,0,24,2,40.0,22.0,12.0,10560.0,7.8,4,2640.0,1.95,PCS,"[1, 2]",0.4,0.4
65,14111030001,0,24,3,29.0,21.0,8.0,4872.0,0.27,1,4872.0,0.27,PCS,"[1, 2, 3, 5]",0.4,0.4
66,14023210001,0,24,2,36.0,6.0,20.0,4320.0,0.6,1,4320.0,0.6,PCS,"[1, 2]",0.4,0.4
67,14022027001,0,24,6,31.0,19.0,26.0,15314.0,2.0,15,1020.9,0.133,PCS,"[1, 2, 10, 12]",0.4,0.4
68,14741039001,0,24,4,38.0,27.0,13.0,13338.0,7.4,12,1111.5,0.617,PCS,"[1, 2, 3, 4, 5, 6]",0.4,0.4
69,14243020001,0,24,2,30.0,19.0,15.0,8550.0,2.81,6,1425.0,0.468,PCS,"[1, 2]",0.4,0.4
70,12105045001,0,23,3,22.0,20.0,27.0,11880.0,5.188,3,3960.0,1.729,PCS,"[1, 2, 5]",0.4,0.4
71,12106030001,0,23,12,27.0,16.0,18.0,7776.0,1.12,48,162.0,0.023,PCS,"[2, 4, 8, 12, 24]",0.4,0.4
72,31567019001,0,23,4,35.0,19.0,20.0,13300.0,5.16,12,1108.3,0.43,PCS,"[1, 2, 4, 6]",0.4,0.4
73,14833011001,0,23,9,36.0,27.0,18.0,17496.0,10.2,48,364.5,0.212,PCS,"[3, 6, 9, 12]",0.4,0.4
74,14833002001,0,23,3,38.0,28.0,16.0,17024.0,4.0,12,1418.7,0.333,PCS,"[1, 2, 4]",0.4,0.4
75,14633934001,0,23,4,34.0,28.0,16.0,15232.0,8.88,72,211.6,0.123,PCS,"[1, 2, 3, 4, 6]",0.4,0.4
76,11050045001,0,23,3,37.0,23.0,33.0,28083.0,13.97,4,7020.8,3.492,PCS,"[1, 2, 4]",0.4,0.4
77,12120006001,0,23,5,36.0,30.0,19.0,20520.0,1.81,12,1710.0,0.151,PCS,"[1, 2, 3, 6, 10]",0.4,0.4
78,12212019001,0,23,5,31.0,19.0,29.0,17081.0,8.0,3,5693.7,2.667,PCS,"[1, 2, 3, 4, 5, 6]",0.4,0.4
79,12121089001,0,23,9,40.0,23.0,31.0,28520.0,3.24,24,1188.3,0.135,PCS,"[2, 4, 8, 10, 16]",0.4,0.4
80,14243133001,0,23,3,30.0,20.0,16.0,9600.0,2.82,6,1600.0,0.47,PCS,"[1, 2, 3, 6]",0.4,0.4
81,14523031001,0,23,3,30.0,27.0,20.0,16200.0,6.396,12,1350.0,0.533,PCS,"[1, 2, 6]",0.4,0.4
82,14353045001,0,22,2,54.0,40.0,18.0,38880.0,11.17,12,3240.0,0.931,PCS,"[1, 2, 4]",0.4,0.4
83,14352069001,0,22,2,51.0,25.0,24.0,30600.0,4.5,12,2550.0,0.375,PCS,"[1, 2, 4]",0.4,0.4
84,14241037001,0,22,5,26.0,25.0,16.0,10400.0,1.734,30,346.7,0.058,PCS,"[1, 2, 3, 5, 12]",0.4,0.4
85,14111041001,0,22,3,43.0,35.0,24.0,36120.0,5.0,10,3612.0,0.5,PCS,"[1, 2, 3, 5]",0.4,0.4
86,14210081001,0,22,4,36.0,21.0,19.0,14364.0,1.03,20,718.2,0.052,PCS,"[1, 2, 3, 8]",0.4,0.4
87,14203059001,0,22,3,43.0,30.0,18.0,23220.0,2.88,20,1161.0,0.144,PCS,"[1, 2, 3, 7]",0.4,0.4
88,12010036001,0,22,14,36.0,23.0,25.0,20700.0,12.14,144,143.8,0.084,PCS,"[6, 12, 18]",0.4,0.4
89,15020904001,0,22,11,37.0,20.0,21.0,15540.0,13.3,12,1295.0,1.108,PCS,"[1, 2, 3, 4, 5, 6, 7, 8, 10, 12]",0.4,0.4
90,14511026001,0,22,4,35.0,24.0,5.0,4288.0,1.0,1,4287.5,1.0,PCS,"[1, 2, 6]",0.4,0.4
91,31532099001,0,22,3,60.0,30.0,14.0,25200.0,1.2,24,1050.0,0.05,PCS,"[2, 4]",0.4,0.4
92,14832005001,0,22,12,35.0,26.0,12.0,10920.0,7.3,24,455.0,0.304,PCS,"[3, 6, 9, 12, 18, 24]",0.4,0.4
93,14010088001,0,22,21,42.0,33.0,14.0,19404.0,2.43,15,1293.6,0.162,PCS,"[1, 2, 4, 11, 15, 30]",0.4,0.4
94,14615107001,0,22,3,29.0,23.0,29.0,19343.0,11.5,12,1611.9,0.958,PCS,"[1, 2, 5]",0.4,0.4
95,10032048001,0,22,19,42.0,28.0,24.0,28224.0,15.46,24,1176.0,0.644,PCS,"[4, 8, 16, 20, 24]",0.4,0.4
96,15021057001,0,22,28,33.0,16.0,13.0,6864.0,5.32,24,286.0,0.222,PCS,"[6, 12, 18, 24, 36]",0.4,0.4
97,10021022001,0,22,22,42.0,19.0,24.0,19152.0,13.12,12,1596.0,1.093,PCS,"[12, 24]",0.4,0.4
98,12123079001,0,21,5,33.0,28.0,19.0,17556.0,1.49,12,1463.0,0.124,PCS,"[1, 2, 3, 6, 7]",0.4,0.4
99,14222089001,0,21,2,37.0,24.0,15.0,13320.0,3.9,12,1110.0,0.325,PCS,"[1, 2, 3]",0.4,0.4
100,11050895001,0,21,3,33.0,25.0,30.0,24750.0,13.7,12,2062.5,1.142,PCS,"[1, 2, 3, 6]",0.4,0.4
101,15022021001,0,21,26,33.0,16.0,13.0,6864.0,5.42,24,286.0,0.226,PCS,"[6, 12, 18, 24, 48]",0.4,0.4
102,14202018001,0,21,5,37.0,27.0,21.0,20979.0,7.67,24,874.1,0.32,PCS,"[1, 2, 3, 5, 12]",0.4,0.4
103,14740038001,0,21,6,45.0,34.0,19.0,29070.0,12.84,12,2422.5,1.07,PCS,"[1, 2, 3, 4, 5, 8, 12]",0.4,0.4
104,12011237001,0,21,3,49.0,24.0,26.0,30576.0,12.55,6,5096.0,2.092,PCS,"[1, 2, 5]",0.4,0.4
105,12000108001,0,21,2,43.0,23.0,25.0,24725.0,12.1,12,2060.4,1.008,PCS,"[1, 2]",0.4,0.4
106,14612005001,0,21,3,33.0,25.0,28.0,23100.0,17.662,12,1925.0,1.472,PCS,"[1, 2, 3]",0.4,0.4
107,14805059001,0,21,17,41.0,27.0,13.0,14391.0,10.1,24,599.6,0.421,PCS,"[6, 12, 24, 36]",0.4,0.4
108,12123111001,0,21,6,8.0,12.0,11.0,1102.0,0.2,1,1102.08,0.2,PCS,"[3, 6]",0.4,0.4
109,14120014001,0,21,2,44.0,33.0,20.0,29040.0,6.71,12,2420.0,0.559,PCS,"[1, 2, 4]",0.4,0.4
110,12010192001,0,20,2,30.0,20.0,16.0,9600.0,3.5,12,800.0,0.292,PCS,"[1, 2]",0.4,0.4
111,14241023001,0,20,3,43.0,30.0,17.0,21930.0,5.15,24,913.8,0.215,PCS,"[1, 2, 3]",0.4,0.4
112,12120007001,0,20,5,36.0,30.0,19.0,20520.0,1.83,12,1710.0,0.152,PCS,"[1, 2, 6, 8]",0.4,0.4
113,14121039001,0,20,2,43.0,32.0,16.0,22016.0,5.86,12,1834.7,0.488,PCS,"[1, 2, 4]",0.4,0.4
114,14820031001,0,20,3,31.0,22.0,14.0,9548.0,7.43,12,795.7,0.619,PCS,"[1, 2, 4]",0.4,0.4
115,14822062001,0,20,2,30.0,23.0,13.0,8970.0,7.54,12,747.5,0.628,PCS,"[1, 2]",0.4,0.4
116,14001096001,0,20,2,48.0,20.0,25.0,24000.0,3.2,12,2000.0,0.267,PCS,"[1, 2]",0.4,0.4
117,14506045001,0,20,2,46.0,23.0,27.0,28566.0,4.57,12,2380.5,0.381,PCS,"[1, 2]",0.4,0.4
118,14601065001,0,20,2,34.0,28.0,19.0,18088.0,10.78,60,301.5,0.18,PCS,"[1, 2]",0.4,0.4
119,14523104001,0,20,2,17.0,18.0,4.0,1224.0,0.2,1,1224.0,0.2,PCS,"[1, 2]",0.4,0.4
120,14330039001,0,20,4,53.0,40.0,17.0,36040.0,12.92,12,3003.3,1.077,PCS,"[1, 2, 3, 4, 10]",0.4,0.4
121,14512013001,0,20,2,50.0,24.0,21.0,25200.0,15.29,12,2100.0,1.274,PCS,"[1, 2, 3]",0.4,0.4
122,12001109001,0,20,2,20.0,22.0,24.0,10560.0,5.49,6,1760.0,0.915,PCS,"[1, 2, 3]",0.4,0.4
123,10014030001,0,20,22,42.0,29.0,24.0,29232.0,13.78,24,1218.0,0.574,PCS,"[4, 8, 16, 24, 44]",0.4,0.4
124,12000016001,0,20,2,38.0,24.0,21.0,19152.0,10.068,12,1596.0,0.839,PCS,"[1, 2, 3]",0.4,0.4
125,14010226001,0,20,3,42.0,35.0,20.0,29400.0,1.1,10,2940.0,0.11,PCS,"[1, 2, 5]",0.4,0.4
126,12123901001,0,20,11,11.0,10.0,16.0,1758.0,0.4,1,1757.59,0.4,PCS,"[2, 4, 6, 8, 12, 14, 20]",0.4,0.4
127,14104005001,0,20,3,32.0,25.0,21.0,16800.0,1.806,10,1680.0,0.181,PCS,"[1, 2, 6]",0.4,0.4
128,11073907001,0,20,3,26.0,24.0,13.0,8112.0,3.0,12,676.0,0.25,PCS,"[1, 2, 3]",0.4,0.4
129,14210024001,0,19,4,36.0,25.0,27.0,24300.0,5.622,25,972.0,0.225,PCS,"[1, 2, 3, 4, 5]",0.4,0.4
130,14010038001,0,19,16,39.0,26.0,18.0,18252.0,1.94,15,1216.8,0.129,PCS,[15],0.4,0.4
131,10031023001,0,19,21,43.0,27.0,24.0,27864.0,15.0,24,1161.0,0.625,PCS,"[4, 8, 16, 24]",0.4,0.4
132,14210046001,0,19,2,41.0,29.0,14.0,16646.0,4.78,12,1387.2,0.398,PCS,"[1, 2, 3]",0.4,0.4
133,10020012001,0,19,27,40.0,27.0,10.0,10800.0,7.23,24,450.0,0.301,PCS,"[6, 12, 24, 48]",0.4,0.4
134,14242145001,0,19,2,38.0,28.0,24.0,25536.0,2.8,12,2128.0,0.233,PCS,"[1, 2, 3]",0.4,0.4
135,12012145001,1,5,13,27.0,19.0,15.0,7695.0,4.7,24,320.6,0.196,PCS,"[1, 5, 6, 12]",0.5,0.5
136,14506349001,1,4,2,54.0,31.0,21.0,35154.0,9.4,24,1464.8,0.392,PCS,"[1, 2]",0.5,0.5
137,14351069001,1,4,15,49.0,33.0,25.0,40425.0,4.582,18,2245.8,0.255,PCS,"[1, 9, 10, 13]",0.5,0.5
138,14620061001,1,3,6,27.0,21.0,30.0,17010.0,10.1,12,1417.5,0.842,PCS,"[1, 6]",0.5,0.5
139,14204069001,1,3,3,49.0,33.0,21.0,33957.0,4.506,36,943.3,0.125,PCS,"[1, 3]",0.5,0.5
140,12012014001,1,2,3,30.0,16.0,20.0,9600.0,1.76,12,800.0,0.147,PCS,"[1, 2]",0.5,0.5
141,12012985001,1,2,3,37.0,19.0,19.0,13357.0,6.056,24,556.5,0.252,PCS,"[1, 2]",0.5,0.5
142,12013033001,1,2,2,38.0,28.0,19.0,20216.0,1.84,6,3369.3,0.307,PCS,[2],0.5,0.5
143,12016100001,1,2,1,24.0,17.0,14.0,5712.0,4.18,24,238.0,0.174,PCS,[1],0.5,0.5
144,12123099001,1,2,15,11.0,10.0,14.0,1484.0,0.1,1,1483.9,0.1,PCS,"[4, 12]",0.5,0.5
145,12000036001,1,2,3,26.0,22.0,23.0,13156.0,7.003,6,2192.7,1.167,PCS,"[1, 2]",0.5,0.5
146,12020147001,1,2,7,27.0,16.0,19.0,8208.0,3.12,12,684.0,0.26,PCS,"[2, 6]",0.5,0.5
147,12105025001,1,2,1,40.0,29.0,20.0,23200.0,9.63,12,1933.3,0.803,PCS,[1],0.5,0.5
148,12105018001,1,2,1,26.0,24.0,21.0,13104.0,6.374,12,1092.0,0.531,PCS,[1],0.5,0.5
149,30450039001,1,2,1,33.0,22.0,21.0,15246.0,2.42,24,635.3,0.101,PCS,[1],0.5,0.5
150,12011126001,1,2,5,47.0,28.0,21.0,27636.0,13.83,12,2303.0,1.152,PCS,"[1, 4]",0.5,0.5
151,14310053001,1,2,1,52.0,22.0,20.0,22880.0,6.0,6,3813.3,1.0,PCS,[1],0.5,0.5
152,12327063001,1,2,1,41.0,27.0,10.0,11070.0,7.7,1,11070.0,7.7,PCS,[1],0.5,0.5
153,12021923001,1,2,13,23.0,14.0,18.0,5796.0,2.4,12,483.0,0.2,PCS,"[10, 12]",0.5,0.5
154,61080010002,1,2,5,21.0,10.0,15.0,3150.0,1.0,6,525.0,0.167,PCS,"[1, 4]",0.5,0.5
155,14222120001,1,2,13,29.0,11.0,20.0,6380.0,1.78,10,638.0,0.178,PCS,"[1, 10]",0.5,0.5
156,12022171001,1,2,2,17.0,17.0,21.0,6069.0,1.06,12,505.8,0.088,PCS,[2],0.5,0.5
157,10023037001,1,2,14,41.0,28.0,24.0,27552.0,14.08,24,1148.0,0.587,PCS,"[4, 12]",0.5,0.5
158,14020978001,1,2,37,37.0,20.0,22.0,16280.0,2.48,14,1162.9,0.177,PCS,"[1, 30]",0.5,0.5
159,12005084008,1,2,1,15.0,9.0,16.0,2160.0,0.3,3,720.0,0.1,PCS,[1],0.5,0.5
160,12021994001,1,2,3,20.0,17.0,17.0,5780.0,2.852,12,481.7,0.238,PCS,"[1, 2]",0.5,0.5
161,10041058001,1,2,9,41.0,28.0,23.0,26404.0,15.0,24,1100.2,0.625,PCS,"[4, 8]",0.5,0.5
162,12344036001,1,1,2,25.0,17.0,6.0,2550.0,0.632,10,255.0,0.063,PCS,[2],0.5,0.5
163,12202006001,1,1,19,31.0,21.0,22.0,14322.0,1.0,1,14322.0,1.0,PCS,"[1, 4, 7]",0.5,0.5
164,12327014001,1,1,1,41.0,29.0,19.0,22591.0,6.9,6,3765.2,1.15,PCS,[1],0.5,0.5
165,12151018001,1,1,1,18.0,17.0,3.0,918.0,0.538,6,153.0,0.09,PCS,[1],0.5,0.5
166,12140011001,1,1,1,41.0,27.0,18.0,19926.0,9.3,12,1660.5,0.775,PCS,[1],0.5,0.5
167,12211004001,1,1,16,21.0,20.0,10.0,4095.0,0.1,1,4095.0,0.1,PCS,[16],0.5,0.5
168,14111053001,1,1,35,47.0,20.0,25.0,23500.0,2.91,12,1958.3,0.243,PCS,"[5, 19]",0.5,0.5
169,12234921001,1,1,2,51.0,24.0,43.0,52632.0,4.23,3,17544.0,1.41,PCS,[1],0.5,0.5
170,12302047001,1,1,1,24.0,13.0,17.0,5304.0,1.66,12,442.0,0.138,PCS,[1],0.5,0.5
171,12120065001,1,1,3,39.0,29.0,16.0,18096.0,2.3,36,502.7,0.064,PCS,[3],0.5,0.5
172,14222121001,1,1,1,28.0,11.0,20.0,6160.0,1.8,10,616.0,0.18,PCS,[1],0.5,0.5
173,12326002001,1,1,2,38.0,29.0,24.0,26448.0,0.74,6,4408.0,0.123,PCS,[2],0.5,0.5
174,12123044001,1,1,2,13.0,10.0,16.0,2170.0,0.2,1,2169.86,0.2,PCS,[2],0.5,0.5
175,12320188001,1,1,1,23.0,15.0,9.0,3105.0,1.37,12,258.8,0.114,PCS,[1],0.5,0.5
176,12111010004,1,1,1,32.0,11.0,12.0,4224.0,0.58,12,352.0,0.048,PCS,[1],0.5,0.5
177,12120048001,1,1,2,37.0,22.0,22.0,17908.0,2.49,36,497.4,0.069,PCS,[2],0.5,0.5
178,12103081001,1,1,36,29.0,25.0,31.0,22475.0,1.65,72,312.2,0.023,PCS,[36],0.5,0.5
179,12031127001,1,1,2,8.0,6.0,11.0,528.0,0.25,3,176.0,0.083,PCS,[2],0.5,0.5
180,12032043007,1,1,1,13.0,10.0,11.0,1430.0,0.2,12,119.2,0.017,PCS,[1],0.5,0.5
181,12032101001,1,1,1,30.0,12.0,14.0,5040.0,0.6,24,210.0,0.025,PCS,[1],0.5,0.5
182,12034103001,1,1,2,28.0,28.0,11.0,8624.0,3.308,12,718.7,0.276,PCS,[2],0.5,0.5
183,12034999001,1,1,1,20.0,18.0,8.0,2880.0,0.446,12,240.0,0.037,PCS,[1],0.5,0.5
184,12100911001,1,1,1,45.0,31.0,21.0,29295.0,9.7,60,488.3,0.162,PCS,[1],0.5,0.5
185,12101001002,1,1,6,32.0,18.0,18.0,10368.0,2.12,36,288.0,0.059,PCS,[6],0.5,0.5
186,12101032001,1,1,1,52.0,37.0,15.0,28860.0,7.2,120,240.5,0.06,PCS,[1],0.5,0.5
187,12102092001,1,1,1,22.0,13.0,22.0,6292.0,1.88,12,524.3,0.157,PCS,[1],0.5,0.5
188,12102114001,1,1,1,23.0,8.0,16.0,2944.0,1.21,10,294.4,0.121,PCS,[1],0.5,0.5
189,12103126001,1,1,2,32.0,22.0,26.0,18304.0,1.56,48,381.3,0.032,PCS,[2],0.5,0.5
190,12120043001,1,1,4,8.0,14.0,14.0,1458.0,0.11,1,1458.0,0.11,PCS,[4],0.5,0.5
191,12103127001,1,1,2,39.0,25.0,31.0,30225.0,1.81,48,629.7,0.038,PCS,[2],0.5,0.5
192,12103146001,1,1,1,26.0,26.0,13.0,8788.0,1.04,12,732.3,0.087,PCS,[1],0.5,0.5
193,12103154001,1,1,8,26.0,19.0,26.0,12844.0,1.09,48,267.6,0.023,PCS,[8],0.5,0.5
194,12103156001,1,1,2,34.0,22.0,24.0,17952.0,1.21,48,374.0,0.025,PCS,[2],0.5,0.5
195,12103179001,1,1,1,23.0,8.0,5.0,920.0,0.11,6,153.3,0.018,PCS,[1],0.5,0.5
196,12104006001,1,1,1,30.0,19.0,19.0,10830.0,2.86,24,451.3,0.119,PCS,[1],0.5,0.5
197,12105027001,1,1,1,30.0,31.0,24.0,22320.0,13.08,12,1860.0,1.09,PCS,[1],0.5,0.5
198,12106034001,1,1,1,20.0,15.0,10.0,3000.0,1.2,12,250.0,0.1,PCS,[1],0.5,0.5
199,12106047001,1,1,1,20.0,17.0,22.0,7480.0,0.56,24,311.7,0.023,PCS,[1],0.5,0.5
200,14241001001,1,1,1,41.0,25.0,23.0,23575.0,4.62,20,1178.8,0.231,PCS,[1],0.5,0.5
201,14225934001,1,1,1,24.0,15.0,17.0,6120.0,2.0,36,170.0,0.056,PCS,[1],0.5,0.5
202,10014055001,1,1,24,39.0,26.0,23.0,23322.0,13.2,24,971.8,0.55,PCS,[24],0.5,0.5
203,14241036001,1,1,1,26.0,25.0,16.0,10400.0,1.708,30,346.7,0.057,PCS,[1],0.5,0.5
204,31707941001,1,1,6,27.0,21.0,21.0,11907.0,0.113,24,496.1,0.005,PCS,"[1, 3]",0.5,0.5
205,14851006001,1,1,2,40.0,56.0,13.0,29120.0,8.116,1,29120.0,8.116,PCS,[2],0.5,0.5
206,15022020001,1,1,35,36.0,24.0,14.0,12096.0,8.32,24,504.0,0.347,PCS,"[12, 18]",0.5,0.5
207,15023038001,1,1,24,37.0,25.0,17.0,15725.0,9.6,24,655.2,0.4,PCS,[24],0.5,0.5
208,30013004001,1,1,2,42.0,19.0,15.0,11970.0,13.026,30,399.0,0.434,PCS,[2],0.5,0.5
209,30073022001,1,1,1,40.0,25.0,28.0,28000.0,5.53,10,2800.0,0.553,PCS,[1],0.5,0.5
210,31215012001,1,1,3,32.0,12.0,19.0,7296.0,1.556,12,608.0,0.13,PCS,[3],0.5,0.5
211,31226017001,1,1,3,21.0,21.0,9.0,3969.0,1.47,12,330.8,0.122,PCS,[3],0.5,0.5
212,31530106001,1,1,1,40.0,33.0,6.0,7920.0,0.88,12,660.0,0.073,PCS,[1],0.5,0.5
213,31531171001,1,1,10,33.0,20.0,17.0,11220.0,1.14,12,935.0,0.095,PCS,[10],0.5,0.5
214,31533211001,1,1,1,53.0,32.0,17.0,28832.0,0.8,36,800.9,0.022,PCS,[1],0.5,0.5
215,31567060001,1,1,2,33.0,20.0,12.0,7920.0,3.1,12,660.0,0.258,PCS,[2],0.5,0.5
216,31602031001,1,1,1,19.0,18.0,26.0,8892.0,2.0,48,185.3,0.042,PCS,[1],0.5,0.5
217,31856016002,1,1,1,55.0,25.0,30.0,41250.0,14.19,8,5156.3,1.774,PCS,[1],0.5,0.5
218,14721916001,1,1,1,23.0,15.0,19.0,6555.0,0.62,10,655.5,0.062,PCS,[1],0.5,0.5
219,32440140001,1,1,1,4.0,37.0,1.0,148.0,0.4,6,24.7,0.067,PCS,[1],0.5,0.5
220,14510039001,2,535,7,35.0,24.0,5.0,4288.0,3.0,1,4287.5,3.0,PCS,"[1, 2, 3, 4, 5, 6, 8, 10]",0.5,0.5
221,10021006001,2,432,112,42.0,28.0,24.0,28224.0,16.04,24,1176.0,0.668,PCS,"[4, 8, 12, 16, 20, 24, 28, 36, 48, 52, 64, 72, 96, 108, 120, 124, 128]",0.5,0.5
222,10033057001,2,352,57,40.0,27.0,23.0,24840.0,17.18,24,1035.0,0.716,PCS,"[4, 8, 12, 16, 20, 24, 28, 40, 44, 48, 72]",0.5,0.5
223,10002992001,2,351,4,27.0,19.0,23.0,11799.0,6.27,1,11799.0,6.27,PCS,"[1, 2, 3, 4, 5, 7]",0.5,0.5
224,10033041001,2,324,55,39.0,26.0,24.0,24336.0,15.762,24,1014.0,0.657,PCS,"[6, 12, 18, 24, 36, 42, 48]",0.5,0.5
225,14370004001,2,316,12,42.0,34.0,19.0,27132.0,20.92,20,1356.6,1.046,PCS,"[1, 2, 3, 4, 5, 6, 7, 8, 9, 10, 11, 12, 14, 16, 19, 30]",0.5,0.5
226,14833010001,2,290,29,35.0,27.0,10.0,9450.0,5.5,24,393.8,0.229,PCS,"[3, 6, 9, 12, 24, 30, 48, 150]",0.5,0.5
227,14110106001,2,289,7,50.0,33.0,20.0,33000.0,5.89,10,3300.0,0.589,PCS,"[1, 2, 3, 4, 5, 6, 7, 8, 10, 12]",0.5,0.5
228,14504055001,2,284,15,41.0,33.0,15.0,20295.0,3.13,30,676.5,0.104,PCS,"[5, 10, 35]",0.5,0.5
229,10021016001,2,280,63,43.0,29.0,24.0,29928.0,16.27,24,1247.0,0.678,PCS,"[4, 8, 12, 16, 20, 24, 28, 32, 40, 48, 64, 72]",0.5,0.5
230,14510258001,2,264,9,35.0,24.0,5.0,4288.0,3.0,1,4287.5,3.0,PCS,"[1, 2, 3, 4, 5, 6, 13, 22, 24]",0.5,0.5
231,15021001001,2,262,88,32.0,16.0,13.0,6656.0,5.27,24,277.3,0.22,PCS,"[6, 12, 18, 24, 30, 36, 42, 48, 60, 66, 72, 96, 108, 168]",0.5,0.5
232,10030003001,2,260,44,42.0,29.0,24.0,29232.0,15.358,24,1218.0,0.64,PCS,"[4, 8, 12, 16, 20, 24, 32, 48]",0.5,0.5
233,12220002001,2,255,5,31.0,21.0,22.0,14322.0,1.0,1,14322.0,1.0,PCS,"[1, 2, 8]",0.5,0.5
234,10034999001,2,253,63,34.0,20.0,11.0,7480.0,6.58,24,311.7,0.274,PCS,"[6, 12, 18, 24, 48, 54, 72, 96]",0.5,0.5
235,14620907001,2,251,9,33.0,23.0,28.0,21252.0,12.22,6,3542.0,2.037,PCS,"[1, 2, 3, 4, 5, 6, 12, 30]",0.5,0.5
236,10011003001,2,246,36,33.0,16.0,13.0,6864.0,5.44,24,286.0,0.227,PCS,"[6, 12, 18, 24, 30, 36, 42, 48, 96]",0.5,0.5
237,14850001001,2,245,6,80.0,40.0,12.0,38400.0,15.0,1,38400.0,15.0,PCS,"[1, 2, 3, 4, 5, 7]",0.5,0.5
238,10040005001,2,236,82,41.0,27.0,24.0,26568.0,15.68,24,1107.0,0.653,PCS,"[6, 12, 18, 24, 42, 48, 60, 72]",0.5,0.5
239,10014028001,2,236,64,34.0,20.0,11.0,7480.0,6.63,24,311.7,0.276,PCS,"[6, 12, 18, 24, 36, 42, 48, 60]",0.5,0.5
240,14505115001,2,236,53,38.0,33.0,14.0,17556.0,3.75,24,731.5,0.156,PCS,"[4, 8, 12, 16, 20, 24, 28, 32, 40, 48, 72, 96]",0.5,0.5
241,14620014001,2,234,11,33.0,23.0,28.0,21252.0,12.21,6,3542.0,2.035,PCS,"[1, 2, 3, 4, 5, 6, 9, 11, 12, 13, 16, 18, 22, 23, 27]",0.5,0.5
242,10015007001,2,225,68,33.0,22.0,14.0,10164.0,7.26,24,423.5,0.302,PCS,"[24, 48, 72, 96]",0.5,0.5
243,15023012001,2,224,51,34.0,20.0,11.0,7480.0,6.75,24,311.7,0.281,PCS,"[1, 5, 6, 7, 12, 17, 18, 23, 24, 30, 36, 48, 49, 72, 96]",0.5,0.5
244,14001052001,2,219,7,47.0,32.0,22.0,33088.0,3.95,12,2757.3,0.329,PCS,"[1, 2, 3, 4, 5, 6, 7, 10, 11, 12]",0.5,0.5
245,14612018002,2,218,6,33.0,24.0,28.0,22176.0,17.58,12,1848.0,1.465,PCS,"[1, 2, 3, 4, 5, 6, 8, 12]",0.5,0.5
246,14831002001,2,217,15,32.0,23.0,18.0,13248.0,8.13,48,276.0,0.169,PCS,"[3, 6, 9, 12, 18, 48]",0.5,0.5
247,12200001001,2,217,119,21.0,9.0,31.0,5859.0,1.0,1,5859.0,1.0,PCS,"[6, 12, 18, 24, 30, 36, 42, 48, 66, 72, 78, 84, 108, 144]",0.5,0.5
248,14503005001,2,216,16,32.0,32.0,14.0,14336.0,3.17,24,597.3,0.132,PCS,"[4, 8, 12, 16, 20, 24]",0.5,0.5
249,12201043001,2,212,142,20.0,10.0,8.0,1615.0,1.0,1,1615.0,1.0,PCS,"[2, 8, 10, 12, 18, 20, 28, 30, 40, 50, 52, 58, 60, 62, 70, 140, 160]",0.5,0.5
250,10034014001,2,212,56,35.0,20.0,13.0,9100.0,7.87,24,379.2,0.328,PCS,"[6, 12, 18, 24, 30, 48]",0.5,0.5
251,10011016001,2,207,38,35.0,20.0,13.0,9100.0,7.9,24,379.2,0.329,PCS,"[6, 12, 18, 24, 30, 48, 72]",0.5,0.5
252,14833024001,2,200,14,31.0,24.0,11.0,8184.0,5.08,24,341.0,0.212,PCS,"[3, 6, 9, 12, 18, 24, 30, 39, 48]",0.5,0.5
253,12201024001,2,198,39,21.0,9.0,31.0,5859.0,1.0,1,5859.0,1.0,PCS,"[20, 40]",0.5,0.5
254,15022004001,2,197,66,32.0,15.0,13.0,6240.0,5.25,24,260.0,0.219,PCS,"[6, 12, 18, 24, 30, 36, 48, 60, 66, 72, 84, 96, 120, 174, 186]",0.5,0.5
255,15020010001,2,196,77,32.0,16.0,13.0,6656.0,5.26,24,277.3,0.219,PCS,"[6, 12, 18, 24, 30, 36, 42, 48, 53, 67, 72, 78, 90, 96, 114, 120, 144, 168, 234]",0.5,0.5
256,14000075001,2,184,3,60.0,33.0,20.0,39600.0,2.62,11,3600.0,0.238,PCS,"[1, 2, 3, 4, 5, 6, 7, 9, 11]",0.5,0.5
257,10032049001,2,183,29,35.0,21.0,12.0,8820.0,6.69,24,367.5,0.279,PCS,"[6, 12, 18, 24, 36, 48]",0.5,0.5
258,14010060001,2,182,5,52.0,33.0,25.0,42900.0,1.83,12,3575.0,0.152,PCS,"[1, 2, 3, 4, 5, 6, 7, 10, 11, 12, 15, 27]",0.5,0.5
259,14620006001,2,182,4,34.0,22.0,28.0,20944.0,11.95,6,3490.7,1.992,PCS,"[1, 2, 3, 4, 5, 6, 8, 10, 12, 14]",0.5,0.5
260,14831021001,2,181,8,33.0,23.0,9.0,6831.0,3.82,24,284.6,0.159,PCS,"[3, 6, 9, 12]",0.5,0.5
261,14804004001,2,175,19,41.0,28.0,13.0,14924.0,9.8,24,621.8,0.408,PCS,"[6, 12, 18, 24, 48, 60]",0.5,0.5
262,14000014001,2,175,3,41.0,34.0,23.0,32062.0,2.92,5,6412.4,0.584,PCS,"[1, 2, 3, 4, 5, 7]",0.5,0.5
263,14504027001,2,172,20,40.0,31.0,13.0,16120.0,2.95,30,537.3,0.098,PCS,"[5, 10, 15, 20, 30, 35, 45, 55, 60]",0.5,0.5
264,14500014001,2,171,7,31.0,17.0,14.0,7378.0,1.25,1,7378.0,1.25,PCS,"[1, 2, 6, 8, 10, 12, 15, 16, 47]",0.5,0.5
265,14121136001,2,171,3,50.0,21.0,23.0,24150.0,3.68,12,2012.5,0.307,PCS,"[1, 2, 3, 4, 5, 6, 7, 8]",0.5,0.5
266,10002003001,2,171,25,43.0,28.0,24.0,28896.0,16.03,24,1204.0,0.668,PCS,"[4, 8, 12, 16, 24, 28, 32, 48]",0.5,0.5
267,14505021001,2,167,18,40.0,33.0,14.0,18480.0,3.79,30,616.0,0.126,PCS,"[1, 4, 5, 9, 10, 15, 20, 30, 60]",0.5,0.5
268,12221012001,2,165,7,21.0,9.0,20.0,3780.0,1.0,1,3780.0,1.0,PCS,"[1, 2, 3, 4, 7, 8, 10, 12]",0.5,0.5
269,10014033001,2,165,37,35.0,20.0,13.0,9100.0,7.93,24,379.2,0.33,PCS,"[6, 12, 18, 24, 48]",0.5,0.5
270,14130010001,2,162,2,29.0,13.0,24.0,9048.0,0.8,1,9048.0,0.8,PCS,"[1, 2, 3, 4]",0.5,0.5
271,14831011001,2,162,7,32.0,23.0,17.0,12512.0,7.71,48,260.7,0.161,PCS,"[3, 6, 9, 12, 21]",0.5,0.5
272,14130009001,2,160,3,56.0,26.0,23.0,33488.0,4.8,8,4186.0,0.6,PCS,"[1, 2, 3, 4, 5, 6, 7]",0.5,0.5
273,14833009001,2,160,8,35.0,26.0,9.0,8190.0,5.5,24,341.3,0.229,PCS,"[3, 6, 9, 12, 24, 30]",0.5,0.5
274,12201898001,2,158,110,19.0,10.0,8.0,1550.0,1.0,1,1550.4,1.0,PCS,"[14, 24, 48, 72, 96, 120, 144]",0.5,0.5
275,10001001001,2,158,15,34.0,24.0,31.0,25296.0,13.34,6,4216.0,2.223,PCS,"[1, 2, 3, 6, 12, 18, 21, 30, 48, 51]",0.5,0.5
276,14020006001,2,156,3,59.0,36.0,21.0,44604.0,2.55,6,7434.0,0.425,PCS,"[1, 2, 3, 4, 5, 6]",0.5,0.5
277,14121115001,2,152,4,35.0,29.0,24.0,24360.0,3.1,10,2436.0,0.31,PCS,"[1, 2, 4, 5, 6, 8, 10]",0.5,0.5
278,12220003001,2,152,5,31.0,21.0,22.0,14322.0,1.0,1,14322.0,1.0,PCS,"[1, 2, 3, 4, 5, 6, 8, 10, 11, 16]",0.5,0.5
279,14001046001,2,148,7,37.0,24.0,23.0,20424.0,2.52,12,1702.0,0.21,PCS,"[1, 2, 3, 4, 5, 6, 7, 8, 10, 11, 12, 31]",0.5,0.5
280,10002014001,2,144,33,41.0,27.0,13.0,14391.0,9.53,24,599.6,0.397,PCS,"[6, 12, 18, 24, 30, 42, 48, 96]",0.5,0.5
281,10020041001,2,144,35,33.0,27.0,11.0,9801.0,6.17,30,326.7,0.206,PCS,"[6, 12, 18, 24, 30, 36, 42, 48, 54, 60]",0.5,0.5
282,10002046001,2,144,29,43.0,29.0,12.0,14964.0,8.82,24,623.5,0.368,PCS,"[6, 12, 18, 24, 36, 48, 72]",0.5,0.5
283,10012011001,2,141,44,35.0,20.0,13.0,9100.0,7.88,24,379.2,0.328,PCS,"[6, 12, 18, 24, 36, 48, 72]",0.5,0.5
284,10035017001,2,141,23,42.0,28.0,24.0,28224.0,14.6,24,1176.0,0.608,PCS,"[4, 8, 12, 16, 20, 24, 28, 32, 40, 48, 56]",0.5,0.5
285,14111039001,2,137,3,29.0,21.0,8.0,4872.0,1.0,1,4872.0,1.0,PCS,"[1, 2, 3, 4, 5, 6]",0.5,0.5
286,10034027001,2,136,32,35.0,20.0,13.0,9100.0,8.0,24,379.2,0.333,PCS,"[6, 12, 18, 24, 30, 48]",0.5,0.5
287,10001022001,2,128,20,42.0,28.0,23.0,27048.0,13.81,24,1127.0,0.575,PCS,"[4, 8, 12, 16, 24, 36, 48]",0.5,0.5
288,14833018001,2,127,4,37.0,29.0,21.0,22533.0,4.89,12,1877.8,0.408,PCS,"[1, 2, 3, 4, 5, 10, 14]",0.5,0.5
289,12201037001,2,125,70,19.0,10.0,8.0,1550.0,0.2,1,1550.4,0.2,PCS,"[24, 48, 72, 120, 144, 168]",0.5,0.5
290,10014009001,2,124,32,40.0,27.0,17.0,18360.0,12.08,24,765.0,0.503,PCS,"[6, 12, 18, 24, 30, 36, 42, 48, 96]",0.5,0.5
291,14504052001,2,123,5,50.0,35.0,15.0,26250.0,2.29,12,2187.5,0.191,PCS,"[1, 2, 3, 4, 6, 8, 12, 19]",0.5,0.5
292,10031004001,2,123,30,42.0,28.0,24.0,28224.0,14.85,24,1176.0,0.619,PCS,"[4, 8, 12, 16, 20, 24, 28, 32, 40, 48]",0.5,0.5
293,10033044001,2,121,11,35.0,23.0,31.0,24955.0,17.67,8,3119.4,2.209,PCS,"[1, 2, 3, 4, 6, 7, 8, 16, 24, 30]",0.5,0.5
294,10035002001,2,121,14,36.0,24.0,31.0,26784.0,17.3,8,3348.0,2.162,PCS,"[1, 2, 3, 4, 5, 6, 7, 8, 10, 16, 20, 22, 24]",0.5,0.5
295,14010094001,2,120,3,34.0,29.0,16.0,15776.0,2.57,6,2629.3,0.428,PCS,"[1, 2, 3, 4, 6]",0.5,0.5
296,14504002001,2,118,21,41.0,31.0,13.0,16523.0,4.05,30,550.8,0.135,PCS,"[5, 10, 15, 20, 25, 30, 40, 45, 60]",0.5,0.5
297,12201065001,2,118,79,19.0,10.0,8.0,1550.0,0.2,1,1550.4,0.2,PCS,"[12, 24, 36, 60, 72, 84, 96, 144, 168]",0.5,0.5
298,14223045001,2,118,4,40.0,28.0,19.0,21280.0,5.1,12,1773.3,0.425,PCS,"[2, 4, 6, 8, 10]",0.5,0.5
299,14500064001,2,117,9,39.0,33.0,14.0,18018.0,3.98,30,600.6,0.133,PCS,"[5, 10]",0.5,0.5
300,14840018001,2,114,7,46.0,31.0,12.0,17112.0,11.8,48,356.5,0.246,PCS,"[3, 6, 9, 12]",0.5,0.5
301,10032020001,2,113,17,41.0,28.0,21.0,24108.0,12.47,24,1004.5,0.52,PCS,"[4, 8, 12, 16, 20, 24, 28]",0.5,0.5
302,14502054001,2,113,9,36.0,33.0,15.0,17820.0,2.39,8,2227.5,0.299,PCS,"[2, 4, 6, 8, 12, 16]",0.5,0.5
303,14105130001,2,112,3,36.0,34.0,18.0,22032.0,2.29,9,2448.0,0.254,PCS,"[1, 2, 3, 4, 7]",0.5,0.5
304,14503002001,2,112,8,38.0,32.0,14.0,17024.0,3.13,30,567.5,0.104,PCS,"[5, 10]",0.5,0.5
305,14001034001,2,111,4,34.0,25.0,25.0,21250.0,3.08,10,2125.0,0.308,PCS,"[1, 2, 3, 4, 5, 6, 7, 8, 9]",0.5,0.5
306,14112021001,2,111,2,58.0,26.0,24.0,36192.0,3.03,10,3619.2,0.303,PCS,"[1, 2, 3, 6]",0.5,0.5
307,14121094001,2,111,3,52.0,43.0,24.0,53664.0,6.282,8,6708.0,0.785,PCS,"[1, 2, 3, 4, 5, 6]",0.5,0.5
308,15020046001,2,111,63,32.0,17.0,12.0,6528.0,5.23,24,272.0,0.218,PCS,"[6, 11, 12, 13, 18, 23, 24, 30, 36, 42, 48, 66, 72, 78, 96]",0.5,0.5
309,14110086001,2,110,3,74.0,29.0,24.0,51504.0,8.0,15,3433.6,0.533,PCS,"[1, 2, 3, 4, 5, 7]",0.5,0.5
310,10034039001,2,110,32,35.0,20.0,13.0,9100.0,7.9,24,379.2,0.329,PCS,"[6, 12, 18, 24, 30, 36, 48, 66]",0.5,0.5
311,14020014001,2,109,3,48.0,28.0,23.0,30912.0,1.19,10,3091.2,0.119,PCS,"[1, 2, 3, 4, 5, 6]",0.5,0.5
312,14131056001,2,109,3,50.0,29.0,23.0,33350.0,4.18,8,4168.8,0.522,PCS,"[1, 2, 3, 5, 6, 7]",0.5,0.5
313,10015011001,2,107,36,34.0,20.0,11.0,7480.0,6.65,24,311.7,0.277,PCS,"[6, 12, 24, 36, 48]",0.5,0.5
314,14502023001,2,106,8,34.0,30.0,13.0,13260.0,3.14,12,1105.0,0.262,PCS,"[3, 6, 9, 12, 15, 24]",0.5,0.5
315,10021026001,3,2604,22,39.0,28.0,32.0,34944.0,19.23,12,2912.0,1.602,PCS,"[1, 2, 3, 4, 5, 6, 7, 8, 9, 10, 11, 12, 13, 24, 25, 48]",0.5,0.5
316,14503003001,3,2477,42,46.0,33.0,20.0,30360.0,3.0,24,1265.0,0.125,PCS,"[1, 2, 3, 6, 9, 12, 15, 18, 21, 24, 27, 30, 33, 39, 48, 54]",0.5,0.5
317,14023056001,3,1917,21,52.0,40.0,23.0,47840.0,4.86,12,3986.7,0.405,PCS,"[1, 2, 3, 4, 5, 6, 7, 8, 9, 10, 11, 12, 13, 15, 18, 22, 24, 30, 38, 41, 52]",0.5,0.5
318,10021025001,3,1668,240,35.0,20.0,13.0,9100.0,7.77,24,379.2,0.324,PCS,"[6, 12, 18, 24, 30, 36, 42, 48, 54, 66, 72, 84, 96, 120, 144, 288, 510, 810]",0.5,0.5
319,14014006001,3,1495,35,60.0,41.0,29.0,71340.0,2.55,6,11890.0,0.425,PCS,"[1, 2, 3, 4, 5, 6, 7, 8, 9, 10, 11, 12, 18, 19, 20, 22, 25, 30, 42, 46, 48, 54, 144]",0.5,0.5
320,14805012001,3,1446,191,41.0,27.0,13.0,14391.0,10.01,24,599.6,0.417,PCS,"[2, 4, 6, 8, 10, 12, 14, 18, 24, 30, 36, 42, 48, 60, 72, 180, 240, 288, 324, 840]",0.5,0.5
321,14014014001,3,1380,24,61.0,40.0,40.0,97600.0,3.4,10,9760.0,0.34,PCS,"[1, 2, 3, 4, 5, 6, 7, 8, 9, 10, 11, 12, 13, 16, 30, 54, 73]",0.5,0.5
322,14804007001,3,1283,104,41.0,28.0,13.0,14924.0,10.8,24,621.8,0.45,PCS,"[2, 4, 6, 8, 12, 18, 22, 24, 30, 36, 42, 48, 54, 60, 72, 144, 192]",0.5,0.5
323,14010040001,3,1258,16,38.0,33.0,21.0,26334.0,3.81,10,2633.4,0.381,PCS,"[1, 2, 3, 4, 5, 6, 7, 8, 9, 10, 11, 12, 16]",0.5,0.5
324,14502009001,3,1210,103,37.0,37.0,14.0,19166.0,2.99,30,638.9,0.1,PCS,"[1, 5, 9, 10, 15, 20, 25, 30, 35, 40, 45, 50, 60, 65, 70, 75]",0.5,0.5
325,14500000001,3,1184,92,41.0,32.0,13.0,17056.0,3.55,30,568.5,0.118,PCS,"[5, 10, 15, 20, 25, 30, 35, 40, 45, 55, 60, 70, 120]",0.5,0.5
326,10000011001,3,1119,502,40.0,27.0,10.0,10800.0,6.76,24,450.0,0.282,PCS,"[24, 48, 72, 96, 120, 144, 192, 240, 288, 480]",0.5,0.5
327,14010142001,3,1104,24,61.0,39.0,29.0,68991.0,2.45,8,8623.9,0.306,PCS,"[1, 2, 3, 4, 5, 6, 7, 8, 9, 10, 11, 12, 13, 15, 18, 19, 27, 30, 32, 44, 48]",0.5,0.5
328,10033043001,3,1052,88,41.0,27.0,24.0,26568.0,14.3,24,1107.0,0.596,PCS,"[2, 4, 8, 12, 16, 18, 20, 22, 24, 28, 32, 48, 52, 64, 72, 96]",0.5,0.5
329,14014015001,3,1050,20,60.0,40.0,35.0,84000.0,4.92,12,7000.0,0.41,PCS,"[1, 2, 3, 4, 5, 6, 7, 8, 9, 10, 11, 12, 20, 55]",0.5,0.5
330,14011029001,3,965,15,59.0,39.0,40.0,92040.0,4.4,12,7670.0,0.367,PCS,"[1, 2, 3, 4, 5, 6, 7, 8, 9, 10, 11, 12]",0.5,0.5
331,14023028001,3,899,16,57.0,39.0,41.0,91143.0,3.61,12,7595.3,0.301,PCS,"[1, 2, 3, 4, 5, 6, 7, 8, 9, 10, 11, 12, 15]",0.5,0.5
332,14020026001,3,881,15,42.0,22.0,13.0,12012.0,2.11,12,1001.0,0.176,PCS,"[1, 2, 3, 4, 5, 6, 7, 8, 10, 11, 12, 15]",0.5,0.5
333,14112013001,3,870,15,40.0,28.0,31.0,34720.0,3.33,10,3472.0,0.333,PCS,"[1, 2, 3, 4, 5, 6, 7, 8, 9, 10, 11, 12, 20, 30]",0.5,0.5
334,14023104001,3,847,14,59.0,39.0,38.0,87438.0,3.36,12,7286.5,0.28,PCS,"[1, 2, 3, 4, 5, 6, 7, 8, 9, 10, 11, 12, 17]",0.5,0.5
335,10002018001,3,817,106,41.0,27.0,12.0,13284.0,9.27,24,553.5,0.386,PCS,"[1, 5, 6, 12, 18, 23, 24, 30, 36, 48, 54, 60, 72, 120]",0.5,0.5
336,14831007001,3,810,109,32.0,23.0,17.0,12512.0,7.92,48,260.7,0.165,PCS,"[3, 6, 9, 12, 15, 21, 24, 27, 30, 36, 39, 48, 57, 60, 87, 96, 108, 144]",0.5,0.5
337,14502014001,3,799,15,46.0,33.0,20.0,30360.0,3.0,24,1265.0,0.125,PCS,"[3, 6, 12, 18]",0.5,0.5
338,14505013001,3,797,96,35.0,32.0,14.0,15680.0,3.3,30,522.7,0.11,PCS,"[5, 10, 15, 20, 25, 30, 35, 40, 45, 50, 55, 60, 70]",0.5,0.5
339,14000057001,3,794,10,52.0,32.0,28.0,46592.0,4.41,10,4659.2,0.441,PCS,"[1, 2, 3, 4, 5, 6, 7, 8, 9, 10, 12]",0.5,0.5
340,14102249001,3,767,12,51.0,21.0,34.0,36414.0,4.54,10,3641.4,0.454,PCS,"[1, 2, 3, 4, 5, 6, 7, 8, 9, 10, 12, 21]",0.5,0.5
341,10021008001,3,756,272,35.0,20.0,11.0,7700.0,6.58,24,320.8,0.274,PCS,"[6, 12, 18, 24, 30, 48, 72, 96, 144, 624, 720]",0.5,0.5
342,14821003001,3,753,29,36.0,24.0,19.0,16416.0,12.8,48,342.0,0.267,PCS,"[3, 6, 9, 12, 30, 33, 36, 39]",0.5,0.5
343,14014005001,3,745,13,59.0,39.0,33.0,75933.0,4.64,12,6327.8,0.387,PCS,"[1, 2, 3, 4, 5, 6, 7, 8, 9, 10, 12]",0.5,0.5
344,10035035001,3,743,169,35.0,20.0,11.0,7700.0,6.57,24,320.8,0.274,PCS,"[2, 4, 6, 8, 10, 12, 14, 16, 18, 20, 22, 24, 30, 34, 36, 42, 48, 54, 72, 78, 96, 240]",0.5,0.5
345,14011003001,3,743,10,43.0,33.0,20.0,28380.0,2.32,6,4730.0,0.387,PCS,"[1, 2, 3, 4, 5, 6, 7, 8, 9, 10, 11, 12]",0.5,0.5
346,14502011001,3,720,87,45.0,33.0,20.0,29700.0,3.0,24,1237.5,0.125,PCS,"[3, 6, 9, 12, 15, 18, 21, 24, 27, 30, 36, 39, 48, 54, 72, 168]",0.5,0.5
347,14501010001,3,720,64,45.0,34.0,21.0,32130.0,3.0,24,1338.8,0.125,PCS,"[3, 6, 9, 12, 15, 18, 21, 24, 27, 30, 33, 39, 48]",0.5,0.5
348,10031013001,3,713,111,40.0,20.0,14.0,11200.0,9.82,24,466.7,0.409,PCS,"[6, 12, 18, 24, 30, 36, 42, 48, 60, 72, 84, 96]",0.5,0.5
349,14840003001,3,713,88,31.0,23.0,23.0,16399.0,11.19,48,341.6,0.233,PCS,"[1, 2, 3, 4, 6, 8, 9, 10, 12, 13, 15, 18, 21, 22, 24, 26, 30, 33, 36, 39, 41, 42, 44, 48, 57, 59, 65, 84, 96, 108]",0.5,0.5
350,14840006001,3,708,55,42.0,29.0,20.0,24360.0,17.32,48,507.5,0.361,PCS,"[3, 6, 9, 12, 15, 21, 120, 150]",0.5,0.5
351,14611010001,3,705,13,42.0,29.0,33.0,40194.0,20.78,6,6699.0,3.463,PCS,"[1, 2, 3, 4, 5, 6, 7, 8, 10, 11, 12]",0.5,0.5
352,10034042001,3,700,125,34.0,20.0,11.0,7480.0,6.64,24,311.7,0.277,PCS,"[6, 12, 18, 24, 30, 48, 96]",0.5,0.5
353,10032006001,3,694,156,34.0,20.0,11.0,7480.0,6.61,24,311.7,0.275,PCS,"[6, 12, 18, 24, 30, 36, 48, 54, 60, 66, 72, 84, 96]",0.5,0.5
354,10010002001,3,693,142,35.0,20.0,11.0,7700.0,6.63,24,320.8,0.276,PCS,"[6, 12, 18, 24, 30, 36, 48, 54, 72, 96]",0.5,0.5
355,10000002001,3,686,107,34.0,23.0,31.0,24242.0,13.31,6,4040.3,2.218,PCS,"[1, 2, 3, 4, 5, 6, 7, 8, 9, 11, 12, 13, 15, 16, 18, 21, 22, 23, 24, 30, 36, 37, 39, 42, 48, 50, 54, 60]",0.5,0.5
356,14203017001,3,683,13,53.0,34.0,33.0,59466.0,6.06,40,1486.7,0.152,PCS,"[1, 2, 3, 4, 5, 6, 7, 8, 10, 11, 12, 16, 20]",0.5,0.5
357,14102250001,3,681,11,51.0,21.0,34.0,36414.0,4.54,10,3641.4,0.454,PCS,"[1, 2, 3, 4, 5, 6, 7, 8, 9, 11, 12]",0.5,0.5
358,14832021001,3,681,41,35.0,27.0,12.0,11340.0,7.2,24,472.5,0.3,PCS,"[1, 2, 3, 4, 6, 8, 9, 12, 18, 21, 24, 30, 33, 40, 48]",0.5,0.5
359,10033018001,3,666,140,37.0,25.0,24.0,22200.0,14.89,24,925.0,0.62,PCS,"[1, 3, 4, 5, 7, 8, 9, 12, 15, 16, 19, 20, 24, 28, 36, 44, 48, 52, 64, 72, 96, 120]",0.5,0.5
360,14505016001,3,660,51,46.0,33.0,20.0,30360.0,3.0,24,1265.0,0.125,PCS,"[3, 6, 9, 12, 15, 18, 21, 24, 45, 48]",0.5,0.5
361,14131033001,3,658,7,53.0,31.0,25.0,41075.0,5.6,15,2738.3,0.373,PCS,"[1, 2, 3, 4, 5, 11]",0.5,0.5
362,10031001001,3,654,143,35.0,20.0,11.0,7700.0,6.6,24,320.8,0.275,PCS,"[2, 4, 6, 12, 14, 18, 20, 22, 24, 30, 34, 48, 60, 72, 96]",0.5,0.5
363,14112007001,3,654,17,40.0,28.0,31.0,34720.0,3.65,10,3472.0,0.365,PCS,"[1, 2, 3, 4, 5, 6, 7, 8, 9, 10, 12, 20, 30]",0.5,0.5
364,10032013001,3,649,119,40.0,20.0,14.0,11200.0,9.8,24,466.7,0.408,PCS,"[6, 12, 18, 24, 30, 36, 48, 60, 72, 240]",0.5,0.5
365,10021035001,3,648,28,34.0,20.0,11.0,7480.0,6.56,4,1870.0,1.64,PCS,"[1, 2, 3, 4, 5, 6, 7, 8, 9, 10, 11, 12, 13, 16, 18]",0.5,0.5
366,10031005001,3,647,199,35.0,20.0,11.0,7700.0,6.58,24,320.8,0.274,PCS,"[6, 12, 18, 24, 30, 36, 42, 48, 66, 72, 120, 216, 534]",0.5,0.5
367,10033004001,3,647,137,37.0,25.0,24.0,22200.0,14.94,24,925.0,0.622,PCS,"[2, 4, 6, 8, 10, 12, 14, 16, 20, 22, 24, 28, 36, 44, 46, 48, 52, 60, 72, 96]",0.5,0.5
368,10000998001,3,645,5,28.0,20.0,19.0,10640.0,4.8,1,10640.0,4.8,PCS,"[1, 2, 3, 4]",0.5,0.5
369,10032016001,3,629,164,35.0,20.0,11.0,7700.0,6.58,24,320.8,0.274,PCS,"[6, 12, 18, 24, 30, 36, 42, 48, 72, 240, 288]",0.5,0.5
370,15020047001,3,609,230,32.0,15.0,13.0,6240.0,5.25,24,260.0,0.219,PCS,"[6, 12, 18, 24, 30, 48, 54, 60, 72, 84, 96, 120, 126, 144, 192]",0.5,0.5
371,10033025001,3,603,115,34.0,20.0,11.0,7480.0,6.45,24,311.7,0.269,PCS,"[6, 12, 18, 24, 30, 36, 48, 72, 96]",0.5,0.5
372,14131047001,3,583,10,59.0,27.0,22.0,35046.0,5.04,12,2920.5,0.42,PCS,"[1, 2, 3, 4, 5, 6, 7, 8, 10, 12]",0.5,0.5
373,10001006001,3,572,143,40.0,28.0,12.0,13440.0,8.95,24,560.0,0.373,PCS,"[6, 12, 18, 24, 30, 36, 48, 72, 78, 96, 264]",0.5,0.5
374,14501012001,3,572,12,50.0,36.0,15.0,27000.0,3.0,12,2250.0,0.25,PCS,"[2, 4, 10, 12, 18]",0.5,0.5
375,10001009001,3,571,160,40.0,27.0,10.0,10800.0,6.77,24,450.0,0.282,PCS,"[2, 22, 24, 46, 48, 72, 96, 120, 240]",0.5,0.5
376,14500013001,3,567,136,43.0,28.0,17.0,20468.0,1.61,12,1705.7,0.134,PCS,"[3, 6, 9, 12, 15, 18, 21, 24, 27, 30, 33, 42, 48, 54, 60, 81, 132]",0.5,0.5
377,14501045001,3,565,53,45.0,34.0,21.0,32130.0,3.0,24,1338.8,0.125,PCS,"[3, 6, 18, 21, 24, 27, 48, 54]",0.5,0.5
378,14110015001,3,565,13,46.0,25.0,21.0,24150.0,2.78,12,2012.5,0.232,PCS,"[1, 2, 3, 4, 5, 6, 7, 8, 9, 10, 12]",0.5,0.5
379,14021010001,3,561,15,42.0,32.0,13.0,17472.0,2.1,12,1456.0,0.175,PCS,"[1, 2, 3, 4, 5, 6, 7, 8, 9, 10, 11, 12, 16]",0.5,0.5
380,14011053001,3,559,45,50.0,40.0,27.0,54000.0,2.81,24,2250.0,0.117,PCS,"[4, 8, 12, 16, 20, 24, 28, 32, 36, 40, 48]",0.5,0.5
381,14133023001,3,552,13,44.0,26.0,34.0,38896.0,3.99,12,3241.3,0.332,PCS,"[1, 2, 3, 4, 5, 6, 7, 8, 9, 10, 11, 12]",0.5,0.5
382,14505009001,3,551,8,26.0,18.0,12.0,5616.0,0.7,1,5616.0,0.7,PCS,"[1, 2, 3, 4, 5, 10, 18]",0.5,0.5
383,10032047001,3,544,113,42.0,25.0,8.0,8400.0,6.13,24,350.0,0.255,PCS,"[6, 12, 18, 24, 30, 36, 42, 48]",0.5,0.5
384,14810006001,3,537,96,35.0,26.0,18.0,16380.0,10.14,24,682.5,0.423,PCS,"[3, 6, 9, 12, 30, 39, 96, 300]",0.5,0.5
385,10034019001,3,529,68,35.0,20.0,12.0,8400.0,6.66,24,350.0,0.278,PCS,"[6, 12, 18, 24, 30, 36, 42, 48, 72, 96]",0.5,0.5
386,14011052001,3,527,48,50.0,39.0,29.0,56550.0,2.45,24,2356.3,0.102,PCS,"[4, 8, 12, 16, 20, 24, 28, 32, 36, 40, 44, 48, 60, 68, 96, 120]",0.5,0.5
387,14010011001,3,525,6,51.0,42.0,24.0,51408.0,2.01,6,8568.0,0.335,PCS,"[1, 2, 3, 4, 5, 6, 7, 8, 10, 11]",0.5,0.5
388,10033037001,3,522,84,35.0,21.0,11.0,8085.0,6.58,24,336.9,0.274,PCS,"[6, 12, 18, 24, 30, 42, 48, 54, 72, 120, 240]",0.5,0.5
389,14501063001,3,521,26,42.0,28.0,17.0,19992.0,1.8,12,1666.0,0.15,PCS,"[3, 6, 9, 12, 15, 18, 21, 24, 27, 30, 36]",0.5,0.5
390,10000005001,3,516,68,40.0,28.0,12.0,13440.0,8.89,24,560.0,0.37,PCS,"[6, 12, 18, 24, 30, 36, 42, 48, 72, 96, 108]",0.5,0.5
391,14112014001,3,515,7,46.0,28.0,31.0,39928.0,3.51,10,3992.8,0.351,PCS,"[1, 2, 3, 4, 5, 6, 7, 8, 9, 10, 11, 12, 18]",0.5,0.5
392,10000026001,3,506,43,34.0,22.0,14.0,10472.0,6.62,24,436.3,0.276,PCS,"[8, 16, 24, 32, 40, 48, 64, 72, 96]",0.5,0.5
393,14100003001,3,504,6,40.0,27.0,37.0,39960.0,4.36,12,3330.0,0.363,PCS,"[1, 2, 3, 4, 5, 6, 7, 8, 10, 11, 12, 14, 25]",0.5,0.5
394,14110009001,3,502,7,34.0,24.0,40.0,32640.0,3.16,12,2720.0,0.263,PCS,"[1, 2, 3, 4, 5, 6, 7, 8, 10, 11, 12]",0.5,0.5
395,14501022001,3,498,17,34.0,26.0,15.0,13260.0,2.75,12,1105.0,0.229,PCS,"[1, 2, 3, 4, 5, 6, 9, 12, 15, 18, 24, 30]",0.5,0.5
396,14502077001,3,497,28,43.0,28.0,17.0,20468.0,1.8,12,1705.7,0.15,PCS,"[3, 6, 9, 12, 15, 18, 21, 24, 27, 30, 36, 48]",0.5,0.5
397,14133003001,3,495,6,44.0,26.0,35.0,40040.0,4.01,12,3336.7,0.334,PCS,"[1, 2, 3, 4, 5, 6, 7, 9, 10, 11, 12]",0.5,0.5
398,14121106001,3,495,6,36.0,24.0,18.0,15552.0,1.81,10,1555.2,0.181,PCS,"[1, 2, 3, 4, 5, 6, 7, 8, 9, 10, 11, 12]",0.5,0.5
399,14131041001,3,493,5,56.0,26.0,24.0,34944.0,3.92,8,4368.0,0.49,PCS,"[1, 2, 3, 4, 5, 6, 8, 9, 10]",0.5,0.5
400,14000039001,3,492,6,46.0,28.0,14.0,18032.0,2.8,12,1502.7,0.233,PCS,"[1, 2, 3, 4, 5, 6, 8, 9, 10, 12]",0.5,0.5
401,14021017001,3,491,6,61.0,47.0,38.0,108946.0,3.93,12,9078.8,0.328,PCS,"[1, 2, 3, 4, 5, 6, 7, 8, 10, 12]",0.5,0.5
402,14505041001,3,490,76,39.0,31.0,12.0,14508.0,2.08,40,362.7,0.052,PCS,"[5, 10, 15, 20, 25, 30, 35, 40, 45, 50, 55, 60, 65, 70, 75, 80, 85, 90, 260]",0.5,0.5
403,14503019001,3,485,22,43.0,29.0,23.0,28681.0,2.11,12,2390.1,0.176,PCS,"[3, 6, 9, 12, 15, 21, 24, 27, 30]",0.5,0.5
404,14101025001,3,483,6,45.0,41.0,24.0,44280.0,5.24,12,3690.0,0.437,PCS,"[1, 2, 3, 4, 5, 6, 7, 8, 9, 10, 11, 12]",0.5,0.5
405,14000197001,3,482,5,46.0,30.0,29.0,40020.0,3.46,12,3335.0,0.288,PCS,"[1, 2, 3, 4, 6, 8, 10]",0.5,0.5
406,10030007001,3,479,47,38.0,25.0,24.0,22800.0,14.88,24,950.0,0.62,PCS,"[4, 8, 12, 16, 20, 24, 28, 32, 48, 52, 60, 72]",0.5,0.5
407,10030048001,3,478,46,38.0,25.0,24.0,22800.0,14.97,24,950.0,0.624,PCS,"[4, 8, 12, 16, 20, 24, 44, 48]",0.5,0.5
408,10002021001,3,477,72,40.0,27.0,9.0,9720.0,6.99,24,405.0,0.291,PCS,"[24, 48, 72, 96, 144]",0.5,0.5
409,14023029001,3,475,7,59.0,39.0,40.0,92040.0,3.69,12,7670.0,0.308,PCS,"[1, 2, 3, 4, 5, 6, 7, 8, 9, 10, 11, 12, 16]",0.5,0.5
410,14500037001,3,475,5,41.0,37.0,38.0,57646.0,6.83,6,9607.7,1.138,PCS,"[1, 2, 3, 14, 25]",0.5,0.5
411,10001012001,3,473,92,40.0,27.0,10.0,10800.0,6.79,24,450.0,0.283,PCS,"[24, 48, 72, 96, 168]",0.5,0.5
412,14820012001,3,471,12,42.0,29.0,18.0,21924.0,17.76,48,456.8,0.37,PCS,"[1, 2, 3, 4, 5, 6, 7, 8, 9, 10, 11, 12, 30]",0.5,0.5
413,14000032001,3,470,5,47.0,27.0,36.0,45684.0,5.15,12,3807.0,0.429,PCS,"[1, 2, 3, 4, 5, 6, 7, 10, 11, 12]",0.5,0.5
414,14113066001,3,469,5,42.0,25.0,23.0,24150.0,3.74,8,3018.8,0.468,PCS,"[1, 2, 3, 4, 5, 6, 7, 8, 9, 12]",0.5,0.5
415,14011032001,3,468,7,51.0,31.0,26.0,41106.0,1.49,6,6851.0,0.248,PCS,"[1, 2, 3, 4, 5, 6, 7, 8, 9, 10, 12, 17]",0.5,0.5
416,10032010001,3,465,65,34.0,20.0,11.0,7480.0,6.68,24,311.7,0.278,PCS,"[6, 12, 18, 24, 30, 48, 72]",0.5,0.5
417,14810016001,3,465,19,35.0,26.0,18.0,16380.0,10.7,24,682.5,0.446,PCS,"[3, 6, 9, 12, 15, 18, 36, 84]",0.5,0.5
418,14011028001,3,462,5,43.0,33.0,20.0,28380.0,2.256,6,4730.0,0.376,PCS,"[1, 2, 3, 4, 5, 6, 7, 10, 12]",0.5,0.5
419,14001042001,3,461,4,50.0,33.0,34.0,56100.0,4.71,12,4675.0,0.392,PCS,"[1, 2, 3, 4, 5, 6, 10, 12]",0.5,0.5
420,14020053001,3,458,7,30.0,30.0,23.0,20700.0,2.87,16,1293.8,0.179,PCS,"[1, 2, 3, 4, 5, 6, 7, 8, 9, 10, 11, 12, 20]",0.5,0.5
421,14501014001,3,456,41,37.0,37.0,14.0,19166.0,3.24,30,638.9,0.108,PCS,"[5, 10, 15, 20, 30, 60]",0.5,0.5
422,14805013001,3,456,4,44.0,29.0,25.0,31900.0,20.66,4,7975.0,5.165,PCS,"[1, 2, 3, 4, 5]",0.5,0.5
423,14505014001,3,455,30,42.0,29.0,18.0,21924.0,1.7,12,1827.0,0.142,PCS,"[3, 6, 9, 12, 15, 18, 21, 24, 27, 30, 36, 48]",0.5,0.5
424,14001047001,3,452,7,47.0,32.0,23.0,34592.0,3.36,8,4324.0,0.42,PCS,"[1, 2, 3, 4, 5, 6, 7, 8, 10, 11, 12, 24]",0.5,0.5
425,14000006001,3,452,5,60.0,34.0,29.0,59160.0,4.77,9,6573.3,0.53,PCS,"[1, 2, 3, 4, 5, 6, 7, 10, 12]",0.5,0.5
426,14104118001,3,451,5,74.0,29.0,23.0,49358.0,5.22,15,3290.5,0.348,PCS,"[1, 2, 3, 4, 5, 6, 7, 10, 12]",0.5,0.5
427,14104012001,3,442,5,74.0,29.0,23.0,49358.0,4.21,15,3290.5,0.281,PCS,"[1, 2, 3, 4, 5, 6, 7, 9, 10, 11, 15]",0.5,0.5
428,10001004001,3,440,31,34.0,23.0,31.0,24242.0,12.52,6,4040.3,2.087,PCS,"[1, 2, 3, 4, 5, 6, 7, 9, 10, 12, 15, 16, 17, 18, 21, 24, 31, 36, 39, 48]",0.5,0.5
429,10033064001,3,433,56,40.0,20.0,14.0,11200.0,9.82,24,466.7,0.409,PCS,"[6, 12, 18, 24, 30, 48, 54, 60, 72, 120]",0.5,0.5
430,14121014001,3,422,6,46.0,26.0,20.0,23920.0,2.7,12,1993.3,0.225,PCS,"[1, 2, 3, 4, 5, 6, 7, 8, 9, 10, 12]",0.5,0.5
431,10040039001,3,422,11,36.0,18.0,35.0,22680.0,11.15,2,11340.0,5.575,PCS,"[2, 4, 6, 12, 18, 20]",0.5,0.5
432,10002006001,3,422,21,34.0,23.0,31.0,24242.0,13.37,6,4040.3,2.228,PCS,"[1, 2, 3, 4, 6, 7, 12, 18, 22, 24, 36, 48]",0.5,0.5
433,14132015001,3,422,7,37.0,37.0,26.0,35594.0,4.14,12,2966.2,0.345,PCS,"[1, 2, 3, 4, 5, 6, 7, 8, 9, 10, 12, 30]",0.5,0.5
434,10010035001,3,416,63,34.0,20.0,11.0,7480.0,6.61,24,311.7,0.275,PCS,"[6, 12, 18, 24, 30, 48, 54, 72]",0.5,0.5
435,14104129001,3,414,4,45.0,55.0,20.0,49500.0,5.75,12,4125.0,0.479,PCS,"[1, 2, 3, 4, 5, 6, 12]",0.5,0.5
436,14502006001,3,412,10,37.0,31.0,14.0,16058.0,3.0,24,669.1,0.125,PCS,"[4, 5, 8]",0.5,0.5
437,10010004001,3,409,126,35.0,20.0,11.0,7700.0,6.73,24,320.8,0.28,PCS,"[6, 12, 18, 24, 36, 48, 72, 96, 720]",0.5,0.5
438,14130007001,3,408,5,56.0,26.0,24.0,34944.0,3.92,8,4368.0,0.49,PCS,"[1, 2, 3, 4, 5, 6, 8, 9, 10]",0.5,0.5
439,14020926001,3,408,6,62.0,45.0,36.0,100440.0,3.49,12,8370.0,0.291,PCS,"[1, 2, 3, 4, 5, 6, 7, 8, 9, 10, 12]",0.5,0.5
440,14121019001,3,407,6,48.0,38.0,19.0,34656.0,3.65,12,2888.0,0.304,PCS,"[1, 2, 3, 4, 5, 6, 7, 8, 10, 12]",0.5,0.5
441,14502081001,3,406,135,38.0,31.0,13.0,15314.0,3.25,30,510.5,0.108,PCS,"[1, 4, 5, 6, 9, 10, 15, 20, 25, 26, 30, 35, 40, 45, 50, 55, 60, 110, 300]",0.5,0.5
442,10002008001,3,404,111,40.0,27.0,10.0,10800.0,6.8,24,450.0,0.283,PCS,"[24, 48, 72, 96, 120, 192]",0.5,0.5
443,14505899001,3,403,60,40.0,31.0,13.0,16120.0,3.0,40,403.0,0.075,PCS,"[5, 10, 15, 20, 25, 30, 35, 40, 45, 50, 55, 60, 70, 80, 90]",0.5,0.5
444,14510050001,3,403,7,35.0,24.0,5.0,4288.0,3.0,1,4287.5,3.0,PCS,"[1, 2, 3, 4, 5, 6, 8, 10]",0.5,0.5
445,10002102001,3,401,85,40.0,27.0,12.0,12960.0,9.0,24,540.0,0.375,PCS,"[12, 18, 24, 36, 48, 60, 72, 84, 96, 120]",0.5,0.5
446,10030023001,3,397,5,27.0,20.0,20.0,10800.0,6.02,1,10800.0,6.02,PCS,"[1, 2, 3, 4, 8]",0.5,0.5
447,10034025001,3,395,67,35.0,20.0,11.0,7700.0,6.7,24,320.8,0.279,PCS,"[6, 12, 18, 24, 30, 36, 48, 72, 96]",0.5,0.5
448,10002019001,3,390,69,41.0,27.0,13.0,14391.0,9.34,24,599.6,0.389,PCS,"[6, 12, 18, 24, 30, 36, 48, 60, 72, 84, 96, 120]",0.5,0.5
449,14101048001,3,388,6,46.0,41.0,24.0,45264.0,4.88,12,3772.0,0.407,PCS,"[1, 2, 3, 4, 5, 6, 7, 8, 10, 15]",0.5,0.5
450,14503000001,3,386,44,37.0,37.0,14.0,19166.0,3.0,30,638.9,0.1,PCS,"[5, 10, 15, 20, 25, 30, 35, 45, 50, 55, 60, 70]",0.5,0.5
451,14830010001,3,386,44,35.0,27.0,17.0,16065.0,11.73,48,334.7,0.244,PCS,"[3, 6, 9, 12, 15, 18, 24, 30, 45, 60, 66, 72, 78, 144, 216]",0.5,0.5
452,12201105001,3,382,7,20.0,10.0,8.0,1615.0,0.2,1,1615.0,0.2,PCS,"[1, 2, 3, 4, 5, 6, 8]",0.5,0.5
453,14832018001,3,371,28,35.0,27.0,12.0,11340.0,7.21,24,472.5,0.3,PCS,"[3, 6, 9, 12, 18, 21, 24, 27, 30, 36, 42, 45, 48]",0.5,0.5
454,14850010001,3,370,5,80.0,40.0,12.0,38400.0,15.0,1,38400.0,15.0,PCS,"[1, 2, 3, 4, 5, 6]",0.5,0.5
455,14501013001,3,369,50,42.0,28.0,22.0,25872.0,2.5,12,2156.0,0.208,PCS,"[3, 6, 9, 12, 15, 18, 24, 30, 36, 102]",0.5,0.5
456,14011034001,3,368,7,45.0,30.0,30.0,40500.0,2.8,10,4050.0,0.28,PCS,"[1, 2, 3, 4, 5, 6, 7, 8, 10, 11, 12]",0.5,0.5
457,14010071001,3,366,6,61.0,47.0,38.0,108946.0,3.5,12,9078.8,0.292,PCS,"[1, 2, 3, 4, 5, 6, 7, 9, 10, 12]",0.5,0.5
458,10021001001,3,365,124,41.0,28.0,10.0,11480.0,6.48,24,478.3,0.27,PCS,"[24, 48, 72, 96, 600]",0.5,0.5
459,10040062001,3,365,46,37.0,27.0,30.0,29970.0,15.0,12,2497.5,1.25,PCS,"[2, 10, 12, 24, 36, 48, 60]",0.5,0.5
460,10002005001,3,363,50,40.0,27.0,13.0,14040.0,9.56,24,585.0,0.398,PCS,"[6, 12, 18, 24, 30, 36, 48, 72, 168]",0.5,0.5
461,12220012001,3,362,16,31.0,21.0,22.0,14322.0,1.0,1,14322.0,1.0,PCS,"[1, 2, 3, 4, 5, 6, 8, 10, 12, 14, 16, 18, 22, 24, 28, 36]",0.5,0.5
462,14501011001,3,361,6,50.0,36.0,15.0,27000.0,3.0,12,2250.0,0.25,PCS,"[2, 4]",0.5,0.5
463,14103009001,3,360,5,39.0,26.0,32.0,32448.0,4.92,8,4056.0,0.615,PCS,"[1, 2, 3, 4, 5, 6, 7, 11, 13]",0.5,0.5
464,14003029001,3,359,8,37.0,36.0,24.0,31968.0,5.17,18,1776.0,0.287,PCS,"[1, 2, 3, 4, 5, 6, 7, 8, 9, 10, 11, 12, 15, 16, 18, 20]",0.5,0.5
465,14000017001,3,358,5,60.0,34.0,29.0,59160.0,3.07,7,8451.4,0.439,PCS,"[1, 2, 3, 4, 5, 6, 7, 9, 11]",0.5,0.5
466,10020007001,3,358,85,40.0,27.0,10.0,10800.0,7.21,24,450.0,0.3,PCS,"[6, 12, 18, 24, 42, 48, 144, 180]",0.5,0.5
467,14001045001,3,356,7,47.0,32.0,23.0,34592.0,3.27,8,4324.0,0.409,PCS,"[1, 2, 3, 4, 5, 6, 8, 9, 10, 12, 16]",0.5,0.5
468,14500010001,3,352,31,42.0,28.0,23.0,27048.0,2.5,12,2254.0,0.208,PCS,"[3, 6, 9, 12, 15, 21, 24, 30, 36]",0.5,0.5
469,14102246001,3,352,5,51.0,21.0,34.0,36414.0,4.54,10,3641.4,0.454,PCS,"[1, 2, 3, 4, 5, 6, 7, 9, 10]",0.5,0.5
470,14000073001,3,351,8,60.0,34.0,22.0,44880.0,2.35,14,3205.7,0.168,PCS,"[1, 2, 3, 4, 5, 6, 7, 8, 9, 11, 12, 14]",0.5,0.5
471,14131075001,3,351,5,55.0,29.0,24.0,38280.0,4.68,12,3190.0,0.39,PCS,"[1, 2, 3, 4, 5, 6, 10]",0.5,0.5
472,10035034001,3,350,76,34.0,20.0,11.0,7480.0,6.58,24,311.7,0.274,PCS,"[6, 12, 18, 24, 30, 36, 48, 72, 96]",0.5,0.5
473,14102258001,3,350,6,51.0,21.0,34.0,36414.0,4.54,10,3641.4,0.454,PCS,"[1, 2, 3, 4, 5, 6, 9, 10, 11, 12]",0.5,0.5
474,14502026001,3,348,6,50.0,36.0,15.0,27000.0,3.0,12,2250.0,0.25,PCS,"[2, 4, 6, 10, 14]",0.5,0.5
475,10031910001,3,346,71,35.0,20.0,11.0,7700.0,6.6,24,320.8,0.275,PCS,"[6, 12, 18, 24, 30, 36, 42, 48, 54, 72, 96]",0.5,0.5
476,14000196001,3,342,5,46.0,30.0,29.0,40020.0,3.46,12,3335.0,0.288,PCS,"[1, 2, 3, 4, 5, 6, 7, 8]",0.5,0.5
477,14104002001,3,341,6,41.0,27.0,37.0,40959.0,6.73,12,3413.3,0.561,PCS,"[1, 2, 3, 4, 5, 6, 7, 8, 10, 12, 13]",0.5,0.5
478,10032008001,3,341,67,34.0,20.0,11.0,7480.0,6.62,24,311.7,0.276,PCS,"[6, 12, 18, 24, 30, 42, 48, 60, 72, 90]",0.5,0.5
479,10014090001,3,340,64,35.0,20.0,11.0,7700.0,6.61,24,320.8,0.275,PCS,"[6, 12, 18, 24, 48, 54]",0.5,0.5
480,14023502001,4,25,2,35.0,15.0,23.0,12075.0,0.6,1,12075.0,0.6,PCS,"[1, 2]",0.6,0.6
481,15024011001,4,18,63,37.0,25.0,17.0,15725.0,9.6,24,655.2,0.4,PCS,"[24, 48, 72]",0.6,0.6
482,14833059001,4,17,38,32.0,25.0,13.0,10400.0,13.88,12,866.7,1.157,PCS,"[1, 2, 3, 22, 67, 89]",0.6,0.6
483,12201059001,4,16,115,20.0,10.0,8.0,1785.0,0.2,1,1785.0,0.2,PCS,"[24, 48, 144, 240]",0.6,0.6
484,10024001001,4,15,33,40.0,27.0,13.0,14040.0,8.59,24,585.0,0.358,PCS,"[6, 12, 18, 24, 54]",0.6,0.6
485,14312003001,4,13,10,34.0,23.0,18.0,14076.0,6.566,12,1173.0,0.547,PCS,"[1, 2, 4, 6, 11, 12]",0.6,0.6
486,31822063001,4,12,4,92.0,31.0,6.0,17112.0,7.0,1,17112.0,7.0,PCS,"[1, 2, 4]",0.6,0.6
487,12000350001,4,12,4,43.0,23.0,24.0,23736.0,12.06,12,1978.0,1.005,PCS,"[1, 3, 7]",0.6,0.6
488,14506313001,4,12,25,38.0,24.0,12.0,10944.0,6.4,20,547.2,0.32,PCS,"[1, 2, 25, 55]",0.6,0.6
489,14833078001,4,11,8,35.0,27.0,17.0,16065.0,9.796,48,334.7,0.204,PCS,"[3, 6, 9]",0.6,0.6
490,14311086001,4,11,5,21.0,17.0,14.0,4998.0,0.63,1,4998.0,0.63,PCS,"[1, 2, 4, 6]",0.6,0.6
491,14333006001,4,11,4,54.0,40.0,16.0,34560.0,11.556,12,2880.0,0.963,PCS,"[1, 2, 4]",0.6,0.6
492,14832043001,4,11,13,38.0,29.0,20.0,22040.0,4.89,12,1836.7,0.408,PCS,"[1, 2, 30]",0.6,0.6
493,14822899001,4,11,3,44.0,36.0,12.0,19008.0,7.54,30,633.6,0.251,PCS,"[1, 3, 4]",0.6,0.6
494,10013007001,4,11,36,33.0,16.0,13.0,6864.0,5.38,24,286.0,0.224,PCS,"[6, 12, 24, 48]",0.6,0.6
495,11021026001,4,10,5,37.0,25.0,33.0,30525.0,16.48,4,7631.3,4.12,PCS,"[1, 2, 6]",0.6,0.6
496,14602050001,4,10,5,12.0,18.0,12.0,2592.0,1.2,6,432.0,0.2,PCS,"[1, 2, 10]",0.6,0.6
497,14502005001,4,10,5,42.0,31.0,24.0,31248.0,2.89,24,1302.0,0.12,PCS,"[1, 2, 3, 4, 6]",0.6,0.6
498,15020007001,4,10,16,37.0,20.0,22.0,16280.0,13.12,12,1356.7,1.093,PCS,"[2, 10, 12]",0.6,0.6
499,14221114001,4,9,2,47.0,28.0,18.0,23688.0,3.402,10,2368.8,0.34,PCS,"[1, 2]",0.6,0.6
