item_code,cluster,mean_demand,std_demand,lead_time,safety_stock,rop_global,num_pods,rop_per_pod,s_total
11061055001,0,0.1904761904761904,0.511766315719159,0.125,0.2976408980074255,1,1,1,48
12000480001,0,0.2857142857142857,0.6436503043467892,0.125,0.3743440095687388,1,1,1,48
14130044001,0,0.5714285714285714,1.164964745021435,0.125,0.6775380524369093,1,1,1,24
14631023001,1,0.4761904761904761,0.7496030695673289,0.125,0.43596564275945715,1,1,1,144
12000191001,0,0.3809523809523809,0.8047478161629565,0.125,0.4680375697170759,1,1,1,48
14213008001,0,0.3333333333333333,0.7302967433402214,0.125,0.4247371736340801,1,1,1,48
14611009001,0,0.3333333333333333,0.6582805886043833,0.125,0.3828529145333318,1,1,1,24
12100054001,0,0.3333333333333333,0.7302967433402214,0.125,0.4247371736340801,1,1,1,144
12122012001,0,2.857142857142857,6.397544171678022,0.125,3.720781797888718,5,1,5,48
14225933001,0,0.3809523809523809,0.6690433824641326,0.125,0.3891125051532869,1,1,1,576
41530017001,0,0.1428571428571428,0.358568582800318,0.125,0.20854181235426142,1,1,1,4
14330899001,1,0.6190476190476191,1.0712698295103096,0.125,0.6230455273627015,1,1,1,6
14313004001,0,0.3333333333333333,0.7958224257542215,0.125,0.4628466043590108,1,1,1,60
12327056001,0,3.4285714285714284,8.605645987207634,0.125,5.005003496502276,6,1,6,192
14621028001,1,6.285714285714286,9.7629035493692,0.125,5.678059087399498,7,1,7,288
14840021001,0,1.4285714285714286,2.4407258873423,0.125,1.4195147718498744,2,1,2,192
11110056001,0,0.2857142857142857,0.5606119105813882,0.125,0.32604926774952286,1,1,1,24
12151073001,0,0.1428571428571428,0.358568582800318,0.125,0.20854181235426142,1,1,1,48
14352093001,0,0.3809523809523809,0.6690433824641326,0.125,0.3891125051532869,1,1,1,24
31250003001,0,0.1904761904761904,0.4023739080814782,0.125,0.23401878485853794,1,1,1,192
14303039001,1,0.2857142857142857,0.4629100498862757,0.125,0.2692263220786556,1,1,1,24
11050049001,1,0.4761904761904761,0.6796357567879738,0.125,0.39527298056743865,1,1,1,72
14506254001,0,0.1428571428571428,0.358568582800318,0.125,0.20854181235426142,1,1,1,24
12011032001,0,0.238095238095238,0.5389584311207967,0.125,0.31345570527056404,1,1,1,96
14342010001,1,0.4761904761904761,0.8135752957807666,0.125,0.4731715906166247,1,1,1,48
12010254001,0,1.7142857142857142,4.302822993603817,0.125,2.502501748251138,3,1,3,288
12000100001,0,0.4761904761904761,1.077916862241593,0.125,0.6269114105411279,1,1,1,48
12020225001,1,1.4285714285714286,2.292846016884444,0.125,1.3335085301564444,2,1,2,96
14620138001,0,0.238095238095238,0.5389584311207967,0.125,0.31345570527056404,1,1,1,36
14620920001,1,0.6666666666666666,1.2382783747337809,0.125,0.7201769169215763,1,1,1,72
31455002001,1,0.5238095238095238,0.8135752957807666,0.125,0.4731715906166247,1,1,1,96
14604041001,1,0.3333333333333333,0.4830458915396479,0.125,0.280937233500059,1,1,1,540
14210127001,0,0.6190476190476191,1.395571226279421,0.125,0.8116577044337512,1,1,1,48
14506131001,0,0.4761904761904761,0.9283882603225668,0.125,0.5399462743335367,1,1,1,12
14311066001,0,0.1904761904761904,0.511766315719159,0.125,0.2976408980074255,1,1,1,24
14340002001,0,0.3333333333333333,0.6582805886043832,0.125,0.3828529145333318,1,1,1,144
61062008002,0,0.8095238095238095,1.939563033753933,0.125,1.1280407978733153,2,1,2,144
14133930001,0,0.238095238095238,0.5389584311207967,0.125,0.31345570527056404,1,1,1,18
11110045001,0,0.1904761904761904,0.511766315719159,0.125,0.2976408980074255,1,1,1,32
12005082003,0,0.238095238095238,0.6248809410409238,0.125,0.36342783556941083,1,1,1,108
11022034001,1,0.7619047619047619,1.091089451179962,0.125,0.6345725267191031,1,1,1,36
12000028001,1,0.4761904761904761,0.8135752957807666,0.125,0.4731715906166247,1,1,1,24
12002948001,0,0.3809523809523809,1.023532631438318,0.125,0.595281796014851,1,1,1,72
14352098001,0,0.6190476190476191,1.1608699529314417,0.125,0.675156540490179,1,1,1,28
11103115001,0,0.5238095238095238,1.077916862241593,0.125,0.6269114105411279,1,1,1,8
31707076001,0,0.3809523809523809,0.7400128699009549,0.125,0.4303880274434533,1,1,1,144
11050078001,1,0.6190476190476191,0.8646496675642961,0.125,0.502876206602248,1,1,1,40
14243106001,0,0.1904761904761904,0.4023739080814782,0.125,0.23401878485853794,1,1,1,160
12000260001,0,0.2857142857142857,0.5606119105813882,0.125,0.32604926774952286,1,1,1,48
11050073001,0,0.1428571428571428,0.4780914437337574,0.125,0.27805574980568193,1,1,1,24
12001067001,0,0.1428571428571428,0.4780914437337574,0.125,0.27805574980568193,1,1,1,180
14500028001,1,1.0952380952380951,1.220850601210562,0.125,0.7100410052712919,1,1,1,12
14313008001,0,0.2857142857142857,0.7837638128197258,0.125,0.45583337141986435,1,1,1,60
12000146001,0,0.0952380952380952,0.3007926037591191,0.125,0.17493957290066378,1,1,1,24
14504042001,1,0.7619047619047619,1.220850601210562,0.125,0.7100410052712919,1,1,1,24
14631100001,0,0.3809523809523809,1.1169686869465263,0.125,0.649623769320879,1,1,1,96
14311093001,0,0.4285714285714285,1.121223821162776,0.125,0.6520985354990455,1,1,1,24
14243111001,0,0.1428571428571428,0.4780914437337574,0.125,0.27805574980568193,1,1,1,48
14243110001,0,0.3333333333333333,0.966091783079296,0.125,0.5618744670001181,1,1,1,48
42301034001,0,0.1428571428571428,0.4780914437337574,0.125,0.27805574980568193,1,1,1,80
14634027001,1,1.380952380952381,1.9098740920854045,0.125,1.1107738481197091,2,1,2,144
14506140001,1,3.619047619047619,5.200732549133732,0.125,3.0247217502882258,4,1,4,64
14353013001,1,1.5714285714285714,2.6186146828319083,0.125,1.5229740641258473,2,1,2,24
14020961001,1,1.8571428571428568,1.8516401995451028,0.125,1.0769052883146224,2,1,2,12
31421041001,0,0.5238095238095238,1.4359334113755982,0.125,0.8351321626944247,1,1,1,48
14111120001,1,1.238095238095238,1.7861904127153383,0.125,1.0388399981068628,2,1,2,48
11103203001,0,0.1428571428571428,0.4780914437337575,0.125,0.278055749805682,1,1,1,16
12323109001,0,0.0952380952380952,0.3007926037591192,0.125,0.17493957290066384,1,1,1,36
14508903001,1,0.5714285714285714,0.9783367810436532,0.125,0.5689961006017528,1,1,1,18
12110058001,0,0.0952380952380952,0.3007926037591191,0.125,0.17493957290066378,1,1,1,96
12112018001,1,0.7619047619047619,0.9436504599035548,0.125,0.5488226982976075,1,1,1,144
11032003001,1,0.9047619047619048,1.13599128098599,0.125,0.6606872211316538,1,1,1,72
12121109001,1,1.1428571428571428,1.6818357317441646,0.125,0.9781478032485686,2,1,2,24
12011220001,0,0.1904761904761904,0.6015852075182383,0.125,0.3498791458013276,1,1,1,24
14501007001,1,4.761904761904762,4.836370146140201,0.125,2.812810279181066,4,1,4,144
12011198001,0,0.3809523809523809,0.973457265430305,0.125,0.5661581971204397,1,1,1,48
12000045001,1,1.0,1.0488088481701516,0.125,0.6099823255636183,1,1,1,24
14851018001,0,0.7142857142857143,2.1010201603710787,0.125,1.2219435083096108,2,1,2,14
14730906001,0,0.2857142857142857,0.7837638128197258,0.125,0.45583337141986435,1,1,1,36
14741003001,1,1.0,1.6733200530681511,0.125,0.973195124319887,2,1,2,24
31533309001,0,0.8095238095238095,1.600595127415038,0.125,0.9308986473653653,2,1,2,48
12212003001,0,0.6666666666666666,1.9321835661585915,0.125,1.123748934000236,2,1,2,64
14210108001,1,2.571428571428572,2.9081167199998794,0.125,1.6913470962519788,3,1,3,80
14523030001,1,0.8571428571428571,1.4589624493356332,0.125,0.8485257435693985,1,1,1,48
14020956001,1,1.1904761904761905,1.8873009198071096,0.125,1.097645396595215,2,1,2,8
32430039001,0,0.0952380952380952,0.3007926037591191,0.125,0.17493957290066378,1,1,1,480
61062008001,0,0.3333333333333333,1.064581294844754,0.125,0.6191555068532191,1,1,1,144
14210058001,0,0.7142857142857143,1.419255337945119,0.125,0.8254322731151236,1,1,1,120
11103179001,1,0.9523809523809524,1.395571226279421,0.125,0.8116577044337512,1,1,1,108
12010149001,0,0.1428571428571428,0.4780914437337575,0.125,0.278055749805682,1,1,1,120
11010005001,0,0.0952380952380952,0.3007926037591192,0.125,0.17493957290066384,1,1,1,6
11110092001,0,0.5238095238095238,1.1233453440081382,0.125,0.6533324032731477,1,1,1,8
12005093008,1,1.1428571428571428,2.2424476423255526,0.125,1.3041970709980915,2,1,2,48
14503999001,1,1.0476190476190477,1.395571226279421,0.125,0.8116577044337512,1,1,1,48
11074020001,1,1.2857142857142858,1.61687529336239,0.125,0.9403671158116921,2,1,2,48
11032227001,0,0.0952380952380952,0.3007926037591192,0.125,0.17493957290066384,1,1,1,240
14304187001,1,0.8095238095238095,0.9807674351775564,0.125,0.5704097576888625,1,1,1,48
12000351001,1,0.5714285714285714,0.9783367810436534,0.125,0.568996100601753,1,1,1,24
30052113002,0,1.3333333333333333,3.3065591380365986,0.125,1.92307934487027,3,1,3,120
14361899001,1,0.8571428571428571,1.1084094137869045,0.125,0.6446457360442247,1,1,1,24
14505973001,0,0.3809523809523809,1.2031704150364766,0.125,0.6997582916026552,1,1,1,96
12003104001,0,0.0952380952380952,0.3007926037591191,0.125,0.17493957290066378,1,1,1,48
14211052001,0,0.7619047619047619,1.5134319246256802,0.125,0.8802049358908791,1,1,1,120
31258006001,0,0.1428571428571428,0.4780914437337574,0.125,0.27805574980568193,1,1,1,192
14616195001,0,0.0952380952380952,0.3007926037591191,0.125,0.17493957290066378,1,1,1,96
14621013001,1,8.142857142857142,10.403296180950123,0.125,6.0505084497090005,8,2,4,48
14103051001,1,1.0,1.4142135623730951,0.125,0.8225000000000001,1,1,1,20
10023892001,1,1.1428571428571428,1.1952286093343938,0.125,0.695139374514205,1,1,1,8
14740018001,0,0.3809523809523809,0.9734572654303052,0.125,0.5661581971204397,1,1,1,24
11103196001,0,0.6190476190476191,1.8296499795368093,0.125,1.0641158791065315,2,1,2,6
12103070001,0,0.1428571428571428,0.4780914437337574,0.125,0.27805574980568193,1,1,1,240
11074060005,0,0.4761904761904761,1.4359334113755975,0.125,0.8351321626944244,1,1,1,120
11050097001,0,0.0952380952380952,0.3007926037591191,0.125,0.17493957290066378,1,1,1,8
11030062001,0,0.3809523809523809,1.1608699529314417,0.125,0.675156540490179,1,1,1,240
14000135001,1,6.904761904761905,13.641498311786584,0.125,7.933831678588013,9,5,2,30
10014103001,0,0.238095238095238,0.768424485864545,0.125,0.4469120905353386,1,1,1,40
14601051001,1,0.9047619047619048,0.9952267030562386,0.125,0.57881920032655,1,1,1,192
12102048001,1,1.3333333333333333,1.7126976771553508,0.125,0.9960969664980751,2,1,2,192
11070063001,0,0.1428571428571428,0.4780914437337574,0.125,0.27805574980568193,1,1,1,48
12011257001,0,0.9047619047619048,2.2114421065169645,0.125,1.2861643962443783,2,1,2,24
12020282001,0,0.0952380952380952,0.3007926037591191,0.125,0.17493957290066378,1,1,1,48
12327007001,0,0.5714285714285714,1.5675276256394517,0.125,0.9116667428397287,1,1,1,12
10053903001,0,0.8571428571428571,2.868548662402545,0.125,1.668334498834092,2,1,2,144
12016026001,0,0.4761904761904761,1.2090925365350504,0.125,0.7032025697952666,1,1,1,360
14330004001,1,1.0476190476190477,1.430950400125402,0.125,0.8322340666343016,1,1,1,12
32523001001,0,0.0952380952380952,0.3007926037591192,0.125,0.17493957290066384,1,1,1,8
12003120001,0,0.0952380952380952,0.3007926037591192,0.125,0.17493957290066384,1,1,1,144
14222107001,1,1.4285714285714286,2.3145502494313788,0.125,1.346131610393278,2,1,2,24
12030741001,0,0.0952380952380952,0.3007926037591191,0.125,0.17493957290066378,1,2,1,4000
14132149001,1,1.3333333333333333,1.3540064007726602,0.125,0.7874837961295882,1,1,1,24
14303897001,0,0.8571428571428571,1.7687768170607137,0.125,1.0287123322387073,2,1,2,48
12000205001,0,0.6190476190476191,1.395571226279421,0.125,0.8116577044337512,1,1,1,48
14616022001,1,1.0476190476190477,1.2031704150364766,0.125,0.6997582916026552,1,1,1,12
11050065001,0,0.1428571428571428,0.4780914437337574,0.125,0.27805574980568193,1,1,1,24
12011482001,0,0.0952380952380952,0.3007926037591191,0.125,0.17493957290066378,1,1,1,48
12000262001,0,0.1904761904761904,0.6015852075182383,0.125,0.3498791458013276,1,1,1,48
12102122001,0,0.1428571428571428,0.4780914437337574,0.125,0.27805574980568193,1,1,1,144
12017017001,0,0.1428571428571428,0.4780914437337574,0.125,0.27805574980568193,1,1,1,64
12123050001,1,2.238095238095238,3.1289736640752013,0.125,1.8197964629778427,3,1,3,48
14501938001,1,5.428571428571429,7.801098823700598,0.125,4.537082625432339,6,1,6,48
12011299001,1,1.6666666666666667,2.0816659994661326,0.125,1.2106872187591091,2,1,2,48
12323010001,0,0.0952380952380952,0.3007926037591191,0.125,0.17493957290066378,1,1,1,72
11040056001,1,0.6190476190476191,1.160869952931442,0.125,0.6751565404901791,1,1,1,48
11103112001,0,0.6666666666666666,1.7981471945681569,0.125,1.0457940065647089,2,1,2,8
11021006001,1,0.6190476190476191,1.0712698295103096,0.125,0.6230455273627015,1,1,1,12
12123070001,0,0.4285714285714285,1.4342743312012722,0.125,0.8341672494170459,1,1,1,100
14243069001,0,1.6666666666666667,7.192588778272628,0.125,4.183176026258836,5,1,5,90
32511021001,0,0.0476190476190476,0.2182178902359924,0.125,0.12691450534382062,1,1,1,20
12011292001,0,0.0476190476190476,0.2182178902359924,0.125,0.12691450534382062,1,1,1,24
10015005001,0,0.9523809523809524,3.556349117791875,0.125,2.068356029958737,3,1,3,96
12000108001,1,1.0476190476190477,1.1608699529314417,0.125,0.675156540490179,1,1,1,24
12123034001,1,2.857142857142857,3.2138094885309285,0.125,1.8691365820881043,3,1,3,72
10041032001,1,36.57142857142857,23.36786560336957,0.125,13.590641449173766,19,4,5,192
12021069001,0,0.0476190476190476,0.2182178902359923,0.125,0.12691450534382057,1,1,1,288
12000166001,0,0.0476190476190476,0.2182178902359924,0.125,0.12691450534382062,1,1,1,48
10022008001,1,46.095238095238095,58.12564387764213,0.125,33.80560288867316,40,2,20,288
31567028001,0,0.4285714285714285,1.325572652532805,0.125,0.7709468610092397,1,1,1,16
14301013001,1,2.571428571428572,3.52946778667023,0.125,2.0527219733807107,3,1,3,16
14500030001,1,1.5714285714285714,1.3627702877384935,0.125,0.7925808318398823,1,1,1,12
11103130001,0,0.238095238095238,0.8890872794479686,0.125,0.5170890074896842,1,1,1,16
11032037001,1,6.333333333333333,6.036003092554984,0.125,3.5105111955620747,5,1,5,48
31602030001,0,0.0476190476190476,0.2182178902359924,0.125,0.12691450534382062,1,1,1,96
11062002001,0,0.0476190476190476,0.2182178902359924,0.125,0.12691450534382062,1,1,1,30
14203005001,0,0.5714285714285714,1.5352989471574767,0.125,0.8929226940222764,1,1,1,40
12010209001,1,1.0952380952380951,1.5134319246256802,0.125,0.8802049358908791,2,1,2,48
30010002001,1,3.523809523809524,4.032605207791208,0.125,2.3453443466081203,3,1,3,600
12010122001,0,0.0476190476190476,0.2182178902359924,0.125,0.12691450534382062,1,1,1,48
11103092001,0,0.3333333333333333,1.3165611772087669,0.125,0.7657058290666638,1,1,1,12
14502020001,1,35.476190476190474,43.55757000524599,0.125,25.332879193434902,30,1,30,180
41223049001,0,0.0476190476190476,0.2182178902359924,0.125,0.12691450534382062,1,1,1,8
14222095001,1,4.619047619047619,4.18898783092277,0.125,2.436295749527686,4,1,4,60
32524007001,0,0.0476190476190476,0.2182178902359924,0.125,0.12691450534382062,1,1,1,60
14633002001,0,0.0476190476190476,0.2182178902359924,0.125,0.12691450534382062,1,1,1,10
14331022001,1,1.619047619047619,1.2440333788202982,0.125,0.7235240004081873,1,1,1,12
14002022001,0,1.8571428571428568,5.294201680005346,0.125,3.0790829600710667,4,1,4,48
12100011001,1,4.666666666666667,4.661902329879223,0.125,2.711340612440028,4,1,4,96
14242128001,0,0.0476190476190476,0.2182178902359924,0.125,0.12691450534382062,1,1,1,40
31422008001,0,1.4285714285714286,3.52946778667023,0.125,2.0527219733807107,3,1,3,48
14603001001,0,0.0476190476190476,0.2182178902359924,0.125,0.12691450534382062,1,1,1,180
11050062001,0,0.1904761904761904,0.6796357567879738,0.125,0.39527298056743865,1,1,1,24
12003063001,0,0.0476190476190476,0.2182178902359924,0.125,0.12691450534382062,1,1,1,48
14204118001,1,1.238095238095238,1.670471846657761,0.125,0.9715386207797747,2,1,2,80
12010023002,1,13.428571428571429,11.36913113905996,0.125,6.612233548506888,9,1,9,288
10040022001,1,89.52380952380952,86.39885360791487,0.125,50.24916956196059,62,9,7,360
11103011003,0,0.0476190476190476,0.2182178902359924,0.125,0.12691450534382062,1,1,1,18
14304084001,0,0.0476190476190476,0.2182178902359923,0.125,0.12691450534382057,1,1,1,48
12000064001,0,0.0476190476190476,0.2182178902359924,0.125,0.12691450534382062,1,1,1,48
12005084002,0,0.0476190476190476,0.2182178902359924,0.125,0.12691450534382062,1,1,1,144
11051899001,0,0.0476190476190476,0.2182178902359924,0.125,0.12691450534382062,1,1,1,48
10031022001,0,5.142857142857143,14.318818786079088,0.125,8.327758101674183,9,1,9,48
14632030001,1,2.4285714285714284,5.0849919230164815,0.125,2.9574075429335065,4,1,4,96
14110010001,1,1.8571428571428568,2.434865792722759,0.125,1.4161065682002894,2,1,2,20
12120078001,0,0.6190476190476191,1.9868616075658232,0.125,1.1555494274009515,2,1,2,144
12020266001,0,0.1904761904761904,0.6796357567879738,0.125,0.39527298056743865,1,1,1,108
14243007001,1,1.3333333333333333,2.726414006223804,0.125,1.5856696469210307,2,1,2,48
14023257001,1,2.047619047619047,2.39741924736143,0.125,1.3943278323861525,2,1,2,56
12125005001,0,0.0476190476190476,0.2182178902359924,0.125,0.12691450534382062,1,1,1,72
11070012001,0,0.7142857142857143,2.629502940535666,0.125,1.5293066239312507,2,1,2,48
12101032001,0,0.0476190476190476,0.2182178902359923,0.125,0.12691450534382057,1,1,1,360
14121004001,1,3.095238095238096,3.4914862437758782,0.125,2.03063208550113,3,1,3,20
14011030001,1,23.0,51.128270066568845,0.125,29.735962975200586,33,8,5,96
11062017001,0,0.0476190476190476,0.2182178902359924,0.125,0.12691450534382062,1,1,1,72
11032024001,1,4.0,6.033241251599343,0.125,3.5089049217669044,5,1,5,48
14204062001,1,4.904761904761905,4.32324833782148,0.125,2.5143810330112393,4,1,4,24
14600007001,1,2.333333333333333,3.877284272958758,0.125,2.255010416642607,3,1,3,96
14220132001,1,2.1904761904761907,4.23814874230539,0.125,2.4648875058847346,3,1,3,270
14020019001,1,1.619047619047619,1.6874889770363086,0.125,0.9814357042958375,2,1,2,12
14243043001,1,3.238095238095238,3.080661648165244,0.125,1.791698420261253,3,1,3,36
14243152001,0,0.0476190476190476,0.2182178902359924,0.125,0.12691450534382062,1,1,1,72
12005015006,0,0.0476190476190476,0.2182178902359924,0.125,0.12691450534382062,1,1,1,96
32501007001,0,0.238095238095238,0.8890872794479686,0.125,0.5170890074896842,1,1,1,280
31473013001,1,7.142857142857143,6.53670952609732,0.125,3.8017197177724724,5,1,5,48
15020007001,0,5.238095238095238,18.400828138713653,0.125,10.701835668083614,12,1,12,72
14131121001,1,6.0,6.395310782127793,0.125,3.7194828689617596,5,1,5,24
14500067001,1,93.33333333333331,88.84443332777431,0.125,51.67150730012303,64,6,11,432
10023043001,0,0.0476190476190476,0.2182178902359924,0.125,0.12691450534382062,1,1,1,16
11050055001,0,0.0476190476190476,0.2182178902359923,0.125,0.12691450534382057,1,1,1,24
14620903001,1,1.809523809523809,2.040074695177792,0.125,1.1864979105193008,2,1,2,48
11041024001,0,1.2857142857142858,4.337543742060214,0.125,2.5226951733215817,3,1,3,96
11050006001,0,2.0,6.730527468185536,0.125,3.914443327281672,5,1,5,48
14311113001,1,1.619047619047619,3.4274799850063378,0.125,1.993406344468349,3,1,3,40
12123151001,0,0.0476190476190476,0.2182178902359924,0.125,0.12691450534382062,1,1,1,48
14200090001,1,1.380952380952381,1.8021151593666391,0.125,1.0481017563512938,2,1,2,96
14602101001,0,0.0476190476190476,0.2182178902359923,0.125,0.12691450534382057,1,1,1,450
14204899001,0,1.619047619047619,3.840262887826697,0.125,2.233478952031262,3,1,3,40
14370054001,1,3.238095238095238,5.262174093516499,0.125,3.0604558654172207,4,1,4,48
14832012001,1,25.285714285714285,17.01218051027809,0.125,9.89420469580552,14,1,14,192
14103155001,1,3.1904761904761907,3.2652572275250784,0.125,1.8990583466988757,3,4,1,16
14612075001,1,5.428571428571429,7.632636691022497,0.125,4.4391058362017,6,1,6,24
11100107001,0,0.4761904761904761,1.5368489717290903,0.125,0.8938241810706773,1,1,1,8
11110026001,0,0.238095238095238,0.8890872794479686,0.125,0.5170890074896842,1,1,1,8
14304001001,0,0.8095238095238095,2.0154167712671147,0.125,1.1721569771863607,2,1,2,24
30073022001,0,0.0476190476190476,0.2182178902359924,0.125,0.12691450534382062,1,1,1,40
41417001001,0,0.0476190476190476,0.2182178902359923,0.125,0.12691450534382057,1,1,1,240
14510103001,1,6.476190476190476,4.273394992497741,0.125,2.485386560309416,4,2,2,48
14226035001,0,1.619047619047619,5.2865507703623775,0.125,3.074633226771393,4,1,4,360
12100013001,1,3.7142857142857135,2.704493615131253,0.125,1.572920849884062,3,1,3,96
11020001001,0,0.1904761904761904,0.6796357567879738,0.125,0.39527298056743865,1,1,1,28
14601047001,1,2.333333333333333,2.033060090930254,0.125,1.182418249464489,2,1,2,48
14120054001,1,3.8095238095238098,3.249908423618235,0.125,1.8901315540635437,3,1,3,32
12001076001,0,0.0476190476190476,0.2182178902359924,0.125,0.12691450534382062,1,1,1,48
14104102001,1,2.142857142857143,3.320929301953209,0.125,1.9314369650599525,3,1,3,24
32503007003,0,0.0476190476190476,0.2182178902359924,0.125,0.12691450534382062,1,1,1,96
11103110001,0,0.0476190476190476,0.2182178902359924,0.125,0.12691450534382062,1,2,1,48
10030019001,1,42.285714285714285,48.53982164897483,0.125,28.230533469986003,34,4,9,192
12011168001,1,9.047619047619047,7.51981509397798,0.125,4.373489322516596,6,4,2,48
12122034001,1,2.095238095238096,2.364418784918651,0.125,1.375134917623237,2,1,2,72
14200133001,1,1.2857142857142858,1.1892374507581378,0.125,0.6916549446797876,1,1,1,24
12011115001,0,1.0476190476190477,3.0736979434581806,0.125,1.7876483621413546,2,1,2,24
14833063001,0,0.1904761904761904,0.6796357567879738,0.125,0.39527298056743865,1,1,1,240
12005089004,0,0.0476190476190476,0.2182178902359924,0.125,0.12691450534382062,1,1,1,36
11040004001,0,0.4285714285714285,1.7484687178050562,0.125,1.016901236600684,2,1,2,48
14244929001,1,2.619047619047619,3.680709041423819,0.125,2.1406831804745576,3,1,3,72
14225008001,0,0.0476190476190476,0.2182178902359924,0.125,0.12691450534382062,1,1,1,288
14830045001,1,12.428571428571429,8.176621726430962,0.125,4.755484991039295,7,1,7,240
12016999001,0,0.0476190476190476,0.2182178902359924,0.125,0.12691450534382062,1,1,1,144
14226007001,1,3.238095238095238,3.433726283569526,0.125,1.9970391625270314,3,1,3,30
14510225001,0,0.3809523809523809,1.3592715135759477,0.125,0.7905459611348773,1,1,1,24
12103179001,0,0.0476190476190476,0.2182178902359923,0.125,0.12691450534382057,1,1,1,720
14353073001,0,1.5238095238095235,4.5124167318527615,0.125,2.624400487095418,3,1,3,12
14110163001,1,2.333333333333333,2.456284456925405,0.125,1.4285635632223954,2,1,2,24
12012045001,0,0.2857142857142857,1.1019463300386794,0.125,0.6408868367348483,1,1,1,144
14210216001,0,0.0476190476190476,0.2182178902359924,0.125,0.12691450534382062,1,1,1,48
32524032001,0,0.0476190476190476,0.2182178902359924,0.125,0.12691450534382062,1,1,1,50
10041076001,0,0.0476190476190476,0.2182178902359924,0.125,0.12691450534382062,1,1,1,144
14506139001,1,3.047619047619047,2.4181850730701004,0.125,1.406405139590533,2,2,1,24
12003064001,0,0.0476190476190476,0.2182178902359924,0.125,0.12691450534382062,1,1,1,96
14616019001,1,2.0,2.1447610589527217,0.125,1.2473830105464803,2,2,1,12
11103237001,1,1.619047619047619,2.224324402513952,0.125,1.2936566794040325,2,2,1,12
11075012001,0,0.0476190476190476,0.2182178902359924,0.125,0.12691450534382062,1,1,1,72
14020949001,1,1.4761904761904765,3.0922329734198164,0.125,1.7984282489625951,2,1,2,12
14851072001,1,6.190476190476191,5.4737468668093126,0.125,3.183505601796025,4,3,2,36
14242083001,1,1.238095238095238,1.7861904127153383,0.125,1.0388399981068628,2,1,2,40
14361137001,1,1.0952380952380951,1.4108423691100964,0.125,0.8205393297500532,1,1,1,24
12034075001,1,6.142857142857143,3.850788416489724,0.125,2.239600550321419,4,1,4,36
11010001001,0,0.4285714285714285,1.7484687178050564,0.125,1.0169012366006842,2,1,2,24
12123086001,1,9.714285714285714,5.992852886087369,0.125,3.4854152370987306,5,1,5,48
11103019001,1,21.23809523809524,19.791171673008044,0.125,11.510452971285128,15,11,2,88
14302005001,1,2.142857142857143,2.2866069685390684,0.125,1.3298799287905656,2,1,2,16
14002003001,1,2.761904761904762,3.28488602397042,0.125,1.9104743629964442,3,1,3,24
10024010001,1,54.0,66.27216610312357,0.125,38.54358215059934,46,2,23,288
14612916001,0,0.6190476190476191,2.246690688016276,0.125,1.3066648065462951,2,1,2,24
14121075001,1,2.380952380952381,2.39741924736143,0.125,1.3943278323861525,2,1,2,48
12011011001,0,0.5714285714285714,1.989256860524265,0.125,1.156942495329824,2,1,2,48
11071035001,0,0.4761904761904761,1.3273676061682242,0.125,0.7719907976567251,1,1,1,24
12123015001,1,4.190476190476191,3.9448580154303095,0.125,2.2943109895275025,3,1,3,24
14620051001,1,1.761904761904762,2.165750722146062,0.125,1.2595905005860701,2,1,2,48
14104060001,1,2.1904761904761907,1.9651729597938097,0.125,1.1429354111963925,2,1,2,48
14021021001,1,7.761904761904762,7.771130946681839,0.125,4.519653448182357,6,6,1,36
12120027001,0,1.4285714285714286,5.334523676687813,0.125,3.102534044938106,4,1,4,60
12034088001,0,0.4761904761904761,1.749829923708233,0.125,1.0176929075937724,2,1,2,216
14523031001,1,1.809523809523809,2.786019519297157,0.125,1.6203359348192792,2,1,2,48
14613939001,0,3.523809523809524,12.184494440144192,0.125,7.0864450346536,8,1,8,24
12001015001,0,0.0476190476190476,0.2182178902359924,0.125,0.12691450534382062,1,1,1,36
12201897001,1,2.761904761904762,2.488066757640597,0.125,1.447048000816375,2,1,2,60
31502034001,1,1.809523809523809,2.5023798196726177,0.125,1.4553724108167874,2,1,2,90
11050091001,0,0.0476190476190476,0.2182178902359924,0.125,0.12691450534382062,1,1,1,48
11073902002,1,1.761904761904762,2.119074371152696,0.125,1.2324437529423677,2,1,2,48
14353002001,0,0.4285714285714285,1.7484687178050564,0.125,1.0169012366006842,2,1,2,24
42613064001,0,0.1904761904761904,0.6796357567879738,0.125,0.39527298056743865,1,1,1,70
12010214001,0,0.0476190476190476,0.2182178902359924,0.125,0.12691450534382062,1,1,1,48
14340006001,1,2.2857142857142856,2.0770858707058104,0.125,1.2080234372726384,2,1,2,96
14506150001,1,1.8571428571428568,1.8516401995451028,0.125,1.0769052883146224,2,1,2,12
12000090001,0,0.0476190476190476,0.2182178902359924,0.125,0.12691450534382062,1,1,1,48
42607128001,0,0.0476190476190476,0.2182178902359924,0.125,0.12691450534382062,1,1,1,120
12006067001,0,0.0476190476190476,0.2182178902359924,0.125,0.12691450534382062,1,1,1,120
14520066001,1,2.4761904761904763,2.749891772762114,0.125,1.5993242062404567,2,1,2,192
12005092002,0,0.0476190476190476,0.2182178902359924,0.125,0.12691450534382062,1,1,1,32
41522003001,1,2.761904761904762,4.36926494853267,0.125,2.541144078789447,3,12,1,12
14350001001,0,1.380952380952381,3.216771525554628,0.125,1.8708592889810467,3,1,3,20
12102999001,0,0.0476190476190476,0.2182178902359924,0.125,0.12691450534382062,1,1,1,300
14631054001,0,0.0476190476190476,0.2182178902359923,0.125,0.12691450534382057,1,1,1,144
35752005001,0,0.3809523809523809,1.3592715135759477,0.125,0.7905459611348773,1,1,1,96
11112015001,0,0.0476190476190476,0.2182178902359924,0.125,0.12691450534382062,1,1,1,24
11021026001,0,1.238095238095238,2.9309514138716444,0.125,1.7046276475132824,2,1,2,8
10040018001,1,33.142857142857146,23.635324652489363,0.125,13.746194382446365,18,9,2,144
12020018001,0,0.0476190476190476,0.2182178902359924,0.125,0.12691450534382062,1,1,1,144
11100015001,1,0.9523809523809524,1.3592715135759477,0.125,0.7905459611348773,1,1,1,8
14315003001,1,2.4761904761904763,2.3370718349902644,0.125,1.3592300593228015,2,1,2,48
14811006001,1,9.238095238095235,10.2318364036216,0.125,5.950788244356094,8,1,8,96
12020328001,0,0.0476190476190476,0.2182178902359924,0.125,0.12691450534382062,1,2,1,480
14362019001,0,1.7142857142857142,5.7196403483336,0.125,3.3265161017196356,4,1,4,30
12000233001,0,0.0476190476190476,0.2182178902359924,0.125,0.12691450534382062,1,1,1,48
12104047001,0,0.0476190476190476,0.2182178902359924,0.125,0.12691450534382062,1,1,1,40
11075006001,0,0.0476190476190476,0.2182178902359924,0.125,0.12691450534382062,1,1,1,96
41401022001,0,0.0476190476190476,0.2182178902359924,0.125,0.12691450534382062,1,1,1,50
14804016001,1,18.0,19.98999749874922,0.125,11.62608914252768,14,1,14,144
12002002001,0,0.0476190476190476,0.2182178902359924,0.125,0.12691450534382062,1,1,1,36
14510148001,1,2.6666666666666665,2.3523038352503134,0.125,1.36808891950292,2,1,2,24
12002090001,0,0.0476190476190476,0.2182178902359924,0.125,0.12691450534382062,1,1,1,72
11041027001,1,1.7142857142857142,1.4192553379451187,0.125,0.8254322731151235,2,1,2,72
14611025001,0,1.0,2.8284271247461903,0.125,1.6450000000000002,2,1,2,24
14700029001,1,1.4761904761904765,2.7498917727621137,0.125,1.5993242062404567,2,1,2,36
12106109002,0,0.0476190476190476,0.2182178902359924,0.125,0.12691450534382062,1,1,1,144
11041019001,1,1.1904761904761905,2.2498677209793385,0.125,1.3085125540730083,2,1,2,90
14010048001,1,1.380952380952381,1.774153050787628,0.125,1.031839124653968,2,1,2,24
14001019001,1,3.333333333333333,4.385582439463809,0.125,2.5506342552719445,3,2,2,20
14361114001,1,3.857142857142857,8.088792952509753,0.125,4.704404186504387,6,1,6,24
14502016001,1,19.285714285714285,27.21606668338181,0.125,15.828737216689142,19,1,19,120
14102115001,1,3.333333333333333,3.055050463303893,0.125,1.7768030748134882,3,1,3,24
12005108003,0,0.3809523809523809,1.3592715135759477,0.125,0.7905459611348773,1,1,1,48
14223176001,1,2.857142857142857,3.3806170189140663,0.125,1.9661510623550777,3,1,3,96
12002127001,0,0.0476190476190476,0.2182178902359924,0.125,0.12691450534382062,1,1,1,144
14830048001,1,3.7142857142857135,4.124837659143171,0.125,2.398986309360685,3,1,3,288
12201896001,1,59.04761904761905,69.0582914576347,0.125,40.16397963868456,48,4,12,240
14508017001,1,4.047619047619048,7.466432819467342,0.125,4.342442441088502,5,1,5,24
14111037001,1,4.9523809523809526,8.58181909898007,0.125,4.9911458896396415,6,1,6,24
12105018001,0,0.0952380952380952,0.4364357804719847,0.125,0.2538290106876412,1,1,1,48
14601026001,1,8.619047619047619,5.258100326887939,0.125,3.0580865817806187,5,1,5,48
14130016001,1,13.571428571428571,8.5707142559499,0.125,4.9846873648203855,7,3,3,72
30013004001,0,0.0952380952380952,0.4364357804719848,0.125,0.25382901068764124,1,1,1,240
14505138001,3,84.14285714285714,68.8464129162048,0.125,40.04075206898592,51,8,7,384
14501016001,3,65.42857142857143,44.28043747364227,0.125,25.753295535474678,34,4,9,288
10035021001,2,442.6666666666667,361.79404822817816,0.125,210.41772797620135,266,37,8,1776
12004218001,0,0.0952380952380952,0.4364357804719848,0.125,0.25382901068764124,1,1,1,96
30045078002,0,0.4761904761904761,2.182178902359924,0.125,1.2691450534382063,2,1,2,120
14132003001,1,8.095238095238095,7.582247436642792,0.125,4.409799681296949,6,2,3,40
31567052001,1,2.4761904761904763,2.9089353313376978,0.125,1.6918231967811135,3,1,3,48
12220013001,1,8.619047619047619,5.093880549013596,0.125,2.962577126281554,5,9,1,36
12004053001,0,0.0952380952380952,0.4364357804719847,0.125,0.2538290106876412,1,1,1,144
12010137001,1,3.4285714285714284,4.319391491534757,0.125,2.5121379092318956,3,1,3,24
12016130001,0,0.238095238095238,1.091089451179962,0.125,0.6345725267191031,1,1,1,288
14202021001,1,3.047619047619047,2.957637409761218,0.125,1.7201480980330348,3,1,3,72
12103021001,0,0.1428571428571428,0.6546536707079772,0.125,0.38074351603146184,1,1,1,144
12021993001,0,0.238095238095238,1.091089451179962,0.125,0.6345725267191031,1,1,1,216
12202006001,0,0.7619047619047619,3.491486243775878,0.125,2.0306320855011295,3,1,3,4
14241025001,0,0.1428571428571428,0.6546536707079772,0.125,0.38074351603146184,1,1,1,120
14621041001,1,25.0,16.748134224444225,0.125,9.740636609713967,13,5,3,120
12111034001,0,0.1904761904761904,0.8728715609439697,0.125,0.5076580213752825,1,1,1,480
14522051001,1,5.904761904761905,3.659299959073619,0.125,2.1282317582130634,3,1,3,192
12010147001,0,0.0952380952380952,0.4364357804719847,0.125,0.2538290106876412,1,1,1,120
11103187001,0,0.2857142857142857,1.3093073414159544,0.125,0.7614870320629237,1,1,1,12
10011016001,3,213.42857142857144,158.30873994463207,0.125,92.07162345831642,119,4,30,864
14001060001,1,11.142857142857142,14.947527268032376,0.125,8.69341201715414,11,1,11,96
10032019001,3,306.85714285714283,213.36969928138475,0.125,124.09482013766731,163,5,33,1440
14131081001,1,15.952380952380953,12.026953855720036,0.125,6.9948201668568055,9,3,3,72
11050134001,0,0.0952380952380952,0.4364357804719848,0.125,0.25382901068764124,1,1,1,32
14613024001,1,2.4761904761904763,2.9089353313376973,0.125,1.6918231967811135,3,1,3,24
14832009001,0,0.1428571428571428,0.6546536707079772,0.125,0.38074351603146184,1,1,1,192
14000033001,3,10.095238095238097,7.388536809847819,0.125,4.297138485860872,6,1,6,48
10035041001,0,6.571428571428571,28.76903096833716,0.125,16.731933988633827,18,1,18,192
10002005001,3,242.57142857142856,112.72292199396334,0.125,65.55912473675957,96,7,14,1008
14502047001,1,32.38095238095238,43.520657382990194,0.125,25.3114109848042,30,2,15,240
10040032001,1,239.7142857142857,241.82662029998733,0.125,140.64523243786115,171,7,25,1008
14100021001,1,7.666666666666667,7.247988226627672,0.125,4.215396086569644,6,2,3,40
12031127001,0,0.0952380952380952,0.4364357804719848,0.125,0.25382901068764124,1,1,1,600
10002006001,3,88.0,74.51577014297041,0.125,43.33802374214819,55,30,2,360
11031027001,0,0.0952380952380952,0.4364357804719848,0.125,0.25382901068764124,1,1,1,48
14731899001,0,0.0952380952380952,0.4364357804719848,0.125,0.25382901068764124,1,1,1,48
12020138001,0,0.0952380952380952,0.4364357804719848,0.125,0.25382901068764124,1,1,1,216
12011033001,1,11.61904761904762,13.162356135875486,0.125,7.655164827857508,10,4,3,48
10034014001,1,206.0,142.12951839783318,0.125,82.66186380369125,109,4,28,864
11032229001,0,0.4761904761904761,2.182178902359924,0.125,1.2691450534382063,2,1,2,48
10040063001,2,733.7142857142857,717.4583711168992,0.125,417.27043633595713,509,31,17,2976
14303933001,1,2.571428571428572,1.9123657749350296,0.125,1.1122229992227277,2,1,2,24
12022047001,0,0.0952380952380952,0.4364357804719848,0.125,0.25382901068764124,1,1,1,270
14102009001,1,8.333333333333334,4.76794854558366,0.125,2.7730165959955357,4,5,1,40
14242210001,0,0.2857142857142857,1.3093073414159544,0.125,0.7614870320629237,1,1,1,120
12006020001,0,0.1428571428571428,0.6546536707079772,0.125,0.38074351603146184,1,1,1,960
11050004001,1,9.38095238095238,6.5610684379618425,0.125,3.8158867470964952,5,3,2,48
12000059001,1,5.666666666666667,6.980926395066298,0.125,4.060074173173031,5,2,3,24
10010027001,0,43.42857142857143,199.01471589522507,0.125,115.7460288735644,122,1,122,432
12103135001,0,0.0952380952380952,0.4364357804719848,0.125,0.25382901068764124,1,1,1,576
14244020001,1,66.42857142857143,46.0473358931561,0.125,26.780915400476882,36,3,12,360
10031033001,3,218.28571428571428,113.5434466876635,0.125,66.03633806473525,94,10,10,960
14100012001,1,9.476190476190476,8.600110741258206,0.125,5.001784223321382,7,2,4,48
10001022001,3,55.23809523809524,36.67411179824913,0.125,21.329492063025473,29,5,6,240
10033074001,3,191.23809523809524,142.17521048407306,0.125,82.68843810755328,107,16,7,768
10002008001,2,728.0,769.5110135664077,0.125,447.54400996996935,539,13,42,3120
14200018001,1,2.1904761904761907,2.6761735298565306,0.125,1.5564500206131475,2,1,2,80
10031004001,1,97.71428571428572,74.04400236153018,0.125,43.063645804785274,56,9,7,432
12000036001,0,0.1428571428571428,0.6546536707079772,0.125,0.38074351603146184,1,1,1,24
35301023001,0,0.2857142857142857,1.3093073414159544,0.125,0.7614870320629237,1,1,1,48
14131025001,3,19.47619047619047,15.58723531489484,0.125,9.06546322819009,12,5,3,80
14361099001,1,17.0,11.216059914247962,0.125,6.523208039377558,9,3,3,72
14621017001,0,0.0952380952380952,0.4364357804719847,0.125,0.2538290106876412,1,1,1,4
14311043001,1,5.380952380952381,7.4597331753635165,0.125,4.33854595938163,6,2,3,32
10040072001,0,1.1428571428571428,5.237229365663818,0.125,3.0459481282516947,4,1,4,48
14023034001,1,3.0,2.4083189157584592,0.125,1.4006670285974467,2,1,2,12
14805005001,1,36.57142857142857,16.853994863448335,0.125,9.802204662727666,15,2,8,288
14505041001,2,452.1428571428572,200.5652725958025,0.125,116.64782540568427,174,10,18,2000
10002992001,1,21.61904761904762,16.399622527595536,0.125,9.537943835238634,13,11,2,88
14615017001,1,43.71428571428572,17.82454166912254,0.125,10.366670150053006,16,8,2,192
10011008001,1,7.476190476190476,5.173190965149534,0.125,3.008703693730353,4,1,4,40
14510041001,1,21.61904761904762,27.652262458027177,0.125,16.082426641109443,19,4,5,96
14244087001,0,0.0952380952380952,0.4364357804719848,0.125,0.25382901068764124,1,1,1,96
14804010001,3,70.0,36.56227564033727,0.125,21.264448676135483,31,2,16,384
10040058001,1,126.57142857142856,114.61263954231724,0.125,66.65817563322597,83,11,8,528
14506056001,1,10.142857142857142,5.284748946598261,0.125,3.073585294489157,5,2,3,48
14312999001,1,4.238095238095238,3.9737232151316464,0.125,2.311098854801903,3,1,3,96
14014015001,3,96.95238095238096,60.806641241295495,0.125,35.3648584284833,48,33,2,396
14820014001,3,71.85714285714286,39.83878225333415,0.125,23.170049612862297,33,2,17,384
10021006001,2,759.047619047619,313.79459463006623,0.125,182.5014700397415,278,64,5,3072
14223018001,1,3.4761904761904763,3.3707424644883157,0.125,1.9604080676396607,3,1,3,48
14226002001,0,1.4761904761904765,5.418662635919011,0.125,3.1514688704898655,4,1,4,72
10034003001,2,405.1428571428572,211.18482088310364,0.125,122.82410507001467,174,6,29,1728
10014113001,1,71.71428571428571,43.327985017933685,0.125,25.19935363754396,35,2,18,288
11050012001,1,4.238095238095238,4.023739080814783,0.125,2.34018784858538,3,1,3,24
12020147001,0,0.3809523809523809,1.7457431218879391,0.125,1.015316042750565,2,1,2,144
14506090001,1,7.476190476190476,5.163516704911951,0.125,3.0030771891789043,4,2,2,48
14010039001,0,0.7142857142857143,3.2732683535398857,0.125,1.903717580157309,2,1,2,60
14001052001,1,20.714285714285715,15.063674376269748,0.125,8.760962632610644,12,4,3,96
14244077001,0,0.2857142857142857,1.3093073414159544,0.125,0.7614870320629237,1,1,1,16
14023003001,1,4.9523809523809526,4.067876478903833,0.125,2.3658579530831236,3,2,2,24
14351034001,1,2.571428571428572,5.784214973282273,0.125,3.3640724018665233,4,1,4,18
14506070001,1,3.9047619047619047,2.981690156685666,0.125,1.7341370632584576,3,1,3,24
32517009001,0,0.238095238095238,1.091089451179962,0.125,0.6345725267191031,1,1,1,20
14132031001,3,21.61904761904762,11.37750495704656,0.125,6.617103721921447,10,4,3,96
14000027001,1,8.761904761904763,8.34209063667353,0.125,4.8517209360871805,6,4,2,40
12103013001,0,0.0952380952380952,0.4364357804719847,0.125,0.2538290106876412,1,1,1,192
14243061001,1,2.4761904761904763,2.462093572938438,0.125,1.4319421179526313,2,1,2,96
11103022001,1,27.80952380952381,21.604673215809232,0.125,12.565176995039373,17,10,2,120
14001118001,1,3.7142857142857135,9.508642685172562,0.125,5.530182156810026,6,1,6,80
10052020001,1,7.714285714285714,5.693354522097295,0.125,3.3112283880004423,5,1,5,48
14023252001,1,4.619047619047619,3.721238912999143,0.125,2.1642551644079924,3,3,1,24
31533005001,1,6.571428571428571,4.728334046695819,0.125,2.749976988540086,4,1,4,72
14501004001,3,143.57142857142858,75.5834448993769,0.125,43.9589783917916,62,5,13,600
14510107001,1,36.142857142857146,23.199753693273795,0.125,13.492868347760602,19,7,3,168
14505031001,3,59.42857142857143,30.96864774020885,0.125,18.011220825502086,26,10,3,240
14502054001,1,27.047619047619047,24.95290802787561,0.125,14.512494717196859,18,4,5,128
12100019001,0,0.0952380952380952,0.4364357804719848,0.125,0.25382901068764124,1,1,1,144
14503002001,1,30.714285714285715,15.434192097880787,0.125,8.97645400826518,13,2,7,240
10033056001,1,92.1904761904762,100.00380945124994,0.125,58.16174831164094,70,4,18,384
10002072001,1,9.19047619047619,10.452841946662389,0.125,6.079324035545948,8,2,4,48
14243021001,0,0.1904761904761904,0.8728715609439697,0.125,0.5076580213752825,1,1,1,96
14500037001,3,28.23809523809524,13.24728184158834,0.125,7.704557221486946,12,19,1,114
14001093001,3,18.33333333333333,19.453363034018903,0.125,11.313985045251147,14,7,2,84
11103136001,1,45.142857142857146,23.0201774847322,0.125,13.388427663937987,20,16,2,192
14000041001,1,7.476190476190476,7.110689471626839,0.125,4.135543772186032,6,2,3,48
35307910001,0,0.1428571428571428,0.6546536707079772,0.125,0.38074351603146184,1,1,1,48
11101009001,0,0.2857142857142857,1.3093073414159544,0.125,0.7614870320629237,1,1,1,12
14200047001,1,2.857142857142857,3.070597894314954,0.125,1.7858453880445533,3,1,3,60
14011034001,3,29.47619047619047,15.97378805299184,0.125,9.290280494509663,13,6,3,120
14011011001,1,6.428571428571429,5.065288032989127,0.125,2.945947852559512,4,2,2,48
11111017001,1,16.80952380952381,10.428897581331633,0.125,6.065398104549006,9,9,1,72
10021026001,3,183.7619047619048,68.72256162418915,0.125,39.96872073624157,63,31,3,744
12123044001,0,0.0952380952380952,0.4364357804719848,0.125,0.25382901068764124,1,1,1,54
12320018001,0,0.8571428571428571,3.927922024247863,0.125,2.284461096188771,3,1,3,384
12010097001,0,0.3333333333333333,1.527525231651947,0.125,0.8884015374067444,1,1,1,288
12327046001,0,0.0952380952380952,0.4364357804719848,0.125,0.25382901068764124,1,1,1,8
32600042001,0,0.1428571428571428,0.6546536707079772,0.125,0.38074351603146184,1,1,1,20
14010072001,1,7.190476190476191,6.360967281939498,0.125,3.6995088497213615,5,3,2,36
10012006001,1,58.0,49.16096012081131,0.125,28.5917847029527,36,1,36,576
10020002001,1,35.857142857142854,30.05209762110744,0.125,17.478159558789365,22,1,22,216
12002023001,1,2.9047619047619047,3.9862860146352,0.125,2.318405320293815,3,1,3,24
14111002001,1,5.333333333333333,3.9412350010286543,0.125,2.2922038612799405,3,1,3,24
12102108001,0,0.2857142857142857,1.3093073414159544,0.125,0.7614870320629237,1,1,1,216
14104085001,1,6.809523809523809,5.801888034244091,0.125,3.3743509715449975,5,1,5,36
10033065001,1,64.23809523809524,51.35163557463848,0.125,29.86587131102434,38,11,4,264
14243044001,1,4.666666666666667,4.586211217697385,0.125,2.66731901525983,4,1,4,96
10002102001,2,496.8571428571428,277.69448783047267,0.125,161.50581660191062,224,11,21,2112
10012907001,1,26.0,33.85262175962151,0.125,19.68852663989868,23,1,23,288
14603013001,0,0.0952380952380952,0.4364357804719847,0.125,0.2538290106876412,1,1,1,180
10041036001,0,1.1428571428571428,5.237229365663818,0.125,3.0459481282516947,4,1,4,48
10030016001,1,47.42857142857143,48.137897158653935,0.125,27.99677606439713,34,4,9,192
11021051002,0,0.0952380952380952,0.4364357804719848,0.125,0.25382901068764124,1,1,1,48
14502002001,1,33.095238095238095,26.574244602443105,0.125,15.455456493312218,20,2,10,240
14504001001,1,61.90476190476191,40.38799916052386,0.125,23.48947159988208,32,3,11,360
10021001001,2,666.2857142857143,419.8220030985921,0.125,244.16651539471994,328,14,24,2688
14121115001,1,17.61904761904762,17.439828526898395,0.125,10.142922784097623,13,2,7,80
10030045001,1,28.0,31.5974682530104,0.125,18.37693989759993,22,3,8,144
12202007001,1,21.952380952380956,15.72410948345308,0.125,9.145068605082562,12,22,1,88
14222046001,1,6.476190476190476,4.86435039464724,0.125,2.8290834609757742,4,1,4,40
12103156001,0,0.0952380952380952,0.4364357804719848,0.125,0.25382901068764124,1,1,1,192
15022009001,1,21.428571428571427,17.653813833196008,0.125,10.267375638399521,13,1,13,192
10034050001,1,100.0,121.55492585658553,0.125,70.69577691595165,84,3,28,432
14630016001,1,8.333333333333334,6.762642481555071,0.125,3.9331212690008255,5,1,5,96
12023094001,0,0.0952380952380952,0.4364357804719848,0.125,0.25382901068764124,1,1,1,72
14615108001,1,3.523809523809524,5.446274392821644,0.125,3.1675277392892194,4,1,4,96
14003029001,3,32.476190476190474,20.37306812342964,0.125,11.848881227954257,16,4,4,144
10011001001,3,231.7142857142857,140.87197835522252,0.125,81.93048439073212,111,4,28,1152
11110101001,0,0.0952380952380952,0.4364357804719848,0.125,0.25382901068764124,1,1,1,32
14011059001,3,25.0,18.04161855266872,0.125,10.492921051237357,14,6,3,108
10022918001,0,0.1904761904761904,0.8728715609439697,0.125,0.5076580213752825,1,1,1,192
11021095001,0,0.0952380952380952,0.4364357804719848,0.125,0.25382901068764124,1,1,1,24
14616054001,1,3.523809523809524,3.6141257258021287,0.125,2.101958635217798,3,1,3,48
14121136001,1,12.952380952380953,14.42038900472588,0.125,8.386830866254945,11,3,4,72
14805004001,1,76.85714285714286,65.2213812444092,0.125,37.93245058653607,48,2,24,384
12103049001,0,0.238095238095238,1.091089451179962,0.125,0.6345725267191031,1,1,1,320
14511056001,1,13.19047619047619,9.54787435830116,0.125,5.552999114592643,8,3,3,72
12200006001,2,490.0,636.0660343077595,0.125,369.93303355134424,432,164,3,1968
14362033001,0,0.5714285714285714,2.618614682831909,0.125,1.5229740641258473,2,1,2,24
12201099001,0,0.9523809523809524,4.364357804719848,0.125,2.5382901068764125,3,1,3,60
14833024001,1,60.85714285714285,44.153466131534586,0.125,25.67944959617515,34,2,17,480
15021060001,1,29.428571428571427,26.89344051729237,0.125,15.641099345953917,20,1,20,360
10031031001,3,277.0952380952381,205.5616464134068,0.125,119.55369307257584,155,5,31,1200
14510139001,1,17.047619047619047,6.484413546930751,0.125,3.7713046206408025,6,3,2,72
12003003001,0,0.1904761904761904,0.8728715609439697,0.125,0.5076580213752825,1,1,1,144
11110031002,0,0.1904761904761904,0.8728715609439697,0.125,0.5076580213752825,1,1,1,32
14010079001,1,7.714285714285714,4.95119033306999,0.125,2.879589163405086,4,1,4,48
15021005001,1,20.0,18.81488772222678,0.125,10.942650787172184,14,1,14,192
14121020001,3,38.23809523809524,12.852644715795895,0.125,7.4750381130577965,13,3,5,180
14833003001,1,14.0,10.578279633286312,0.125,6.152278007982085,8,1,8,288
12010180001,0,0.0952380952380952,0.4364357804719848,0.125,0.25382901068764124,1,1,1,96
14510109001,1,10.523809523809524,9.02008341213676,0.125,5.246038366392936,7,2,4,48
14011023001,1,2.523809523809524,3.0922329734198173,0.125,1.7984282489625958,3,1,3,24
11103050001,1,20.19047619047619,17.631276322544117,0.125,10.254267927510316,13,7,2,84
11040035001,1,15.80952380952381,8.237833742065007,0.125,4.791085613320499,7,3,3,72
14014006001,3,208.7142857142857,105.2222138415377,0.125,61.19674792217313,88,140,1,840
14132157001,1,7.142857142857143,10.88708277862217,0.125,6.331876474434732,8,2,4,48
12010058001,0,0.4285714285714285,1.9639610121239317,0.125,1.1422305480943855,2,1,2,288
14001049001,3,19.09523809523809,16.096287652451924,0.125,9.361525689179446,12,5,3,80
10035017001,1,86.0952380952381,55.3768044960205,0.125,32.20689074820273,43,8,6,384
14830007001,1,8.857142857142858,10.626785564250904,0.125,6.180488830788386,8,1,8,240
14244017001,1,12.761904761904765,13.692716172859065,0.125,7.963619747273641,10,6,2,60
11103388001,0,0.0952380952380952,0.4364357804719847,0.125,0.2538290106876412,1,1,1,36
14506066001,1,4.238095238095238,2.142539659020619,0.125,1.246091054725403,2,1,2,192
14100001001,1,7.095238095238095,4.836370146140201,0.125,2.812810279181066,4,2,2,48
14501053001,1,50.85714285714285,42.81388292865495,0.125,24.90035426454813,32,7,5,224
11073032001,0,0.0952380952380952,0.4364357804719848,0.125,0.25382901068764124,1,1,1,96
14510039001,3,70.95238095238095,23.77703974525885,0.125,13.828615218241005,23,12,2,288
14130009001,1,10.095238095238097,7.980631315283034,0.125,4.641497883675773,6,3,2,48
12120052001,1,20.952380952380956,18.7149036611899,0.125,10.884500524446068,14,2,7,144
10033064001,2,381.7142857142857,212.93218236263465,0.125,123.8403623420087,172,8,22,1728
14011044001,1,4.761904761904762,3.819748184170809,0.125,2.2215476962394183,3,1,3,24
10030048001,3,318.85714285714283,113.68829566595046,0.125,66.12058155370384,106,14,8,1344
14222114001,1,7.857142857142857,4.114434521118476,0.125,2.392935892893915,4,1,4,60
14505917001,3,209.52380952380952,111.02820319523282,0.125,64.57348420194754,91,5,19,1000
12200017001,1,73.71428571428571,73.61055824889718,0.125,42.8115567341343,53,4,14,300
10002040001,1,23.47619047619047,30.009363618076023,0.125,17.453305662299815,21,8,3,96
11103090001,1,26.047619047619047,14.448100880310156,0.125,8.40294796361174,12,9,2,108
14022003001,1,6.761904761904762,6.927515874429751,0.125,4.029010863930088,5,2,3,48
14500010001,3,183.57142857142856,213.442397716239,0.125,124.13710120769697,148,31,5,744
12103019001,0,0.0952380952380952,0.4364357804719847,0.125,0.2538290106876412,1,1,1,42
14000010001,1,7.380952380952381,6.711752308273828,0.125,3.90352378200347,5,3,2,30
11061024001,0,0.0952380952380952,0.4364357804719848,0.125,0.25382901068764124,1,1,1,120
14022029001,1,7.047619047619048,5.426566045633191,0.125,3.1560654566511555,5,3,2,36
35750013001,0,1.238095238095238,5.224028731781267,0.125,3.038270701265223,4,1,4,72
12023103001,0,0.0952380952380952,0.4364357804719847,0.125,0.2538290106876412,1,1,1,216
10040049001,3,23.23809523809524,14.134725897253055,0.125,8.220690537702213,12,16,1,96
14504055001,1,93.57142857142856,59.54290170001075,0.125,34.62987341606233,47,4,12,480
10020015001,1,52.0,48.719605909736174,0.125,28.335095156007508,35,1,35,240
11100001001,1,17.19047619047619,24.91910722240877,0.125,14.49283632667073,17,9,2,72
11110085001,1,5.0,5.049752469181039,0.125,2.9369124412382472,4,1,4,24
14615084001,1,12.428571428571429,9.447599846370656,0.125,5.494679926983919,8,5,2,60
10033018001,2,607.8095238095239,521.8696790433047,0.125,303.51696690904555,380,26,15,2496
12020184001,0,0.0952380952380952,0.4364357804719848,0.125,0.25382901068764124,1,2,1,288
11110100001,0,0.0952380952380952,0.4364357804719848,0.125,0.25382901068764124,1,1,1,32
14023295001,1,6.333333333333333,5.597618541248889,0.125,3.255548788862896,5,3,2,36
10031006001,0,1.3333333333333333,6.110100926607787,0.125,3.5536061496269773,4,1,4,48
14504002001,1,56.66666666666666,70.43318346726444,0.125,40.96361040733796,49,2,25,240
14811007001,1,7.238095238095238,6.707494032086514,0.125,3.9010471884696134,5,1,5,32
14522049001,1,6.380952380952381,8.731988264285462,0.125,5.078483574519727,6,1,6,192
11040006001,1,14.61904761904762,8.53508166613648,0.125,4.963963617077252,7,3,3,72
10013005001,3,200.57142857142856,113.80359020196656,0.125,66.18763631714008,92,3,31,864
11070007001,1,32.61904761904762,90.2731832774696,0.125,52.50246159506872,57,3,19,144
14830069001,1,55.0,33.384127965247195,0.125,19.416052838115682,27,1,27,288
12020404001,0,0.0952380952380952,0.4364357804719848,0.125,0.25382901068764124,1,1,1,108
14001053001,3,20.428571428571427,19.62542083261255,0.125,11.414053056977613,14,7,2,84
10033005001,3,230.8571428571429,100.69671579266412,0.125,58.564739402220525,88,4,22,1152
10034039001,1,95.42857142857144,67.15993703732265,0.125,39.05990557784287,51,2,26,432
12326121001,0,0.1428571428571428,0.6546536707079772,0.125,0.38074351603146184,1,1,1,24
12120065001,0,0.1428571428571428,0.6546536707079772,0.125,0.38074351603146184,1,1,1,216
10032011001,1,117.71428571428572,109.25069466925272,0.125,63.5396935486,79,2,40,480
10001005001,1,91.71428571428572,85.13115931146648,0.125,49.511884482414935,61,2,31,384
12102021001,0,0.1904761904761904,0.8728715609439697,0.125,0.5076580213752825,1,1,1,192
14503019001,3,159.71428571428572,132.217677659662,0.125,76.89718354318967,97,27,4,648
11072033001,0,0.0952380952380952,0.4364357804719848,0.125,0.25382901068764124,1,1,1,24
12120080001,0,0.0952380952380952,0.4364357804719848,0.125,0.25382901068764124,1,1,1,48
12122017001,0,0.2857142857142857,1.3093073414159544,0.125,0.7614870320629237,1,1,1,72
12011006001,0,0.0952380952380952,0.4364357804719848,0.125,0.25382901068764124,1,1,1,48
10032013001,2,581.4285714285714,269.4922209319912,0.125,156.73541649863316,230,11,21,2376
12201042001,1,203.42857142857144,220.01194772752032,0.125,127.95792079820616,154,11,14,825
14510004001,1,24.285714285714285,17.49612201930147,0.125,10.17566281624937,14,5,3,120
14204041001,1,24.761904761904763,10.940314263789508,0.125,6.362835657485322,10,3,4,120
12123106001,0,0.4761904761904761,2.182178902359924,0.125,1.2691450534382063,2,1,2,24
12000159001,0,0.0952380952380952,0.4364357804719848,0.125,0.25382901068764124,1,1,1,72
14510133001,1,5.619047619047619,5.162133187706323,0.125,3.0022725420365597,4,1,4,24
14130042001,1,8.80952380952381,7.480768995357681,0.125,4.350780294000914,6,2,3,48
14222072001,3,9.714285714285714,7.843104341667636,0.125,4.561512838412274,6,1,6,60
10002942001,1,31.142857142857142,24.92846909516449,0.125,14.498281148122349,19,1,19,192
12001114001,0,0.1428571428571428,0.6546536707079772,0.125,0.38074351603146184,1,1,1,48
10002039001,0,1.1428571428571428,5.237229365663818,0.125,3.0459481282516947,4,1,4,24
10014127001,0,0.1428571428571428,0.6546536707079772,0.125,0.38074351603146184,1,1,1,96
10035035001,2,1086.0,533.4772722431575,0.125,310.2678888779018,447,16,28,4608
14700026001,1,4.238095238095238,4.146139914483855,0.125,2.4113756015325913,3,1,3,48
10015007001,3,344.0,193.8411720971579,0.125,112.73711997385776,156,8,20,1536
14242131001,1,4.428571428571429,3.457910186390453,0.125,2.011104407409024,3,1,3,80
10016018001,0,1.1428571428571428,5.237229365663818,0.125,3.0459481282516947,4,1,4,48
14500056001,3,41.142857142857146,45.74525736542065,0.125,26.60522794020003,32,7,5,168
15020046001,1,201.0952380952381,179.22050796767226,0.125,104.23381003082285,130,3,44,864
12120005001,0,0.3333333333333333,1.5275252316519468,0.125,0.8884015374067443,1,1,1,48
12020021001,0,0.4761904761904761,2.182178902359924,0.125,1.2691450534382063,2,1,2,144
11050011001,1,7.047619047619048,10.442586798663395,0.125,6.073359689386646,7,1,7,48
12120040001,0,0.0952380952380952,0.4364357804719848,0.125,0.25382901068764124,1,1,1,18
31215012001,0,0.1428571428571428,0.6546536707079772,0.125,0.38074351603146184,1,1,1,144
14105102001,1,12.238095238095235,11.099120514278423,0.125,6.455196630751588,8,3,3,72
10021010001,1,33.142857142857146,26.17305047999891,0.125,15.222123866267806,20,3,7,144
14000006001,3,34.04761904761905,30.26132216291316,0.125,17.599843574707325,22,16,2,144
12011173001,0,0.0952380952380952,0.4364357804719848,0.125,0.25382901068764124,1,1,1,24
14010149001,1,8.476190476190476,4.238148742305391,0.125,2.464887505884735,4,2,2,64
14023047001,3,19.666666666666668,8.48724533245819,0.125,4.936142228923988,8,4,2,96
14130017001,1,13.904761904761903,10.681314347517173,0.125,6.212202516351723,8,3,3,72
14001047001,3,36.71428571428572,26.778989632065763,0.125,15.574535245874916,21,10,3,160
14204071001,1,10.285714285714286,6.783383058200806,0.125,3.945183891468179,6,1,6,48
12013052001,0,0.0952380952380952,0.4364357804719848,0.125,0.25382901068764124,1,1,1,96
14832018001,3,121.28571428571428,74.67874052040706,0.125,43.432806552190485,59,3,20,576
11103134001,1,9.285714285714286,10.479231160456656,0.125,6.094671878985777,8,5,2,40
14509008001,1,11.285714285714286,7.149425551349263,0.125,4.158072495159265,6,2,3,48
12344036001,0,0.0952380952380952,0.4364357804719848,0.125,0.25382901068764124,1,1,1,400
12100017001,0,0.0952380952380952,0.4364357804719848,0.125,0.25382901068764124,1,1,1,96
11061033001,0,0.0952380952380952,0.4364357804719848,0.125,0.25382901068764124,1,2,1,608
14510069001,1,8.666666666666666,5.369667897862338,0.125,3.1229737597627474,5,2,3,48
14001009001,1,11.571428571428571,10.127050057007857,0.125,5.889844994777026,8,2,4,48
14020014001,1,8.0,6.978538528947161,0.125,4.058685401395383,6,2,3,40
14111036001,1,10.523809523809524,10.161786494603431,0.125,5.910047544577509,8,4,2,48
14023115001,1,3.7142857142857135,2.6295029405356662,0.125,1.529306623931251,2,2,1,24
10033030001,3,156.57142857142858,59.48156977465493,0.125,34.59420305484721,55,14,4,672
10033043001,2,469.5238095238095,248.38269244204977,0.125,144.4582133626076,204,40,6,1920
14502081001,2,381.0,664.5483428615257,0.125,386.4982111233666,435,13,34,1560
14602013001,0,0.8571428571428571,3.927922024247863,0.125,2.284461096188771,3,1,3,324
12006135001,0,0.0952380952380952,0.4364357804719848,0.125,0.25382901068764124,1,1,1,144
10030018001,1,29.142857142857142,24.31724843456947,0.125,14.14279806783297,18,8,3,128
12022070001,0,0.1428571428571428,0.6546536707079772,0.125,0.38074351603146184,1,1,1,64
10035006001,1,65.71428571428571,49.09291482194031,0.125,28.552209875069224,37,1,37,288
10023100001,0,0.1428571428571428,0.6546536707079772,0.125,0.38074351603146184,1,1,1,24
12023278001,0,0.0952380952380952,0.4364357804719848,0.125,0.25382901068764124,1,1,1,144
14000057001,3,57.285714285714285,30.640076463910557,0.125,17.820125306447764,25,23,2,230
14022118001,1,4.095238095238095,3.700064349504775,0.125,2.1519401372172666,3,2,2,24
14620014001,3,26.61904761904762,23.42749707176631,0.125,13.62532283256682,17,5,4,120
10040080001,0,0.9523809523809524,4.364357804719848,0.125,2.5382901068764125,3,1,3,80
10032001001,1,34.857142857142854,48.73016079830408,0.125,28.34123382988116,33,6,6,144
10040094001,3,21.714285714285715,14.230751410740254,0.125,8.276538527669645,11,15,1,90
12201006001,0,2.2857142857142856,10.474458731327635,0.125,6.091896256503389,7,2,4,150
10010023001,0,0.2857142857142857,1.3093073414159544,0.125,0.7614870320629237,1,1,1,432
14505102001,0,0.4761904761904761,2.182178902359924,0.125,1.2691450534382063,2,1,2,80
14121090001,1,7.238095238095238,5.769789960689747,0.125,3.355682881943207,5,2,3,32
14131047001,3,41.142857142857146,25.371806625239984,0.125,14.756124184131146,20,7,3,168
14361100001,1,10.904761904761903,9.010575796833198,0.125,5.2405087817564695,7,2,4,48
14000022001,3,27.142857142857142,19.370817520914585,0.125,11.265976960521446,15,2,8,120
11070001001,1,12.761904761904765,9.8889067237221,0.125,5.75134194485658,8,2,4,96
14023056001,3,179.1904761904762,97.4318320917856,0.125,56.66589829687399,80,30,3,720
14204083001,1,5.571428571428571,6.013080978761458,0.125,3.497179801282742,5,1,5,80
14003054001,1,5.761904761904762,4.206004777752421,0.125,2.4461927262925682,4,1,4,24
10033015001,3,244.0,97.56228779605364,0.125,56.74177072492538,88,11,8,1056
14820028001,3,127.61904761904762,72.73271354107187,0.125,42.30100635376973,59,3,20,576
10040023001,1,188.95238095238096,105.27605434783172,0.125,61.22806130906536,85,19,5,760
14311112001,1,11.238095238095235,15.84898975299297,0.125,9.217698386347141,11,4,3,48
14506012001,0,0.0952380952380952,0.4364357804719848,0.125,0.25382901068764124,1,1,1,200
14111132001,1,9.714285714285714,8.013381665332414,0.125,4.66054533423933,6,1,6,60
14502015001,3,77.57142857142857,41.702004062840224,0.125,24.25369071141545,34,13,3,312
14311231001,1,2.7142857142857144,3.318777744032539,0.125,1.9301856290263895,3,1,3,36
14204132001,1,5.523809523809524,5.482873768554658,0.125,3.188813765205906,4,1,4,80
14509021001,0,0.8095238095238095,3.709704134011871,0.125,2.1575465908449507,3,1,3,72
14833059001,0,9.80952380952381,39.50015069290123,0.125,22.973103079561696,25,1,25,96
14505021001,1,70.42857142857143,37.294197174053,0.125,21.69013082026017,31,3,11,360
14120020001,1,6.571428571428571,4.38829612231705,0.125,2.552212520539777,4,1,4,48
14120045001,1,4.904761904761905,6.700035536508459,0.125,3.8967093622910434,5,1,5,24
12122020001,1,11.238095238095235,12.107455397005442,0.125,7.041639487127033,9,1,9,96
14310053001,0,0.0952380952380952,0.4364357804719847,0.125,0.2538290106876412,1,1,1,24
11103137001,1,23.0,46.156256347325225,0.125,26.84426302769365,30,8,4,96
14001017001,1,22.285714285714285,11.988089327089856,0.125,6.972216738598995,10,9,2,90
31500006001,1,12.047619047619047,9.682335412885626,0.125,5.631201035673179,8,1,8,72
12020212001,0,0.0952380952380952,0.4364357804719848,0.125,0.25382901068764124,1,1,1,72
14222009001,0,0.4761904761904761,2.182178902359924,0.125,1.2691450534382063,2,1,2,160
11072011001,0,0.7619047619047619,3.491486243775878,0.125,2.0306320855011295,3,1,3,24
14111053001,0,1.1428571428571428,5.237229365663818,0.125,3.0459481282516947,4,1,4,48
14001018001,1,8.380952380952381,8.249098074796969,0.125,4.7976368966051055,6,2,3,48
12022114001,0,0.0952380952380952,0.4364357804719848,0.125,0.25382901068764124,1,1,1,288
14023248001,3,23.19047619047619,11.034577688425813,0.125,6.417658824810389,10,2,5,144
12233028001,0,0.0952380952380952,0.4364357804719847,0.125,0.2538290106876412,1,1,1,5
14203001001,1,7.142857142857143,4.102264183176338,0.125,2.3858576812123564,4,1,4,60
10040003001,1,244.57142857142856,273.20698589687845,0.125,158.89590644506865,190,41,5,984
31226017001,0,0.1428571428571428,0.6546536707079772,0.125,0.38074351603146184,1,1,1,192
14112054001,1,8.380952380952381,5.669887040111033,0.125,3.2975798101284326,5,2,3,40
12016035001,0,0.1428571428571428,0.6546536707079772,0.125,0.38074351603146184,1,1,1,192
14501010001,3,240.57142857142856,199.1028807999953,0.125,115.79730517023054,146,21,7,1008
10033054001,3,142.28571428571428,66.33938713701149,0.125,38.58267758982002,57,12,5,576
14104042001,1,11.904761904761903,5.70004177094135,0.125,3.3151176606821466,5,3,2,60
61063005002,0,0.238095238095238,1.091089451179962,0.125,0.6345725267191031,1,1,1,144
15023017001,1,98.0,126.70280186325796,0.125,73.68975754811521,86,2,43,576
14001045001,3,29.952380952380956,17.875894915992852,0.125,10.396536958486065,15,8,2,128
14242011001,1,10.0,9.126883367283709,0.125,5.308152721286381,7,2,4,60
14370002001,1,6.904761904761905,7.502697927444246,0.125,4.363534058440093,6,1,6,60
10032055001,1,86.57142857142857,60.93978292426995,0.125,35.442293009200185,47,2,24,432
14244058001,1,5.428571428571429,5.201648090475062,0.125,3.0252542248545002,4,1,4,36
14503013001,3,123.42857142857144,122.5832661616468,0.125,71.29385483248188,87,11,8,528
42613021001,0,0.1428571428571428,0.6546536707079772,0.125,0.38074351603146184,1,1,1,24
10002944001,3,134.57142857142858,115.17142502746566,0.125,66.9831626604776,84,4,21,576
12011098001,0,0.0952380952380952,0.4364357804719848,0.125,0.25382901068764124,1,1,1,24
14804012001,3,14.857142857142858,6.405354902624165,0.125,3.725324482511557,6,5,2,60
14222068001,3,12.285714285714286,6.017830648521585,0.125,3.4999421870225236,6,1,6,60
14851032001,0,0.1428571428571428,0.6546536707079772,0.125,0.38074351603146184,1,1,1,6
11051016001,0,0.0952380952380952,0.4364357804719848,0.125,0.25382901068764124,1,1,1,36
12013050001,0,0.0952380952380952,0.4364357804719848,0.125,0.25382901068764124,1,1,1,96
11050017001,1,5.238095238095238,3.448256978601825,0.125,2.005490146863521,3,2,2,32
14502077001,3,223.7142857142857,229.09979110796732,0.125,133.24336804556162,162,19,9,912
14506006001,0,0.0952380952380952,0.4364357804719848,0.125,0.25382901068764124,1,1,1,24
14810016001,3,124.42857142857144,78.94401271063653,0.125,45.91346892865426,62,6,11,576
14330010001,1,8.380952380952381,4.954555383444517,0.125,2.8815462609798006,4,3,2,36
14111039001,1,9.857142857142858,10.36477551269546,0.125,6.02810500903891,8,2,4,40
10040039001,3,78.95238095238095,57.26995389423339,0.125,33.307937592511884,44,53,1,318
12102140001,1,9.047619047619047,4.54396512394396,0.125,2.642748884526615,4,1,4,96
14502004001,3,160.57142857142858,189.17731667104584,0.125,110.0246434497745,131,18,8,648
12023273001,0,0.238095238095238,1.0910894511799618,0.125,0.634572526719103,1,1,1,480
14613900001,1,7.238095238095238,9.71032832557562,0.125,5.6474815828975204,7,1,7,96
12020210001,0,0.0952380952380952,0.4364357804719847,0.125,0.2538290106876412,1,1,1,96
10033049001,1,25.52380952380953,26.4662408505988,0.125,15.392642015884302,19,7,3,112
12120087001,0,0.1904761904761904,0.8728715609439697,0.125,0.5076580213752825,1,1,1,144
14510100001,1,8.095238095238095,7.822434160188003,0.125,4.549491157444606,6,2,3,48
10032008001,2,414.8571428571428,196.4419216242515,0.125,114.24970374688068,167,6,28,1728
14244021001,1,18.52380952380953,11.80092813137614,0.125,6.863364661677731,10,7,2,84
14520067001,1,7.238095238095238,5.233591137113807,0.125,3.043832151526537,4,1,4,192
14634023001,0,0.1428571428571428,0.6546536707079772,0.125,0.38074351603146184,1,1,1,192
10014009001,1,104.57142857142856,63.485881445067314,0.125,36.92309201231663,50,5,10,480
14833072001,1,4.095238095238095,7.986894026495919,0.125,4.645140247254831,6,1,6,48
12011093001,0,0.0952380952380952,0.4364357804719848,0.125,0.25382901068764124,1,1,1,12
14620114001,1,3.523809523809524,4.130605858939432,0.125,2.4023410674104264,3,1,3,48
14710017001,0,0.0952380952380952,0.4364357804719848,0.125,0.25382901068764124,1,1,1,36
11072004001,0,0.0952380952380952,0.4364357804719848,0.125,0.25382901068764124,1,1,1,72
10020006001,0,0.2857142857142857,1.3093073414159544,0.125,0.7614870320629237,1,1,1,240
14600011001,1,2.6666666666666665,2.496664441476534,0.125,1.4520483735629013,2,1,2,144
14616006001,1,20.761904761904763,13.634165768043024,0.125,7.929567105407879,11,2,6,96
14520065001,3,36.66666666666666,16.202880402364677,0.125,9.423519534476844,15,1,15,192
14511052001,1,10.666666666666666,7.438637868140465,0.125,4.32627702726798,6,2,3,48
14350009001,1,2.4285714285714284,3.3402309586528376,0.125,1.942662718409966,3,1,3,18
15023012001,1,176.04761904761904,172.2058292249354,0.125,100.15410564995159,123,3,41,864
10041002001,1,71.28571428571429,50.56791755366525,0.125,29.410064571928437,39,3,13,288
12326002001,0,0.0952380952380952,0.4364357804719848,0.125,0.25382901068764124,1,1,1,24
31504001001,0,0.4761904761904761,2.182178902359924,0.125,1.2691450534382063,2,1,2,10
12020070001,0,0.1428571428571428,0.6546536707079772,0.125,0.38074351603146184,1,1,1,216
12123057001,1,8.857142857142858,6.791801780718533,0.125,3.9500801811482265,6,2,3,36
14501940001,0,0.0952380952380952,0.4364357804719847,0.125,0.2538290106876412,1,1,1,10
14204010001,1,21.19047619047619,62.026300105373885,0.125,36.074206325006884,39,1,39,120
14361162001,1,3.047619047619047,4.8422741607243855,0.125,2.816244026476873,4,1,4,24
12201083001,1,244.0,697.3882706211799,0.125,405.5977596646708,437,14,32,1050
14022002001,1,5.523809523809524,4.094130525753272,0.125,2.381127184059404,4,2,2,24
35302038001,0,0.1428571428571428,0.6546536707079772,0.125,0.38074351603146184,1,1,1,48
14222142001,1,10.666666666666666,7.538788585265761,0.125,4.384524216396423,6,3,2,60
14361101001,1,20.52380952380953,12.952293417071154,0.125,7.532993332113515,11,4,3,96
12210024001,1,77.85714285714286,94.38712079213228,0.125,54.8951084313302,65,6,11,360
12005084001,0,0.0952380952380952,0.4364357804719848,0.125,0.25382901068764124,1,1,1,144
15022020001,0,1.4285714285714286,6.546536707079771,0.125,3.807435160314618,4,1,4,192
12103127001,0,0.0952380952380952,0.4364357804719848,0.125,0.25382901068764124,1,1,1,96
12022162001,0,0.1904761904761904,0.8728715609439697,0.125,0.5076580213752825,1,1,1,240
31533084001,0,0.0952380952380952,0.4364357804719848,0.125,0.25382901068764124,1,1,1,72
14520068001,1,20.38095238095238,11.306972143222918,0.125,6.57608216696436,10,1,10,192
14204059001,3,16.333333333333332,11.217545780309226,0.125,6.524072212136119,9,2,5,96
14010098001,1,4.761904761904762,3.330236656827288,0.125,1.9368500791663426,3,1,3,24
10303002001,1,64.71428571428571,67.97289375710207,0.125,39.53271740754739,48,2,24,384
10034019001,2,682.5714285714286,303.3170900936133,0.125,176.40780235720868,262,10,27,2880
14222036001,0,0.1428571428571428,0.6546536707079772,0.125,0.38074351603146184,1,1,1,120
10041085001,1,92.1904761904762,99.37787432201348,0.125,57.79770736514268,70,8,9,384
14350005001,1,6.047619047619048,4.620348368642677,0.125,2.687173022744659,4,2,2,32
12020224001,0,0.0952380952380952,0.4364357804719847,0.125,0.2538290106876412,1,1,1,96
14011051001,1,8.714285714285714,10.070466012766524,0.125,5.8569359790337465,7,2,4,48
14020006001,1,10.761904761904765,5.85580704860365,0.125,3.4057100183613214,5,4,2,48
12201051001,1,29.047619047619047,22.339373738930533,0.125,12.992475386417583,17,2,9,150
12105036001,0,0.0952380952380952,0.4364357804719848,0.125,0.25382901068764124,1,1,1,72
14311189001,0,0.1428571428571428,0.6546536707079772,0.125,0.38074351603146184,1,1,1,48
35751001001,0,0.5714285714285714,2.618614682831909,0.125,1.5229740641258473,2,1,2,24
14361128001,1,2.6666666666666665,3.877284272958759,0.125,2.255010416642608,3,1,3,24
10014032001,1,91.42857142857144,108.49726790503594,0.125,63.10150406289854,75,2,38,432
14243131001,0,0.0952380952380952,0.4364357804719848,0.125,0.25382901068764124,1,1,1,40
14853069001,0,0.1904761904761904,0.8728715609439697,0.125,0.5076580213752825,1,1,1,60
11051057001,0,0.0952380952380952,0.4364357804719848,0.125,0.25382901068764124,1,1,1,96
14102250001,3,50.19047619047619,25.570723586983316,0.125,14.871813359646724,22,11,2,220
10035003001,1,16.476190476190474,18.233537911275057,0.125,10.604540453464578,13,3,5,72
10040025001,3,48.42857142857143,24.3281142478644,0.125,14.14911757407507,21,33,1,198
34511006001,0,0.0952380952380952,0.4364357804719847,0.125,0.2538290106876412,1,1,1,8
11050050001,0,0.0952380952380952,0.4364357804719847,0.125,0.2538290106876412,1,1,1,96
10002911001,0,0.2857142857142857,1.3093073414159544,0.125,0.7614870320629237,1,1,1,192
14502041001,3,185.0,129.45076284054875,0.125,75.28795881273113,99,7,15,840
14500032001,1,20.714285714285715,14.68721504282843,0.125,8.542015643277646,12,1,12,120
14616053001,0,0.1904761904761904,0.8728715609439697,0.125,0.5076580213752825,1,1,1,48
12122037001,0,0.0952380952380952,0.4364357804719847,0.125,0.2538290106876412,1,1,1,48
14112021001,1,6.571428571428571,4.79136127391192,0.125,2.7866333293958863,4,2,2,40
14500024001,1,53.71428571428572,55.46272879794399,0.125,32.25686392072236,39,5,8,240
14020053001,3,44.0,16.00312469488381,0.125,9.307342548359333,15,3,5,192
10033019001,1,62.71428571428572,31.32114757977884,0.125,18.216233085149636,27,11,3,264
10020008001,1,12.952380952380953,22.3035337793727,0.125,12.97163103340003,15,1,15,96
14503034001,1,24.285714285714285,14.167366929471608,0.125,8.239674409526145,12,2,6,160
14504008001,1,47.142857142857146,33.45038970518238,0.125,19.45459035645572,26,2,13,240
12220015001,1,31.142857142857142,17.292442610243686,0.125,10.057203823628118,14,32,1,128
10031005001,2,878.8571428571429,409.9919859843953,0.125,238.4494233716031,349,13,27,3744
12020418001,0,0.0952380952380952,0.4364357804719848,0.125,0.25382901068764124,1,1,1,192
12123021001,0,0.3809523809523809,1.745743121887939,0.125,1.0153160427505648,2,1,2,48
12012086001,0,0.0952380952380952,0.4364357804719848,0.125,0.25382901068764124,1,1,1,48
14503003001,2,621.7142857142857,242.170630518472,0.125,140.84530717355298,219,35,7,2520
10001009001,2,950.8571428571428,769.4040736644358,0.125,447.4818142226565,567,16,36,3840
11110032001,0,0.1904761904761904,0.8728715609439694,0.125,0.5076580213752824,1,1,1,6
14204061001,1,15.61904761904762,8.182152470323382,0.125,4.758701645844869,7,6,2,72
10040020001,1,138.61904761904762,81.31572799309872,0.125,47.29284745515612,65,12,6,576
14505013001,2,486.4285714285714,214.82052309511104,0.125,124.93861248879386,186,17,11,2040
11111011001,1,7.571428571428571,5.143650732421755,0.125,2.9915232324018484,4,3,2,36
14501012001,3,79.33333333333333,43.874062193206285,0.125,25.516949571151066,36,7,6,336
14831022001,1,30.285714285714285,14.163837252463956,0.125,8.23762156587082,13,1,13,288
14506002001,1,6.142857142857143,4.040862708453657,0.125,2.3501468704104433,4,2,2,32
10002007001,3,126.85714285714286,64.82459850572597,0.125,37.70168359967496,54,3,18,576
14103009001,3,24.571428571428573,12.520269280536375,0.125,7.281730112926461,11,7,2,112
10033003001,1,32.95238095238095,59.77162888066226,0.125,34.762900075607426,39,3,13,144
12000178001,1,12.476190476190476,7.068373558457756,0.125,4.1109330348069,6,2,3,96
14362041001,1,7.380952380952381,5.598894448694228,0.125,3.2562908506714607,5,1,5,40
14602086001,0,0.0952380952380952,0.4364357804719848,0.125,0.25382901068764124,1,1,1,96
10033010001,3,79.33333333333333,63.428962890254894,0.125,36.889988446788195,47,14,4,336
14023029001,3,41.23809523809524,23.623938625692293,0.125,13.739572322462106,19,14,2,168
14103018001,1,8.80952380952381,7.941152609155975,0.125,4.618537252655505,6,2,3,40
14242133001,1,3.9047619047619047,5.5218181960723935,0.125,3.211463662283393,4,2,2,16
14120017001,1,5.761904761904762,5.467218322920366,0.125,3.179708631174665,4,1,4,24
10052046001,0,0.0952380952380952,0.4364357804719848,0.125,0.25382901068764124,1,1,1,48
14203017001,3,58.47619047619048,24.933148713347556,0.125,14.501002792192224,22,6,4,240
14011031001,3,20.857142857142858,19.594095320493143,0.125,11.395834285496607,15,5,3,90
10031909001,0,1.1428571428571428,5.237229365663818,0.125,3.0459481282516947,4,1,4,96
14833010001,3,70.42857142857143,40.98728025689363,0.125,23.838010685405354,33,2,17,480
14204022001,0,0.0952380952380952,0.4364357804719848,0.125,0.25382901068764124,1,1,1,20
11032225001,0,0.0952380952380952,0.4364357804719847,0.125,0.2538290106876412,1,1,1,240
10023087001,0,0.1904761904761904,0.8728715609439694,0.125,0.5076580213752824,1,1,1,48
11050111001,0,0.1428571428571428,0.6546536707079772,0.125,0.38074351603146184,1,1,1,24
10014023001,3,237.1428571428571,188.9630349338954,0.125,109.90001819267367,140,4,35,960
10002071001,1,43.80952380952381,23.029587594264576,0.125,13.393900539673524,19,4,5,192
12005072003,0,0.0952380952380952,0.4364357804719848,0.125,0.25382901068764124,1,1,1,72
10030005001,1,23.0,19.362334569984064,0.125,11.261043315896623,15,4,4,96
14105129001,1,5.380952380952381,4.3298520814941295,0.125,2.518221739475431,4,1,4,27
14243058001,1,6.380952380952381,5.554063291646851,0.125,3.230217259205125,5,1,5,96
15021003001,1,83.42857142857143,117.12923265716866,0.125,68.12181443010749,79,2,40,576
14506898001,1,22.61904761904762,12.611408289624878,0.125,7.334736134767678,11,2,6,160
12011322001,0,0.0952380952380952,0.4364357804719847,0.125,0.2538290106876412,1,1,1,24
10031013001,2,648.0,371.5594165136983,0.125,216.0972205426298,298,12,25,2592
14101004001,1,6.047619047619048,4.499735441958677,0.125,2.6170251081460165,4,2,2,48
30045079001,0,0.1904761904761904,0.8728715609439694,0.125,0.5076580213752824,1,1,1,120
15022015001,1,25.714285714285715,23.171410956484408,0.125,13.476384344474598,17,1,17,192
12020101001,0,0.0952380952380952,0.4364357804719848,0.125,0.25382901068764124,1,1,1,192
11040010001,1,13.428571428571429,7.645727098003358,0.125,4.446719155737182,7,2,4,96
14242012001,1,8.523809523809524,5.8362577703443455,0.125,3.394340249469205,5,1,5,40
31531171001,0,0.4761904761904761,2.182178902359924,0.125,1.2691450534382063,2,1,2,72
14620021001,1,4.333333333333333,4.29340579648993,0.125,2.49702475041131,4,1,4,48
14010011001,3,43.80952380952381,23.38294046440492,0.125,13.599408917915028,20,30,1,180
12234916001,0,0.0952380952380952,0.4364357804719847,0.125,0.2538290106876412,1,1,1,12
10033070001,3,196.7619047619048,169.5623498191461,0.125,98.61667037913351,124,17,8,816
14361106001,1,22.0,10.554619841567009,0.125,6.138517583667901,9,4,3,96
10041006001,1,34.476190476190474,51.82240736169928,0.125,30.139669982709936,35,2,18,192
12000092001,0,0.0952380952380952,0.4364357804719848,0.125,0.25382901068764124,1,1,1,96
14852904001,0,1.1428571428571428,5.237229365663818,0.125,3.0459481282516947,4,1,4,96
14620907001,1,23.0,12.489995996796797,0.125,7.264123312554654,11,4,3,96
10040089001,0,0.9523809523809524,4.364357804719848,0.125,2.5382901068764125,3,1,3,80
11111023001,0,0.1428571428571428,0.6546536707079772,0.125,0.38074351603146184,1,1,1,24
11061071001,1,7.333333333333333,3.902990306589722,0.125,2.2699609256916005,4,1,4,40
12201898001,2,526.3809523809524,402.6202275334011,0.125,234.16204310085502,300,29,11,2175
10031017001,1,205.7142857142857,113.22594351876378,0.125,65.85167970522848,92,5,19,960
12103154001,0,0.3809523809523809,1.7457431218879391,0.125,1.015316042750565,2,1,2,192
14501013001,3,169.0,256.0765510545626,0.125,148.93292558229024,171,29,6,696
14830002001,1,33.57142857142857,38.92630399687521,0.125,22.63935652243677,27,1,27,288
10040048001,1,131.85714285714286,343.2533008893411,0.125,199.63451595509477,217,33,7,528
12121064001,3,8.380952380952381,4.364357804719848,0.125,2.5382901068764125,4,1,4,40
12004046001,0,0.0952380952380952,0.4364357804719848,0.125,0.25382901068764124,1,1,1,216
14133030001,1,9.952380952380953,5.103686809319225,0.125,2.9682804014558104,5,2,3,48
14011006001,1,12.476190476190476,6.5316081298486335,0.125,3.798752769550378,6,5,2,60
11070040001,0,0.2857142857142857,1.3093073414159542,0.125,0.7614870320629237,1,1,1,48
14223003001,3,17.857142857142858,11.257378532703404,0.125,6.54723875481107,9,2,5,80
10021008001,2,1354.2857142857142,981.4469492976756,0.125,570.8049599261117,741,19,39,5472
14020008001,1,7.095238095238095,5.06857733397412,0.125,2.9478608946432105,4,2,2,48
14000021001,1,4.857142857142857,4.126568965687042,0.125,2.3999932291571158,4,1,4,48
11050020001,1,6.523809523809524,4.955996848455895,0.125,2.88238461029521,4,2,2,48
15022017001,1,88.28571428571429,71.60247401950777,0.125,41.6436643290429,53,2,27,576
10032064001,1,154.0,119.824872209404,0.125,69.68958579838169,89,3,30,864
10022030001,1,95.42857142857144,59.21196790225049,0.125,34.43740386556455,47,2,24,384
14311015001,0,0.1904761904761904,0.8728715609439697,0.125,0.5076580213752825,1,1,1,40
14002006001,0,0.5714285714285714,2.618614682831909,0.125,1.5229740641258473,2,1,2,24
14504028001,1,42.142857142857146,47.94714351688296,0.125,27.885834637634574,34,2,17,240
14010187001,1,9.285714285714286,5.051166767617727,0.125,2.937734990600752,5,2,3,64
12120090001,0,0.0952380952380952,0.4364357804719847,0.125,0.2538290106876412,1,1,1,72
14131027001,3,25.761904761904763,19.117805213739267,0.125,11.118826184861724,15,7,3,112
12103139001,0,0.0952380952380952,0.4364357804719848,0.125,0.25382901068764124,1,1,1,96
14000197001,3,53.0,25.0019999200064,0.125,14.541046332279533,22,9,3,216
10000026001,3,344.3809523809524,162.8245915672679,0.125,94.69802166184184,138,8,18,1536
31533008001,1,11.571428571428571,5.929345904662914,0.125,3.448479873436991,5,1,5,90
10040010001,1,110.28571428571428,81.24354919447012,0.125,47.250868603127294,62,10,7,480
10040037001,1,11.80952380952381,7.040021644988371,0.125,4.094443694406686,6,8,1,48
14130010001,1,9.904761904761903,8.030596253733355,0.125,4.670557258418601,6,4,2,48
12103126001,0,0.0952380952380952,0.4364357804719848,0.125,0.25382901068764124,1,1,1,192
10021012001,1,261.1428571428572,291.38398818642827,0.125,169.46756604509903,203,8,26,1152
10041087001,0,1.1428571428571428,5.237229365663818,0.125,3.0459481282516947,4,1,4,48
14010094001,1,8.761904761904763,5.476356105155707,0.125,3.185023122626689,5,1,5,36
12102152001,1,2.4285714285714284,2.270934357735348,0.125,1.3207648115769894,2,1,2,48
14361907001,1,2.047619047619047,3.073697943458181,0.125,1.787648362141355,3,1,3,15
14121173001,1,6.571428571428571,3.956910771946072,0.125,2.3013208164008776,4,1,4,48
35307905001,0,0.0952380952380952,0.4364357804719848,0.125,0.25382901068764124,1,1,1,40
10030012001,1,27.761904761904763,22.65591481689663,0.125,13.176574198332688,17,7,3,112
14621021001,0,16.952380952380953,67.69820986590132,0.125,39.37296253987839,42,2,21,96
12014022001,0,0.0952380952380952,0.4364357804719848,0.125,0.25382901068764124,1,1,1,160
14615082001,1,5.380952380952381,6.815249008482305,0.125,3.963716979259073,5,1,5,24
10032006001,2,940.8571428571428,719.904041224543,0.125,418.6928266432326,537,14,39,4032
14510031001,0,0.1428571428571428,0.6546536707079772,0.125,0.38074351603146184,1,1,1,24
14510007001,1,13.904761904761903,15.45931680865866,0.125,8.991066422659031,11,3,4,72
11103070001,1,17.761904761904763,9.873726560446984,0.125,5.742513232824692,8,6,2,72
10014090001,2,437.4285714285714,193.08354964330115,0.125,112.29649029466594,167,7,24,2016
12221009001,1,13.61904761904762,5.783391656080284,0.125,3.3635935644287747,6,2,3,100
14505099001,3,43.42857142857143,31.50170063436485,0.125,18.321241898067388,24,4,6,192
10030007001,3,310.4761904761905,87.89517566261476,0.125,51.11942347744806,90,13,7,1248
11103375001,1,9.333333333333334,4.575295983139598,0.125,2.660970765842171,4,4,1,48
12005108006,0,0.0952380952380952,0.4364357804719848,0.125,0.25382901068764124,1,1,1,48
14502010001,3,94.66666666666669,52.814139520902295,0.125,30.716456772659615,43,4,11,384
15022026001,2,462.0,1343.8540099281618,0.125,781.5792130512108,840,5,168,1920
14203078001,1,11.38095238095238,4.188987830922769,0.125,2.4362957495276856,4,3,2,60
12001010001,0,0.1428571428571428,0.6546536707079772,0.125,0.38074351603146184,1,1,1,96
14130001001,1,14.857142857142858,11.42928569196568,0.125,6.647219155406266,9,4,3,64
10031012001,1,46.85714285714285,91.4080334075106,0.125,53.16248512814277,60,4,15,192
11074060002,0,0.2857142857142857,1.3093073414159544,0.125,0.7614870320629237,1,1,1,120
12101001002,0,0.2857142857142857,1.3093073414159544,0.125,0.7614870320629237,1,1,1,216
14610004001,1,8.666666666666666,16.680327734590026,0.125,9.70120067203883,11,1,11,48
14011052001,3,306.2857142857143,314.9541463224675,0.125,183.17585988606686,222,26,9,1248
14510033001,1,13.142857142857142,9.727721800533333,0.125,5.657597546662366,8,3,3,72
14720003001,0,0.2857142857142857,1.3093073414159542,0.125,0.7614870320629237,1,1,1,80
14620062001,1,11.571428571428571,12.831879942438007,0.125,7.462961417895714,9,2,5,48
14132015001,3,33.57142857142857,16.31738774611742,0.125,9.490116470570845,14,6,3,144
10023004001,0,0.2857142857142857,1.3093073414159542,0.125,0.7614870320629237,1,1,1,144
14501037001,1,14.666666666666666,11.896778275370746,0.125,6.919110657567681,9,1,9,72
14103030001,1,7.809523809523809,5.2117084302467225,0.125,3.031105271459021,5,2,3,60
14022019001,3,29.33333333333333,17.3733512407173,0.125,10.104259905068094,14,6,3,120
14830011001,1,13.142857142857142,6.740072064048828,0.125,3.9199944196388854,6,1,6,240
12120043001,0,0.1904761904761904,0.8728715609439694,0.125,0.5076580213752824,1,1,1,60
10040041001,1,146.28571428571428,116.32073884615023,0.125,67.65159820728553,86,5,18,720
14506084001,1,4.904761904761905,6.662617818130963,0.125,3.8749473921160105,5,1,5,60
15020010001,2,387.7142857142857,391.4809245489674,0.125,227.6834765332127,277,6,47,1728
10014043001,0,0.5714285714285714,2.618614682831909,0.125,1.5229740641258473,2,1,2,72
10002025001,1,14.761904761904765,13.122136875923683,0.125,7.631773494192989,10,3,4,72
15023036001,0,1.1428571428571428,5.237229365663818,0.125,3.0459481282516947,4,1,4,144
10021017001,1,77.33333333333333,56.21862087719098,0.125,32.69648722212628,43,4,11,384
14011029001,3,90.8095238095238,74.89700865029194,0.125,43.55975027667935,55,31,2,372
14851003001,0,0.7619047619047619,3.491486243775878,0.125,2.0306320855011295,3,1,3,5
14014011001,1,10.238095238095235,10.00951927869047,0.125,5.8214896432671495,8,2,4,48
14831011001,1,32.42857142857143,24.19828801500517,0.125,14.073611243653849,19,1,19,288
31502006001,1,8.714285714285714,7.135424704548827,0.125,4.149929668078726,6,1,6,48
10030021001,1,14.476190476190476,26.305168784136413,0.125,15.29896325463483,18,2,9,96
10040033001,1,47.23809523809524,43.81084884124566,0.125,25.48018498101351,32,12,3,192
14851063001,1,8.047619047619047,7.539736006493798,0.125,4.385075232155848,6,3,2,36
12327018001,0,1.1428571428571428,5.237229365663818,0.125,3.0459481282516947,4,1,4,144
11040030001,1,5.666666666666667,7.066352194260723,0.125,4.109757418834677,5,1,5,24
12034063001,0,0.0952380952380952,0.4364357804719848,0.125,0.25382901068764124,1,1,1,108
14510258001,1,32.0,15.414279094398154,0.125,8.964872698482674,13,6,3,144
14010211001,1,5.285714285714286,3.5091716564291517,0.125,2.0409178388656417,3,2,2,24
14500006001,1,30.666666666666668,23.776739333502675,0.125,13.828440500167279,18,2,9,192
14500026001,3,69.28571428571429,60.46250313801344,0.125,35.16470931559083,44,6,8,288
12327063001,0,0.0952380952380952,0.4364357804719848,0.125,0.25382901068764124,1,1,1,8
12003086001,0,0.4285714285714285,1.963961012123932,0.125,1.1422305480943857,2,1,2,192
