item_code,cluster,mean_demand,std_demand,cv_demand,initial_inventory_boxes,qty_inv_items,num_compatible_slots,min_slot_type,total_boxes_assigned,total_items_assigned,total_weight_assigned,pods_used,slots_used,boxes_unplaced
12201006001,0,2.2857142857142856,10.474458731327635,4.582575694955841,10,0,1,0,150,150,30.0,2,2,0
10010027001,0,43.42857142857143,199.01471589522507,4.58257569495584,8,0,1,0,18,432,78.12,1,1,0
12120027001,0,1.4285714285714286,5.334523676687813,3.734166573681469,6,0,1,0,60,60,12.0,1,1,0
14621021001,0,16.952380952380953,67.69820986590132,3.993433728044741,6,0,1,0,8,96,71.76,2,2,0
12202006001,0,0.7619047619047619,3.491486243775878,4.58257569495584,4,0,1,0,4,4,4.0,1,1,0
14833059001,0,9.80952380952381,39.50015069290123,4.026714391023911,4,0,1,0,8,96,111.04,1,1,0
14851003001,0,0.7619047619047619,3.491486243775878,4.58257569495584,4,0,1,0,5,5,35.05,1,1,0
14313004001,0,0.3333333333333333,0.7958224257542215,2.3874672772626644,2,0,1,0,60,60,6.0,1,1,0
14313008001,0,0.2857142857142857,0.7837638128197258,2.7431733448690405,2,0,1,0,60,60,6.0,1,1,0
12123070001,0,0.4285714285714285,1.4342743312012722,3.3466401061363023,2,0,1,0,100,100,13.0,1,1,0
15020007001,0,5.238095238095238,18.400828138713653,3.512885371936243,2,0,1,0,6,72,78.72,1,1,0
14510225001,0,0.3809523809523809,1.3592715135759477,3.5680877231368626,2,0,1,0,24,24,60.0,1,1,0
14353073001,0,1.5238095238095235,4.5124167318527615,2.9612734802783747,2,0,1,0,2,12,24.0,1,1,0
14613939001,0,3.5238095238095237,12.184494440144192,3.457761935716595,2,0,1,0,2,24,24.34,1,1,0
11021026001,0,1.238095238095238,2.9309514138716444,2.3673069112040204,2,0,1,0,2,8,32.96,1,1,0
10035041001,0,6.571428571428571,28.76903096833716,4.3778960169208725,2,0,1,0,8,192,60.72,1,1,0
12123021001,0,0.3809523809523809,1.745743121887939,4.58257569495584,2,0,1,0,48,48,3.4559999999999995,1,1,0
11061055001,0,0.1904761904761904,0.511766315719159,2.6867731575255847,1,0,1,0,2,48,3.34,1,1,0
12000480001,0,0.2857142857142857,0.6436503043467892,2.2527760652137623,1,0,1,0,8,48,39.44,1,1,0
14130044001,0,0.5714285714285714,1.164964745021435,2.0386883037875116,1,0,1,0,2,24,9.584,1,1,0
12000191001,0,0.3809523809523809,0.8047478161629565,2.112463017427761,1,0,1,0,4,48,33.56,1,1,0
14213008001,0,0.3333333333333333,0.7302967433402214,2.1908902300206643,1,0,1,0,4,48,3.72,1,1,0
14611009001,0,0.3333333333333333,0.6582805886043833,1.97484176581315,1,0,1,0,4,24,48.12,1,1,0
12100054001,0,0.3333333333333333,0.7302967433402214,2.1908902300206643,1,0,1,0,12,144,26.28,1,1,0
12122012001,0,2.857142857142857,6.397544171678022,2.2391404600873077,1,0,1,0,2,48,8.04,1,1,0
14225933001,0,0.3809523809523809,0.6690433824641326,1.7562388789683483,1,0,1,0,16,576,32.0,1,1,0
41530017001,0,0.1428571428571428,0.358568582800318,2.5099800796022267,1,0,1,0,4,4,9.12,1,1,0
12327056001,0,3.4285714285714284,8.605645987207634,2.5099800796022267,1,0,1,0,8,192,61.6,1,1,0
14840021001,0,1.4285714285714286,2.4407258873423,1.70850812113961,1,0,1,0,16,192,68.8,1,1,0
11110056001,0,0.2857142857142857,0.5606119105813882,1.9621416870348587,1,0,1,0,4,24,18.36,1,1,0
12151073001,0,0.1428571428571428,0.358568582800318,2.5099800796022267,1,0,1,0,4,48,30.04,1,1,0
14352093001,0,0.3809523809523809,0.6690433824641326,1.7562388789683483,1,0,1,0,2,24,9.2,1,1,0
31250003001,0,0.1904761904761904,0.4023739080814782,2.112463017427761,1,0,1,0,8,192,8.0,1,1,0
14506254001,0,0.1428571428571428,0.358568582800318,2.5099800796022267,1,0,1,0,2,24,18.4,1,1,0
12011032001,0,0.238095238095238,0.5389584311207967,2.263625410707346,1,0,1,0,6,96,42.504,1,1,0
12010254001,0,1.7142857142857142,4.302822993603817,2.5099800796022267,1,0,1,0,2,288,29.12,1,1,0
12000100001,0,0.4761904761904761,1.077916862241593,2.263625410707346,1,0,1,0,4,48,32.56,1,1,0
14620138001,0,0.238095238095238,0.5389584311207967,2.263625410707346,1,0,1,0,6,36,70.38,1,1,0
14210127001,0,0.6190476190476191,1.395571226279421,2.2543842886052188,1,0,1,0,4,48,34.08,1,1,0
14506131001,0,0.4761904761904761,0.9283882603225668,1.9496153466773904,1,0,1,0,1,12,15.98,1,1,0
14311066001,0,0.1904761904761904,0.511766315719159,2.6867731575255847,1,0,1,0,2,24,3.8,1,1,0
14340002001,0,0.3333333333333333,0.6582805886043832,1.9748417658131496,1,0,1,0,12,144,76.08,1,1,0
61062008002,0,0.8095238095238095,1.9395630337539331,2.3959308064019176,1,0,1,0,12,144,12.0,1,1,0
14133930001,0,0.238095238095238,0.5389584311207967,2.263625410707346,1,0,1,0,1,18,6.1,1,1,0
11110045001,0,0.1904761904761904,0.511766315719159,2.6867731575255847,1,0,1,0,4,32,51.64,1,1,0
12005082003,0,0.238095238095238,0.6248809410409238,2.62449995237188,1,0,1,0,36,108,21.599999999999998,1,1,0
12002948001,0,0.3809523809523809,1.023532631438318,2.6867731575255847,1,0,1,0,8,72,40.0,1,1,0
14352098001,0,0.6190476190476191,1.1608699529314417,1.8752514624277137,1,0,1,0,4,28,15.88,1,1,0
11103115001,0,0.5238095238095238,1.077916862241593,2.0578412824612236,1,0,1,0,2,8,24.34,1,1,0
31707076001,0,0.3809523809523809,0.7400128699009549,1.9425337834900067,1,0,1,0,4,144,3.16,1,1,0
14243106001,0,0.1904761904761904,0.4023739080814782,2.112463017427761,1,0,1,0,16,160,28.8,1,1,0
12000260001,0,0.2857142857142857,0.5606119105813882,1.9621416870348587,1,0,1,0,8,48,27.6,1,1,0
11050073001,0,0.1428571428571428,0.4780914437337574,3.346640106136302,1,0,1,0,2,24,26.162,1,1,0
12001067001,0,0.1428571428571428,0.4780914437337574,3.3466401061363023,1,0,1,0,30,180,46.800000000000004,1,1,0
12000146001,0,0.0952380952380952,0.3007926037591191,3.158322339470751,1,0,1,0,4,24,27.92,1,1,0
14631100001,0,0.3809523809523809,1.1169686869465263,2.9320428032346317,1,0,1,0,8,96,42.48,1,1,0
14311093001,0,0.4285714285714285,1.121223821162776,2.6161889160464775,1,0,1,0,4,24,14.04,1,1,0
14243111001,0,0.1428571428571428,0.4780914437337574,3.346640106136302,1,0,1,0,4,48,17.6,1,1,0
14243110001,0,0.3333333333333333,0.966091783079296,2.898275349237888,1,0,1,0,4,48,17.6,1,1,0
42301034001,0,0.1428571428571428,0.4780914437337574,3.346640106136302,1,0,1,0,80,80,13.759999999999998,1,1,0
31421041001,0,0.5238095238095238,1.4359334113755982,2.7413274217170507,1,0,1,0,1,48,12.01,1,1,0
11103203001,0,0.1428571428571428,0.4780914437337575,3.3466401061363027,1,0,1,0,2,16,14.02,1,1,0
12323109001,0,0.0952380952380952,0.3007926037591192,3.158322339470752,1,0,1,0,6,36,11.7,1,1,0
12110058001,0,0.0952380952380952,0.3007926037591191,3.158322339470751,1,0,1,0,16,96,12.8,1,1,0
12011220001,0,0.1904761904761904,0.6015852075182383,3.158322339470751,1,0,1,0,2,24,17.2,1,1,0
12011198001,0,0.3809523809523809,0.973457265430305,2.555325321754551,1,0,1,0,4,48,30.64,1,1,0
14851018001,0,0.7142857142857143,2.1010201603710787,2.9414282245195102,1,0,1,0,2,14,22.7,1,1,0
14730906001,0,0.2857142857142857,0.7837638128197258,2.7431733448690405,1,0,1,0,3,36,5.22,1,1,0
31533309001,0,0.8095238095238095,1.600595127415038,1.9772057456303411,1,0,1,0,2,48,4.2,1,1,0
12212003001,0,0.6666666666666666,1.9321835661585915,2.898275349237887,1,0,1,0,4,64,42.4,1,1,0
32430039001,0,0.0952380952380952,0.3007926037591191,3.158322339470751,1,0,1,0,20,480,30.0,1,1,0
61062008001,0,0.3333333333333333,1.064581294844754,3.193743884534262,1,0,1,0,12,144,12.0,1,1,0
14210058001,0,0.7142857142857143,1.419255337945119,1.9869574731231665,1,0,1,0,6,120,7.02,1,1,0
12010149001,0,0.1428571428571428,0.4780914437337575,3.3466401061363027,1,0,1,0,10,120,46.4,1,1,0
11010005001,0,0.0952380952380952,0.3007926037591192,3.158322339470752,1,0,1,0,1,6,12.1,1,1,0
11110092001,0,0.5238095238095238,1.1233453440081382,2.1445683840155367,1,0,1,0,2,8,28.26,1,1,0
11032227001,0,0.0952380952380952,0.3007926037591192,3.158322339470752,1,0,1,0,12,240,18.299999999999997,1,1,0
30052113002,0,1.3333333333333333,3.3065591380365986,2.4799193535274493,1,0,1,0,6,120,13.703999999999999,1,1,0
14505973001,0,0.3809523809523809,1.2031704150364766,3.158322339470751,1,0,1,0,4,96,13.96,1,1,0
12003104001,0,0.0952380952380952,0.3007926037591191,3.158322339470751,1,0,1,0,4,48,26.8,1,1,0
14211052001,0,0.7619047619047619,1.5134319246256802,1.9863794010712057,1,0,1,0,6,120,9.959999999999999,1,1,0
31258006001,0,0.1428571428571428,0.4780914437337574,3.346640106136302,1,0,1,0,8,192,8.0,1,1,0
14616195001,0,0.0952380952380952,0.3007926037591191,3.158322339470751,1,0,1,0,8,96,50.4,1,1,0
14740018001,0,0.3809523809523809,0.9734572654303052,2.555325321754551,1,0,1,0,2,24,25.24,1,1,0
11103196001,0,0.6190476190476191,1.8296499795368095,2.9555884284825384,1,0,1,0,1,6,16.21,1,1,0
12103070001,0,0.1428571428571428,0.4780914437337574,3.3466401061363023,1,0,1,0,12,240,10.2,1,1,0
11074060005,0,0.4761904761904761,1.4359334113755975,3.0154601638887555,1,0,1,0,12,120,7.5600000000000005,1,1,0
11050097001,0,0.0952380952380952,0.3007926037591191,3.158322339470751,1,0,1,0,2,8,33.08,1,1,0
11030062001,0,0.3809523809523809,1.1608699529314417,3.047283626445034,1,0,1,0,20,240,44.2,1,1,0
10014103001,0,0.238095238095238,0.768424485864545,3.227382840631089,1,0,1,0,4,40,45.248,1,1,0
11070063001,0,0.1428571428571428,0.4780914437337574,3.3466401061363023,1,0,1,0,2,48,26.252,1,1,0
12011257001,0,0.9047619047619048,2.2114421065169645,2.444225486150329,1,0,1,0,2,24,21.6,1,1,0
12020282001,0,0.0952380952380952,0.3007926037591191,3.158322339470751,1,0,1,0,8,48,12.8,1,1,0
12327007001,0,0.5714285714285714,1.5675276256394517,2.7431733448690405,1,0,1,0,1,12,15.2,1,1,0
10053903001,0,0.8571428571428571,2.868548662402545,3.3466401061363027,1,0,1,0,4,144,24.8,1,1,0
12016026001,0,0.4761904761904761,1.2090925365350504,2.539094326723606,1,0,1,0,20,360,30.8,1,1,0
32523001001,0,0.0952380952380952,0.3007926037591192,3.158322339470752,1,0,1,0,2,8,27.0,1,1,0
12003120001,0,0.0952380952380952,0.3007926037591192,3.158322339470752,1,0,1,0,24,144,25.824,1,1,0
12030741001,0,0.0952380952380952,0.3007926037591191,3.158322339470751,1,0,1,0,4000,4000,400.0,2,2,0
14303897001,0,0.8571428571428571,1.7687768170607137,2.0635729532374993,1,0,1,0,4,48,12.96,1,1,0
12000205001,0,0.6190476190476191,1.395571226279421,2.2543842886052188,1,0,1,0,8,48,39.12,1,1,0
11050065001,0,0.1428571428571428,0.4780914437337574,3.346640106136302,1,0,1,0,2,24,19.0,1,1,0
12011482001,0,0.0952380952380952,0.3007926037591191,3.158322339470751,1,0,1,0,4,48,42.72,1,1,0
12000262001,0,0.1904761904761904,0.6015852075182383,3.158322339470751,1,0,1,0,4,48,44.48,1,1,0
12102122001,0,0.1428571428571428,0.4780914437337574,3.346640106136302,1,0,1,0,12,144,19.200000000000003,1,1,0
12017017001,0,0.1428571428571428,0.4780914437337574,3.3466401061363023,1,0,1,0,8,64,12.8,1,1,0
12323010001,0,0.0952380952380952,0.3007926037591191,3.158322339470751,1,0,1,0,12,72,7.92,1,1,0
11103112001,0,0.6666666666666666,1.7981471945681569,2.6972207918522355,1,0,1,0,2,8,24.3,1,1,0
14243069001,0,1.6666666666666667,7.192588778272628,4.315553266963577,1,0,1,0,3,90,16.5,1,1,0
32511021001,0,0.0476190476190476,0.2182178902359924,4.582575694955841,1,0,1,0,4,20,45.12,1,1,0
12011292001,0,0.0476190476190476,0.2182178902359924,4.582575694955841,1,0,1,0,2,24,24.2,1,1,0
10015005001,0,0.9523809523809524,3.556349117791875,3.7341665736814686,1,0,1,0,4,96,63.16,1,1,0
12021069001,0,0.0476190476190476,0.2182178902359923,4.58257569495584,1,0,1,0,96,288,48.0,1,1,0
12000166001,0,0.0476190476190476,0.2182178902359924,4.582575694955841,1,0,1,0,8,48,27.6,1,1,0
31567028001,0,0.4285714285714285,1.325572652532805,3.093002855909879,1,0,1,0,1,16,3.5,1,1,0
11103130001,0,0.238095238095238,0.8890872794479686,3.734166573681468,1,0,1,0,2,16,34.2,1,1,0
31602030001,0,0.0476190476190476,0.2182178902359924,4.582575694955841,1,0,1,0,4,96,8.0,1,1,0
11062002001,0,0.0476190476190476,0.2182178902359924,4.582575694955841,1,0,1,0,1,30,3.89,1,1,0
14203005001,0,0.5714285714285714,1.5352989471574767,2.686773157525584,1,0,1,0,2,40,6.6,1,1,0
12010122001,0,0.0476190476190476,0.2182178902359924,4.582575694955841,1,0,1,0,4,48,30.0,1,1,0
11103092001,0,0.3333333333333333,1.3165611772087669,3.9496835316263006,1,0,1,0,2,12,20.8,1,1,0
41223049001,0,0.0476190476190476,0.2182178902359924,4.582575694955841,1,0,1,0,8,8,13.76,1,1,0
32524007001,0,0.0476190476190476,0.2182178902359924,4.582575694955841,1,0,1,0,12,60,84.0,1,1,0
14633002001,0,0.0476190476190476,0.2182178902359924,4.582575694955841,1,0,1,0,2,10,17.9,1,1,0
14002022001,0,1.8571428571428572,5.294201680005346,2.85072398154134,1,0,1,0,4,48,8.52,1,1,0
14242128001,0,0.0476190476190476,0.2182178902359924,4.582575694955841,1,0,1,0,2,40,13.4,1,1,0
31422008001,0,1.4285714285714286,3.52946778667023,2.4706274506691615,1,0,1,0,1,48,12.1,1,1,0
14603001001,0,0.0476190476190476,0.2182178902359924,4.582575694955841,1,0,1,0,18,180,21.06,1,1,0
11050062001,0,0.1904761904761904,0.6796357567879738,3.5680877231368626,1,0,1,0,2,24,27.3,1,1,0
12003063001,0,0.0476190476190476,0.2182178902359924,4.582575694955841,1,0,1,0,4,48,28.8,1,1,0
11103011003,0,0.0476190476190476,0.2182178902359924,4.582575694955841,1,0,1,0,3,18,35.04,1,1,0
14304084001,0,0.0476190476190476,0.2182178902359923,4.58257569495584,1,0,1,0,4,48,16.48,1,1,0
12000064001,0,0.0476190476190476,0.2182178902359924,4.582575694955841,1,0,1,0,4,48,30.104,1,1,0
12005084002,0,0.0476190476190476,0.2182178902359924,4.582575694955841,1,0,1,0,48,144,14.399999999999999,1,1,0
11051899001,0,0.0476190476190476,0.2182178902359924,4.582575694955841,1,0,1,0,4,48,32.56,1,1,0
10031022001,0,5.142857142857143,14.318818786079088,2.7842147639598225,1,0,1,0,2,48,28.6,1,1,0
12120078001,0,0.6190476190476191,1.9868616075658232,3.209545673760176,1,0,1,0,6,144,9.66,1,1,0
12020266001,0,0.1904761904761904,0.6796357567879738,3.5680877231368626,1,0,1,0,18,108,14.4,1,1,0
12125005001,0,0.0476190476190476,0.2182178902359924,4.582575694955841,1,0,1,0,3,72,7.199999999999999,1,1,0
11070012001,0,0.7142857142857143,2.629502940535666,3.681304116749932,1,0,1,0,2,48,28.0,1,1,0
12101032001,0,0.0476190476190476,0.2182178902359923,4.58257569495584,1,0,1,0,3,360,21.6,1,1,0
11062017001,0,0.0476190476190476,0.2182178902359924,4.582575694955841,1,0,1,0,2,72,4.0,1,1,0
14243152001,0,0.0476190476190476,0.2182178902359924,4.582575694955841,1,0,1,0,6,72,21.6,1,1,0
12005015006,0,0.0476190476190476,0.2182178902359924,4.582575694955841,1,0,1,0,8,96,24.0,1,1,0
32501007001,0,0.238095238095238,0.8890872794479686,3.734166573681468,1,0,1,0,4,280,48.0,1,1,0
10023043001,0,0.0476190476190476,0.2182178902359924,4.582575694955841,1,0,1,0,2,16,33.0,1,1,0
11050055001,0,0.0476190476190476,0.2182178902359923,4.58257569495584,1,0,1,0,2,24,25.6,1,1,0
11041024001,0,1.2857142857142858,4.337543742060214,3.3736451327135,1,0,1,0,8,96,16.0,1,1,0
11050006001,0,2.0,6.730527468185536,3.365263734092768,1,0,1,0,4,48,32.6,1,1,0
12123151001,0,0.0476190476190476,0.2182178902359924,4.582575694955841,1,0,1,0,2,48,5.12,1,1,0
14602101001,0,0.0476190476190476,0.2182178902359923,4.58257569495584,1,0,1,0,75,450,72.75,1,1,0
14204899001,0,1.619047619047619,3.840262887826697,2.3719270777753128,1,0,1,0,2,40,4.54,1,1,0
11100107001,0,0.4761904761904761,1.5368489717290903,3.2273828406310896,1,0,1,0,2,8,38.272,1,1,0
11110026001,0,0.238095238095238,0.8890872794479686,3.734166573681468,1,0,1,0,2,8,28.38,1,1,0
14304001001,0,0.8095238095238095,2.0154167712671147,2.4896324821534948,1,0,1,0,1,24,7.81,1,1,0
30073022001,0,0.0476190476190476,0.2182178902359924,4.582575694955841,1,0,1,0,4,40,22.12,1,1,0
41417001001,0,0.0476190476190476,0.2182178902359923,4.58257569495584,1,0,1,0,240,240,24.0,1,1,0
14226035001,0,1.619047619047619,5.2865507703623775,3.265222534635586,1,0,1,0,6,360,16.68,1,1,0
11020001001,0,0.1904761904761904,0.6796357567879738,3.5680877231368626,1,0,1,0,2,28,23.2,1,1,0
12001076001,0,0.0476190476190476,0.2182178902359924,4.582575694955841,1,0,1,0,8,48,41.44,1,1,0
32503007003,0,0.0476190476190476,0.2182178902359924,4.582575694955841,1,0,1,0,8,96,16.0,1,1,0
11103110001,0,0.0476190476190476,0.2182178902359924,4.582575694955841,1,0,1,0,8,48,84.48,2,2,0
12011115001,0,1.0476190476190477,3.0736979434581806,2.933984400573718,1,0,1,0,2,24,18.4,1,1,0
14833063001,0,0.1904761904761904,0.6796357567879738,3.5680877231368626,1,0,1,0,20,240,59.400000000000006,1,1,0
12005089004,0,0.0476190476190476,0.2182178902359924,4.582575694955841,1,0,1,0,3,36,16.77,1,1,0
11040004001,0,0.4285714285714285,1.7484687178050562,4.079760341545131,1,0,1,0,4,48,40.84,1,1,0
14225008001,0,0.0476190476190476,0.2182178902359924,4.582575694955841,1,0,1,0,12,288,40.68,1,1,0
12016999001,0,0.0476190476190476,0.2182178902359924,4.582575694955841,1,0,1,0,6,144,22.799999999999997,1,1,0
12103179001,0,0.0476190476190476,0.2182178902359923,4.58257569495584,1,0,1,0,120,720,13.2,1,1,0
12012045001,0,0.2857142857142857,1.1019463300386794,3.856812155135378,1,0,1,0,24,144,36.72,1,1,0
14210216001,0,0.0476190476190476,0.2182178902359924,4.582575694955841,1,0,1,0,4,48,6.6,1,1,0
32524032001,0,0.0476190476190476,0.2182178902359924,4.582575694955841,1,0,1,0,5,50,64.57,1,1,0
10041076001,0,0.0476190476190476,0.2182178902359924,4.582575694955841,1,0,1,0,6,144,54.900000000000006,1,1,0
12003064001,0,0.0476190476190476,0.2182178902359924,4.582575694955841,1,0,1,0,8,96,21.2,1,1,0
11075012001,0,0.0476190476190476,0.2182178902359924,4.582575694955841,1,0,1,0,6,72,25.200000000000003,1,1,0
11010001001,0,0.4285714285714285,1.7484687178050564,4.079760341545132,1,0,1,0,4,24,56.32,1,1,0
14612916001,0,0.6190476190476191,2.246690688016276,3.6292695729493687,1,0,1,0,2,24,32.7,1,1,0
12011011001,0,0.5714285714285714,1.9892568605242655,3.481199505917465,1,0,1,0,4,48,36.68,1,1,0
11071035001,0,0.4761904761904761,1.3273676061682242,2.787471972953271,1,0,1,0,1,24,8.86,1,1,0
12034088001,0,0.4761904761904761,1.749829923708233,3.6746428397872903,1,0,1,0,36,216,20.52,1,1,0
12001015001,0,0.0476190476190476,0.2182178902359924,4.582575694955841,1,0,1,0,4,36,32.296,1,1,0
11050091001,0,0.0476190476190476,0.2182178902359924,4.582575694955841,1,0,1,0,4,48,40.6,1,1,0
14353002001,0,0.4285714285714285,1.7484687178050564,4.079760341545132,1,0,1,0,2,24,13.82,1,1,0
42613064001,0,0.1904761904761904,0.6796357567879738,3.5680877231368626,1,0,1,0,70,70,28.0,1,1,0
12010214001,0,0.0476190476190476,0.2182178902359924,4.582575694955841,1,0,1,0,2,48,74.5,1,1,0
12000090001,0,0.0476190476190476,0.2182178902359924,4.582575694955841,1,0,1,0,4,48,30.0,1,1,0
42607128001,0,0.0476190476190476,0.2182178902359924,4.582575694955841,1,0,1,0,120,120,24.0,1,1,0
12006067001,0,0.0476190476190476,0.2182178902359924,4.582575694955841,1,0,1,0,20,120,14.239999999999998,1,1,0
12005092002,0,0.0476190476190476,0.2182178902359924,4.582575694955841,1,0,1,0,4,32,10.64,1,1,0
14350001001,0,1.380952380952381,3.216771525554628,2.329386277125765,1,0,1,0,2,20,5.44,1,1,0
12102999001,0,0.0476190476190476,0.2182178902359924,4.582575694955841,1,0,1,0,30,300,36.3,1,1,0
14631054001,0,0.0476190476190476,0.2182178902359923,4.58257569495584,1,0,1,0,12,144,85.08,1,1,0
35752005001,0,0.3809523809523809,1.3592715135759477,3.5680877231368626,1,0,1,0,4,96,12.0,1,1,0
11112015001,0,0.0476190476190476,0.2182178902359924,4.582575694955841,1,0,1,0,2,24,13.34,1,1,0
12020018001,0,0.0476190476190476,0.2182178902359924,4.582575694955841,1,0,1,0,24,144,36.0,1,1,0
12020328001,0,0.0476190476190476,0.2182178902359924,4.582575694955841,1,0,1,0,80,480,88.0,2,2,0
14362019001,0,1.7142857142857142,5.7196403483336,3.336456869861267,1,0,1,0,2,30,15.68,1,1,0
12000233001,0,0.0476190476190476,0.2182178902359924,4.582575694955841,1,0,1,0,8,48,27.84,1,1,0
12104047001,0,0.0476190476190476,0.2182178902359924,4.582575694955841,1,0,1,0,40,40,14.0,1,1,0
11075006001,0,0.0476190476190476,0.2182178902359924,4.582575694955841,1,0,1,0,4,96,23.72,1,1,0
41401022001,0,0.0476190476190476,0.2182178902359924,4.582575694955841,1,0,1,0,50,50,40.0,1,1,0
12002002001,0,0.0476190476190476,0.2182178902359924,4.582575694955841,1,0,1,0,4,36,32.96,1,1,0
12002090001,0,0.0476190476190476,0.2182178902359924,4.582575694955841,1,0,1,0,12,72,40.8,1,1,0
14611025001,0,1.0,2.8284271247461903,2.8284271247461903,1,0,1,0,2,24,24.6,1,1,0
12106109002,0,0.0476190476190476,0.2182178902359924,4.582575694955841,1,0,1,0,12,144,25.200000000000003,1,1,0
12005108003,0,0.3809523809523809,1.3592715135759477,3.5680877231368626,1,0,1,0,4,48,13.2,1,1,0
12002127001,0,0.0476190476190476,0.2182178902359924,4.582575694955841,1,0,1,0,12,144,22.56,1,1,0
12105018001,0,0.0952380952380952,0.4364357804719847,4.58257569495584,1,0,1,0,4,48,25.496,1,1,0
30013004001,0,0.0952380952380952,0.4364357804719848,4.582575694955841,1,0,1,0,8,240,104.208,1,1,0
12004218001,0,0.0952380952380952,0.4364357804719848,4.582575694955841,1,0,1,0,8,96,30.96,1,1,0
30045078002,0,0.4761904761904761,2.182178902359924,4.582575694955841,1,0,1,0,6,120,11.399999999999999,1,1,0
12004053001,0,0.0952380952380952,0.4364357804719847,4.58257569495584,1,0,1,0,48,144,57.599999999999994,1,1,0
12016130001,0,0.238095238095238,1.091089451179962,4.582575694955841,1,0,1,0,48,288,43.2,1,1,0
12103021001,0,0.1428571428571428,0.6546536707079772,4.582575694955841,1,0,1,0,8,144,9.84,1,1,0
12021993001,0,0.238095238095238,1.091089451179962,4.582575694955841,1,0,1,0,18,216,34.199999999999996,1,1,0
14241025001,0,0.1428571428571428,0.6546536707079772,4.582575694955841,1,0,1,0,6,120,20.28,1,1,0
12111034001,0,0.1904761904761904,0.8728715609439697,4.582575694955841,1,0,1,0,48,480,38.400000000000006,1,1,0
12010147001,0,0.0952380952380952,0.4364357804719847,4.58257569495584,1,0,1,0,10,120,46.4,1,1,0
11103187001,0,0.2857142857142857,1.3093073414159544,4.582575694955841,1,0,1,0,2,12,21.22,1,1,0
11050134001,0,0.0952380952380952,0.4364357804719848,4.582575694955841,1,0,1,0,4,32,35.64,1,1,0
14832009001,0,0.1428571428571428,0.6546536707079772,4.582575694955841,1,0,1,0,8,192,58.0,1,1,0
12031127001,0,0.0952380952380952,0.4364357804719848,4.582575694955841,1,0,1,0,200,600,50.0,1,1,0
11031027001,0,0.0952380952380952,0.4364357804719848,4.582575694955841,1,0,1,0,4,48,21.28,1,1,0
14731899001,0,0.0952380952380952,0.4364357804719848,4.582575694955841,1,0,1,0,4,48,8.54,1,1,0
12020138001,0,0.0952380952380952,0.4364357804719848,4.582575694955841,1,0,1,0,18,216,46.62,1,1,0
11032229001,0,0.4761904761904761,2.182178902359924,4.582575694955841,1,0,1,0,4,48,22.72,1,1,0
12022047001,0,0.0952380952380952,0.4364357804719848,4.582575694955841,1,0,1,0,90,270,52.199999999999996,1,1,0
14242210001,0,0.2857142857142857,1.3093073414159544,4.582575694955841,1,0,1,0,12,120,20.16,1,1,0
12006020001,0,0.1428571428571428,0.6546536707079772,4.582575694955841,1,0,1,0,80,960,31.200000000000003,1,1,0
12103135001,0,0.0952380952380952,0.4364357804719848,4.582575694955841,1,0,1,0,48,576,24.0,1,1,0
12000036001,0,0.1428571428571428,0.6546536707079772,4.582575694955841,1,0,1,0,4,24,28.012,1,1,0
35301023001,0,0.2857142857142857,1.3093073414159544,4.582575694955841,1,0,1,0,8,48,43.2,1,1,0
14621017001,0,0.0952380952380952,0.4364357804719847,4.58257569495584,1,0,1,0,1,4,18.87,1,1,0
10040072001,0,1.1428571428571428,5.237229365663818,4.582575694955841,1,0,1,0,2,48,28.14,1,1,0
14244087001,0,0.0952380952380952,0.4364357804719848,4.582575694955841,1,0,1,0,8,96,17.92,1,1,0
14226002001,0,1.4761904761904765,5.418662635919011,3.6707069469128784,1,0,1,0,2,72,39.26,1,1,0
12020147001,0,0.3809523809523809,1.7457431218879391,4.582575694955841,1,0,1,0,12,144,37.44,1,1,0
14010039001,0,0.7142857142857143,3.2732683535398857,4.58257569495584,1,0,1,0,4,60,6.2,1,1,0
14244077001,0,0.2857142857142857,1.3093073414159544,4.582575694955841,1,0,1,0,2,16,7.8,1,1,0
32517009001,0,0.238095238095238,1.091089451179962,4.582575694955841,1,0,1,0,4,20,48.68,1,1,0
12103013001,0,0.0952380952380952,0.4364357804719847,4.58257569495584,1,0,1,0,8,192,10.08,1,1,0
12100019001,0,0.0952380952380952,0.4364357804719848,4.582575694955841,1,0,1,0,2,144,34.552,1,1,0
14243021001,0,0.1904761904761904,0.8728715609439697,4.582575694955841,1,0,1,0,8,96,20.4,1,1,0
35307910001,0,0.1428571428571428,0.6546536707079772,4.582575694955841,1,0,1,0,8,48,43.312,1,1,0
11101009001,0,0.2857142857142857,1.3093073414159544,4.582575694955841,1,0,1,0,1,12,20.1,1,1,0
12123044001,0,0.0952380952380952,0.4364357804719848,4.582575694955841,1,0,1,0,54,54,10.8,1,1,0
12320018001,0,0.8571428571428571,3.927922024247863,4.582575694955841,1,0,1,0,32,384,34.816,1,1,0
12010097001,0,0.3333333333333333,1.527525231651947,4.582575694955842,1,0,1,0,24,288,48.0,1,1,0
12327046001,0,0.0952380952380952,0.4364357804719848,4.582575694955841,1,0,1,0,2,8,18.6,1,1,0
32600042001,0,0.1428571428571428,0.6546536707079772,4.582575694955841,1,0,1,0,2,20,32.6,1,1,0
12102108001,0,0.2857142857142857,1.3093073414159544,4.582575694955841,1,0,1,0,18,216,27.864,1,1,0
14603013001,0,0.0952380952380952,0.4364357804719847,4.58257569495584,1,0,1,0,18,180,29.52,1,1,0
10041036001,0,1.1428571428571428,5.237229365663818,4.582575694955841,1,0,1,0,2,48,26.6,1,1,0
11021051002,0,0.0952380952380952,0.4364357804719848,4.582575694955841,1,0,1,0,8,48,19.12,1,1,0
12103156001,0,0.0952380952380952,0.4364357804719848,4.582575694955841,1,0,1,0,4,192,4.84,1,1,0
12023094001,0,0.0952380952380952,0.4364357804719848,4.582575694955841,1,0,1,0,6,72,24.42,1,1,0
11110101001,0,0.0952380952380952,0.4364357804719848,4.582575694955841,1,0,1,0,4,32,40.2,1,1,0
10022918001,0,0.1904761904761904,0.8728715609439697,4.582575694955841,1,0,1,0,8,192,55.408,1,1,0
11021095001,0,0.0952380952380952,0.4364357804719848,4.582575694955841,1,0,1,0,4,24,17.88,1,1,0
12103049001,0,0.238095238095238,1.091089451179962,4.582575694955841,1,0,1,0,320,320,9.6,1,1,0
14362033001,0,0.5714285714285714,2.618614682831909,4.582575694955841,1,0,1,0,2,24,9.972,1,1,0
12201099001,0,0.9523809523809524,4.364357804719848,4.582575694955841,1,0,1,0,1,60,10.636,1,1,0
12003003001,0,0.1904761904761904,0.8728715609439697,4.582575694955841,1,0,1,0,4,144,24.48,1,1,0
11110031002,0,0.1904761904761904,0.8728715609439697,4.582575694955841,1,0,1,0,2,32,21.16,1,1,0
12010180001,0,0.0952380952380952,0.4364357804719848,4.582575694955841,1,0,1,0,8,96,30.8,1,1,0
12010058001,0,0.4285714285714285,1.9639610121239313,4.58257569495584,1,0,1,0,4,288,34.08,1,1,0
11103388001,0,0.0952380952380952,0.4364357804719847,4.58257569495584,1,0,1,0,6,36,15.876,1,1,0
11073032001,0,0.0952380952380952,0.4364357804719848,4.582575694955841,1,0,1,0,4,96,24.0,1,1,0
12103019001,0,0.0952380952380952,0.4364357804719847,4.58257569495584,1,0,1,0,42,42,14.952,1,1,0
11061024001,0,0.0952380952380952,0.4364357804719848,4.582575694955841,1,0,1,0,4,120,6.36,1,1,0
35750013001,0,1.238095238095238,5.224028731781267,4.2194078218233315,1,0,1,0,6,72,49.872,1,1,0
12023103001,0,0.0952380952380952,0.4364357804719847,4.58257569495584,1,0,1,0,72,216,52.56,1,1,0
12020184001,0,0.0952380952380952,0.4364357804719848,4.582575694955841,1,0,1,0,24,288,40.32,2,2,0
11110100001,0,0.0952380952380952,0.4364357804719848,4.582575694955841,1,0,1,0,4,32,40.2,1,1,0
10031006001,0,1.3333333333333333,6.110100926607787,4.582575694955841,1,0,1,0,2,48,28.0,1,1,0
12020404001,0,0.0952380952380952,0.4364357804719848,4.582575694955841,1,0,1,0,18,108,18.648,1,1,0
12326121001,0,0.1428571428571428,0.6546536707079772,4.582575694955841,1,0,1,0,8,24,5.04,1,1,0
12120065001,0,0.1428571428571428,0.6546536707079772,4.582575694955841,1,0,1,0,6,216,13.799999999999999,1,1,0
12102021001,0,0.1904761904761904,0.8728715609439697,4.582575694955841,1,0,1,0,4,192,31.56,1,1,0
11072033001,0,0.0952380952380952,0.4364357804719848,4.582575694955841,1,0,1,0,2,24,29.0,1,1,0
12120080001,0,0.0952380952380952,0.4364357804719848,4.582575694955841,1,0,1,0,6,48,8.100000000000001,1,1,0
12122017001,0,0.2857142857142857,1.3093073414159544,4.582575694955841,1,0,1,0,4,72,6.864,1,1,0
12011006001,0,0.0952380952380952,0.4364357804719848,4.582575694955841,1,0,1,0,8,48,34.88,1,1,0
12123106001,0,0.4761904761904761,2.182178902359924,4.582575694955841,1,0,1,0,2,24,5.78,1,1,0
12000159001,0,0.0952380952380952,0.4364357804719848,4.582575694955841,1,0,1,0,12,72,40.8,1,1,0
12001114001,0,0.1428571428571428,0.6546536707079772,4.582575694955841,1,0,1,0,4,48,27.28,1,1,0
10002039001,0,1.1428571428571428,5.237229365663818,4.582575694955841,1,0,1,0,2,24,34.26,1,1,0
10014127001,0,0.1428571428571428,0.6546536707079772,4.582575694955841,1,0,1,0,4,96,51.72,1,1,0
10016018001,0,1.1428571428571428,5.237229365663818,4.582575694955841,1,0,1,0,2,48,29.0,1,1,0
12120005001,0,0.3333333333333333,1.5275252316519468,4.582575694955841,1,0,1,0,2,48,7.0,1,1,0
12020021001,0,0.4761904761904761,2.182178902359924,4.582575694955841,1,0,1,0,12,144,20.04,1,1,0
12120040001,0,0.0952380952380952,0.4364357804719848,4.582575694955841,1,0,1,0,1,18,4.37,1,1,0
31215012001,0,0.1428571428571428,0.6546536707079772,4.582575694955841,1,0,1,0,12,144,18.672,1,1,0
12011173001,0,0.0952380952380952,0.4364357804719848,4.582575694955841,1,0,1,0,2,24,28.412,1,1,0
12013052001,0,0.0952380952380952,0.4364357804719848,4.582575694955841,1,0,1,0,8,96,54.64,1,1,0
12344036001,0,0.0952380952380952,0.4364357804719848,4.582575694955841,1,0,1,0,40,400,25.28,1,1,0
12100017001,0,0.0952380952380952,0.4364357804719848,4.582575694955841,1,0,1,0,2,96,21.4,1,1,0
11061033001,0,0.0952380952380952,0.4364357804719848,4.582575694955841,1,0,1,0,32,608,41.6,2,2,0
14602013001,0,0.8571428571428571,3.927922024247863,4.582575694955841,1,0,1,0,9,324,54.0,1,1,0
12006135001,0,0.0952380952380952,0.4364357804719848,4.582575694955841,1,0,1,0,24,144,14.399999999999999,1,1,0
12022070001,0,0.1428571428571428,0.6546536707079772,4.582575694955841,1,0,1,0,4,64,13.04,1,1,0
10023100001,0,0.1428571428571428,0.6546536707079772,4.582575694955841,1,0,1,0,4,24,16.04,1,1,0
12023278001,0,0.0952380952380952,0.4364357804719848,4.582575694955841,1,0,1,0,12,144,26.28,1,1,0
10040080001,0,0.9523809523809524,4.364357804719848,4.582575694955841,1,0,1,0,4,80,44.8,1,1,0
10010023001,0,0.2857142857142857,1.3093073414159544,4.582575694955841,1,0,1,0,18,432,77.58,1,1,0
14505102001,0,0.4761904761904761,2.182178902359924,4.582575694955841,1,0,1,0,4,80,11.92,1,1,0
14506012001,0,0.0952380952380952,0.4364357804719848,4.582575694955841,1,0,1,0,10,200,78.5,1,1,0
14509021001,0,0.8095238095238095,3.709704134011871,4.582575694955841,1,0,1,0,6,72,5.88,1,1,0
14310053001,0,0.0952380952380952,0.4364357804719847,4.58257569495584,1,0,1,0,4,24,24.0,1,1,0
12020212001,0,0.0952380952380952,0.4364357804719848,4.582575694955841,1,0,1,0,12,72,16.799999999999997,1,1,0
14222009001,0,0.4761904761904761,2.182178902359924,4.582575694955841,1,0,1,0,4,160,41.0,1,1,0
11072011001,0,0.7619047619047619,3.491486243775878,4.58257569495584,1,0,1,0,1,24,14.9,1,1,0
14111053001,0,1.1428571428571428,5.237229365663818,4.582575694955841,1,0,1,0,4,48,11.64,1,1,0
12022114001,0,0.0952380952380952,0.4364357804719848,4.582575694955841,1,0,1,0,6,288,23.82,1,1,0
12233028001,0,0.0952380952380952,0.4364357804719847,4.58257569495584,1,0,1,0,1,5,8.34,1,1,0
31226017001,0,0.1428571428571428,0.6546536707079772,4.582575694955841,1,0,1,0,16,192,23.52,1,1,0
12016035001,0,0.1428571428571428,0.6546536707079772,4.582575694955841,1,0,1,0,8,192,26.8,1,1,0
61063005002,0,0.238095238095238,1.091089451179962,4.582575694955841,1,0,1,0,12,144,9.600000000000001,1,1,0
42613021001,0,0.1428571428571428,0.6546536707079772,4.582575694955841,1,0,1,0,24,24,16.224,1,1,0
12011098001,0,0.0952380952380952,0.4364357804719848,4.582575694955841,1,0,1,0,2,24,28.2,1,1,0
14851032001,0,0.1428571428571428,0.6546536707079772,4.582575694955841,1,0,1,0,6,6,42.0,1,1,0
11051016001,0,0.0952380952380952,0.4364357804719848,4.582575694955841,1,0,1,0,3,36,32.7,1,1,0
12013050001,0,0.0952380952380952,0.4364357804719848,4.582575694955841,1,0,1,0,8,96,54.64,1,1,0
14506006001,0,0.0952380952380952,0.4364357804719848,4.582575694955841,1,0,1,0,2,24,9.44,1,1,0
12023273001,0,0.238095238095238,1.0910894511799618,4.58257569495584,1,0,1,0,48,480,18.72,1,1,0
12020210001,0,0.0952380952380952,0.4364357804719847,4.58257569495584,1,0,1,0,8,96,19.12,1,1,0
12120087001,0,0.1904761904761904,0.8728715609439697,4.582575694955841,1,0,1,0,6,144,10.2,1,1,0
14634023001,0,0.1428571428571428,0.6546536707079772,4.582575694955841,1,0,1,0,16,192,89.28,1,1,0
12011093001,0,0.0952380952380952,0.4364357804719848,4.582575694955841,1,0,1,0,2,12,27.2,1,1,0
14710017001,0,0.0952380952380952,0.4364357804719848,4.582575694955841,1,0,1,0,3,36,4.800000000000001,1,1,0
11072004001,0,0.0952380952380952,0.4364357804719848,4.582575694955841,1,0,1,0,6,72,17.94,1,1,0
10020006001,0,0.2857142857142857,1.3093073414159544,4.582575694955841,1,0,1,0,10,240,70.6,1,1,0
12326002001,0,0.0952380952380952,0.4364357804719848,4.582575694955841,1,0,1,0,4,24,2.96,1,1,0
31504001001,0,0.4761904761904761,2.182178902359924,4.582575694955841,1,0,1,0,1,10,25.0,1,1,0
12020070001,0,0.1428571428571428,0.6546536707079772,4.582575694955841,1,0,1,0,18,216,44.064,1,1,0
14501940001,0,0.0952380952380952,0.4364357804719847,4.58257569495584,1,0,1,0,10,10,8.0,1,1,0
35302038001,0,0.1428571428571428,0.6546536707079772,4.582575694955841,1,0,1,0,4,48,46.4,1,1,0
12005084001,0,0.0952380952380952,0.4364357804719848,4.582575694955841,1,0,1,0,48,144,14.399999999999999,1,1,0
15022020001,0,1.4285714285714286,6.546536707079771,4.58257569495584,1,0,1,0,8,192,66.56,1,1,0
12103127001,0,0.0952380952380952,0.4364357804719848,4.582575694955841,1,0,1,0,2,96,3.62,1,1,0
12022162001,0,0.1904761904761904,0.8728715609439697,4.582575694955841,1,0,1,0,20,240,26.0,1,1,0
31533084001,0,0.0952380952380952,0.4364357804719848,4.582575694955841,1,0,1,0,12,72,2.7600000000000002,1,1,0
14222036001,0,0.1428571428571428,0.6546536707079772,4.582575694955841,1,0,1,0,4,120,22.68,1,1,0
12020224001,0,0.0952380952380952,0.4364357804719847,4.58257569495584,1,0,1,0,8,96,18.4,1,1,0
12105036001,0,0.0952380952380952,0.4364357804719848,4.582575694955841,1,0,1,0,6,72,40.26,1,1,0
14311189001,0,0.1428571428571428,0.6546536707079772,4.582575694955841,1,0,1,0,4,48,17.8,1,1,0
35751001001,0,0.5714285714285714,2.618614682831909,4.582575694955841,1,0,1,0,2,24,22.916,1,1,0
14243131001,0,0.0952380952380952,0.4364357804719848,4.582575694955841,1,0,1,0,4,40,30.76,1,1,0
14853069001,0,0.1904761904761904,0.8728715609439697,4.582575694955841,1,0,1,0,3,60,25.5,1,1,0
11051057001,0,0.0952380952380952,0.4364357804719848,4.582575694955841,1,0,1,0,8,96,53.12,1,1,0
34511006001,0,0.0952380952380952,0.4364357804719847,4.58257569495584,1,0,1,0,2,8,27.52,1,1,0
11050050001,0,0.0952380952380952,0.4364357804719847,4.58257569495584,1,0,1,0,8,96,54.0,1,1,0
10002911001,0,0.2857142857142857,1.3093073414159544,4.582575694955841,1,0,1,0,8,192,69.6,1,1,0
14616053001,0,0.1904761904761904,0.8728715609439697,4.582575694955841,1,0,1,0,4,48,52.68,1,1,0
12122037001,0,0.0952380952380952,0.4364357804719847,4.58257569495584,1,0,1,0,2,48,6.0,1,1,0
12020418001,0,0.0952380952380952,0.4364357804719848,4.582575694955841,1,0,1,0,32,192,37.248,1,1,0
12012086001,0,0.0952380952380952,0.4364357804719848,4.582575694955841,1,0,1,0,4,48,18.8,1,1,0
11110032001,0,0.1904761904761904,0.8728715609439694,4.58257569495584,1,0,1,0,1,6,12.4,1,1,0
14602086001,0,0.0952380952380952,0.4364357804719848,4.582575694955841,1,0,1,0,16,96,27.2,1,1,0
10052046001,0,0.0952380952380952,0.4364357804719848,4.582575694955841,1,0,1,0,4,48,38.0,1,1,0
10031909001,0,1.1428571428571428,5.237229365663818,4.582575694955841,1,0,1,0,4,96,51.24,1,1,0
14204022001,0,0.0952380952380952,0.4364357804719848,4.582575694955841,1,0,1,0,1,20,5.5,1,1,0
11032225001,0,0.0952380952380952,0.4364357804719847,4.58257569495584,1,0,1,0,12,240,17.4,1,1,0
10023087001,0,0.1904761904761904,0.8728715609439694,4.58257569495584,1,0,1,0,6,48,55.08,1,1,0
11050111001,0,0.1428571428571428,0.6546536707079772,4.582575694955841,1,0,1,0,2,24,26.68,1,1,0
12005072003,0,0.0952380952380952,0.4364357804719848,4.582575694955841,1,0,1,0,6,72,16.799999999999997,1,1,0
12011322001,0,0.0952380952380952,0.4364357804719847,4.58257569495584,1,0,1,0,2,24,20.892,1,1,0
30045079001,0,0.1904761904761904,0.8728715609439694,4.58257569495584,1,0,1,0,2,120,8.0,1,1,0
12020101001,0,0.0952380952380952,0.4364357804719848,4.582575694955841,1,0,1,0,8,192,43.76,1,1,0
31531171001,0,0.4761904761904761,2.182178902359924,4.582575694955841,1,0,1,0,6,72,6.84,1,1,0
12234916001,0,0.0952380952380952,0.4364357804719847,4.58257569495584,1,0,1,0,2,12,10.5,1,1,0
12000092001,0,0.0952380952380952,0.4364357804719848,4.582575694955841,1,0,1,0,8,96,52.8,1,1,0
14852904001,0,1.1428571428571428,5.237229365663818,4.582575694955841,1,0,1,0,4,96,50.8,1,1,0
10040089001,0,0.9523809523809524,4.364357804719848,4.582575694955841,1,0,1,0,4,80,52.8,1,1,0
11111023001,0,0.1428571428571428,0.6546536707079772,4.582575694955841,1,0,1,0,4,24,26.8,1,1,0
12103154001,0,0.3809523809523809,1.7457431218879391,4.582575694955841,1,0,1,0,4,192,4.36,1,1,0
12004046001,0,0.0952380952380952,0.4364357804719848,4.582575694955841,1,0,1,0,18,216,44.64,1,1,0
11070040001,0,0.2857142857142857,1.3093073414159542,4.58257569495584,1,0,1,0,2,48,24.46,1,1,0
14311015001,0,0.1904761904761904,0.8728715609439697,4.582575694955841,1,0,1,0,2,40,17.92,1,1,0
14002006001,0,0.5714285714285714,2.618614682831909,4.582575694955841,1,0,1,0,2,24,12.58,1,1,0
12120090001,0,0.0952380952380952,0.4364357804719847,4.58257569495584,1,0,1,0,2,72,4.84,1,1,0
12103139001,0,0.0952380952380952,0.4364357804719848,4.582575694955841,1,0,1,0,2,96,3.62,1,1,0
12103126001,0,0.0952380952380952,0.4364357804719848,4.582575694955841,1,0,1,0,4,192,6.24,1,1,0
10041087001,0,1.1428571428571428,5.237229365663818,4.582575694955841,1,0,1,0,2,48,28.0,1,1,0
35307905001,0,0.0952380952380952,0.4364357804719848,4.582575694955841,1,0,1,0,2,40,40.0,1,1,0
12014022001,0,0.0952380952380952,0.4364357804719848,4.582575694955841,1,0,1,0,8,160,11.68,1,1,0
14510031001,0,0.1428571428571428,0.6546536707079772,4.582575694955841,1,0,1,0,24,24,57.599999999999994,1,1,0
12005108006,0,0.0952380952380952,0.4364357804719848,4.582575694955841,1,0,1,0,4,48,13.2,1,1,0
12001010001,0,0.1428571428571428,0.6546536707079772,4.582575694955841,1,0,1,0,16,96,43.84,1,1,0
11074060002,0,0.2857142857142857,1.3093073414159544,4.582575694955841,1,0,1,0,12,120,8.399999999999999,1,1,0
12101001002,0,0.2857142857142857,1.3093073414159544,4.582575694955841,1,0,1,0,6,216,12.72,1,1,0
14720003001,0,0.2857142857142857,1.3093073414159542,4.58257569495584,1,0,1,0,4,80,49.868,1,1,0
10023004001,0,0.2857142857142857,1.3093073414159542,4.58257569495584,1,0,1,0,6,144,47.339999999999996,1,1,0
12120043001,0,0.1904761904761904,0.8728715609439694,4.58257569495584,1,0,1,0,60,60,6.6,1,1,0
10014043001,0,0.5714285714285714,2.618614682831909,4.582575694955841,1,0,1,0,6,72,79.80000000000001,1,1,0
15023036001,0,1.1428571428571428,5.237229365663818,4.582575694955841,1,0,1,0,6,144,57.599999999999994,1,1,0
12327018001,0,1.1428571428571428,5.237229365663818,4.582575694955841,1,0,1,0,6,144,43.584,1,1,0
12034063001,0,0.0952380952380952,0.4364357804719848,4.582575694955841,1,0,1,0,9,108,22.05,1,1,0
12327063001,0,0.0952380952380952,0.4364357804719848,4.582575694955841,1,0,1,0,8,8,61.6,1,1,0
12003086001,0,0.4285714285714285,1.9639610121239317,4.582575694955841,1,0,1,0,64,192,34.56,1,1,0
12201898001,2,526.3809523809524,402.6202275334011,0.7648837324227811,2106,0,1,0,2175,2175,2175.0,29,29,0
12200006001,2,490.0,636.0660343077595,1.2980939475668565,1960,0,1,0,1968,1968,1968.0,164,164,0
10021008001,2,1354.2857142857142,981.4469492976756,0.724697114460309,226,0,1,0,228,5472,1500.2400000000002,19,19,0
10035035001,2,1086.0,533.4772722431575,0.491231374072889,181,0,1,0,192,4608,1261.44,16,16,0
10001009001,2,950.8571428571428,769.4040736644358,0.8091689476639199,159,0,1,0,160,3840,1083.1999999999998,16,16,0
10032006001,2,940.8571428571428,719.904041224543,0.7651576508611905,157,0,1,0,168,4032,1110.48,14,14,0
10031005001,2,878.8571428571429,409.9919859843953,0.466505835807992,147,0,1,0,156,3744,1026.48,13,13,0
10021006001,2,759.047619047619,313.79459463006623,0.4134056767397359,127,0,1,0,128,3072,2053.12,64,64,0
10040063001,2,733.7142857142857,717.4583711168992,0.9778443531577676,123,0,1,0,124,2976,1884.8,31,31,0
10002008001,2,728.0,769.5110135664077,1.0570206230307797,122,0,1,0,130,3120,884.0,13,13,0
10034019001,2,682.5714285714286,303.3170900936133,0.4443741378516728,114,0,1,0,120,2880,799.2,10,10,0
10021001001,2,666.2857142857143,419.8220030985921,0.6300930578237874,112,0,1,0,112,2688,725.76,14,14,0
10031013001,2,648.0,371.5594165136983,0.5733941612865715,108,0,1,0,108,2592,1060.56,12,12,0
14503003001,2,621.7142857142857,242.170630518472,0.389520775190557,104,0,1,0,105,2520,315.0,35,35,0
10033018001,2,607.8095238095239,521.8696790433047,0.8586072751417579,102,0,1,0,104,2496,1548.56,26,26,0
10032013001,2,581.4285714285714,269.4922209319912,0.4635001342810659,97,0,1,0,99,2376,970.2,11,11,0
10002102001,2,496.8571428571428,277.69448783047267,0.5589020744144073,83,0,1,0,88,2112,792.0,11,11,0
10033043001,2,469.5238095238095,248.38269244204977,0.529009791205177,79,0,1,0,80,1920,1144.0,40,40,0
15022026001,2,462.0,1343.8540099281618,2.9087749132644194,77,0,1,0,80,1920,416.0,5,5,0
10035021001,2,442.6666666666667,361.79404822817816,0.8173058318407639,74,0,1,0,74,1776,1029.34,37,37,0
10014090001,2,437.42857142857144,193.08354964330115,0.441405894024529,73,0,1,0,84,2016,555.24,7,7,0
10032008001,2,414.8571428571428,196.4419216242515,0.4735170287085952,70,0,1,0,72,1728,476.64,6,6,0
10034003001,2,405.1428571428572,211.18482088310364,0.5212601361712713,68,0,1,0,72,1728,478.0799999999999,6,6,0
14505013001,2,486.42857142857144,214.82052309511104,0.441628094468657,65,0,1,0,68,2040,224.39999999999998,17,17,0
15020010001,2,387.7142857142857,391.4809245489674,1.0097149859405938,65,0,1,0,72,1728,378.71999999999997,6,6,0
10033064001,2,381.7142857142857,212.93218236263465,0.5578313160697764,64,0,1,0,72,1728,707.04,8,8,0
14502081001,2,381.0,664.5483428615257,1.7442213723399624,51,0,1,0,52,1560,169.0,13,13,0
14505041001,2,452.1428571428572,200.5652725958025,0.4435882806226279,46,0,1,0,50,2000,104.0,10,10,0
14510039001,3,70.95238095238095,23.77703974525885,0.3351126407049905,284,0,1,0,288,288,864.0,12,12,0
10040039001,3,78.95238095238095,57.26995389423339,0.7253733605421601,158,0,1,0,159,318,1772.8500000000001,53,53,0
14014006001,3,208.71428571428572,105.2222138415377,0.5041447617322135,140,0,1,0,140,840,357.0,140,140,0
10040025001,3,48.42857142857143,24.3281142478644,0.502350441696315,97,0,1,0,99,198,1058.31,33,33,0
14502077001,3,223.71428571428572,229.09979110796735,1.024073140329356,75,0,1,0,76,912,136.8,19,19,0
10021026001,3,183.76190476190476,68.72256162418915,0.3739761062731205,62,0,1,0,62,744,1192.26,31,31,0
14500010001,3,183.57142857142856,213.442397716239,1.1627212326954652,62,0,1,0,62,744,155.0,31,31,0
14023056001,3,179.1904761904762,97.4318320917856,0.5437333175465048,60,0,1,0,60,720,291.6,30,30,0
10002006001,3,88.0,74.51577014297041,0.8467701152610274,59,0,1,0,60,360,802.1999999999999,30,30,0
10015007001,3,344.0,193.8411720971579,0.5634917793522033,58,0,1,0,64,1536,464.64,8,8,0
10000026001,3,344.3809523809524,162.8245915672679,0.4728037089204405,58,0,1,0,64,1536,423.68,8,8,0
14501013001,3,169.0,256.0765510545626,1.515245864228181,57,0,1,0,58,696,145.0,29,29,0
10030048001,3,318.85714285714283,113.68829566595046,0.35654931436454,54,0,1,0,56,1344,838.32,14,14,0
14503019001,3,159.71428571428572,132.217677659662,0.8278387688887603,54,0,1,0,54,648,113.94,27,27,0
14502004001,3,160.57142857142858,189.17731667104584,1.1781505486630963,54,0,1,0,54,648,173.33999999999997,18,18,0
10032019001,3,306.85714285714283,213.36969928138473,0.6953388710287213,52,0,1,0,60,1440,390.0,5,5,0
10030007001,3,310.4761904761905,87.89517566261476,0.2830979584225322,52,0,1,0,52,1248,773.76,13,13,0
14011052001,3,306.2857142857143,314.9541463224675,1.0283017837020862,52,0,1,0,52,1248,127.4,26,26,0
10031031001,3,277.0952380952381,205.5616464134068,0.7418447456060394,47,0,1,0,50,1200,333.0,5,5,0
10040049001,3,23.238095238095237,14.134725897253055,0.608256647217857,47,0,1,0,48,96,614.4000000000001,16,16,0
10040094001,3,21.714285714285715,14.230751410740254,0.6553635518104064,44,0,1,0,45,90,540.0,15,15,0
14503013001,3,123.42857142857144,122.5832661616468,0.9931514619577866,42,0,1,0,44,528,74.8,11,11,0
10002005001,3,242.57142857142856,112.72292199396334,0.4646999139916039,41,0,1,0,42,1008,401.52,7,7,0
10033015001,3,244.0,97.56228779605364,0.3998454417871051,41,0,1,0,44,1056,704.0,11,11,0
14501010001,3,240.57142857142856,199.10288079999532,0.8276248014251586,41,0,1,0,42,1008,126.0,21,21,0
10014023001,3,237.1428571428571,188.9630349338954,0.7968320750224505,40,0,1,0,40,960,265.59999999999997,4,4,0
10011001001,3,231.71428571428572,140.87197835522252,0.6079555169460897,39,0,1,0,48,1152,316.32,4,4,0
10033005001,3,230.8571428571429,100.69671579266412,0.4361862689038668,39,0,1,0,48,1152,313.92,4,4,0
10031033001,3,218.28571428571428,113.5434466876635,0.5201597688570972,37,0,1,0,40,960,598.0,10,10,0
10011016001,3,213.42857142857144,158.30873994463207,0.741741084077928,36,0,1,0,36,864,284.40000000000003,4,4,0
10013005001,3,200.57142857142856,113.80359020196656,0.567396817246272,34,0,1,0,36,864,241.56,3,3,0
12121064001,3,8.380952380952381,4.364357804719848,0.5207472380631637,34,0,1,0,40,40,40.0,1,1,0
14014015001,3,96.95238095238096,60.806641241295495,0.6271804843159162,33,0,1,0,33,396,162.35999999999999,33,33,0
10033070001,3,196.76190476190476,169.5623498191461,0.8617641205716525,33,0,1,0,34,816,525.64,17,17,0
10033074001,3,191.23809523809524,142.17521048407306,0.7434460707583501,32,0,1,0,32,768,456.0,16,16,0
14011029001,3,90.8095238095238,74.89700865029194,0.8247704151316889,31,0,1,0,31,372,136.4,31,31,0
14804012001,3,14.857142857142858,6.405354902624165,0.4311296569073957,30,0,1,0,30,60,328.49999999999994,5,5,0
14010011001,3,43.80952380952381,23.38294046440492,0.5337410323396775,30,0,1,0,30,180,60.3,30,30,0
14505138001,3,84.14285714285714,68.8464129162048,0.8182086424676293,29,0,1,0,32,384,52.48,8,8,0
10033030001,3,156.57142857142858,59.48156977465493,0.3799005368819201,27,0,1,0,28,672,427.84,14,14,0
14501012001,3,79.33333333333333,43.874062193206285,0.5530343973933566,27,0,1,0,28,336,84.0,7,7,0
10033010001,3,79.33333333333333,63.428962890254894,0.7995247423141374,27,0,1,0,28,336,455.56,14,14,0
14502015001,3,77.57142857142857,41.702004062840224,0.5375948958377192,26,0,1,0,26,312,65.0,13,13,0
14502041001,3,185.0,129.45076284054875,0.6997338531921554,25,0,1,0,28,840,95.75999999999999,7,7,0
10033054001,3,142.28571428571428,66.33938713701149,0.4662406726496791,24,0,1,0,24,576,366.71999999999997,12,12,0
14500026001,3,69.28571428571429,60.46250313801344,0.8726546844661732,24,0,1,0,24,288,31.200000000000003,6,6,0
14000057001,3,57.285714285714285,30.640076463910553,0.5348641776742491,23,0,1,0,23,230,101.43,23,23,0
10002944001,3,134.57142857142858,115.17142502746566,0.8558386148537787,23,0,1,0,24,576,211.68,4,4,0
14501016001,3,65.42857142857143,44.28043747364227,0.6767752452303404,22,0,1,0,24,288,66.72,4,4,0
10002007001,3,126.85714285714286,64.82459850572597,0.5110047179505426,22,0,1,0,24,576,213.36,3,3,0
14505917001,3,209.52380952380952,111.02820319523282,0.529907333431793,21,0,1,0,25,1000,50.5,5,5,0
14500056001,3,41.142857142857146,45.74525736542065,1.1118638942984185,21,0,1,0,21,168,33.60000000000001,7,7,0
14832018001,3,121.28571428571428,74.67874052040706,0.6157257757866306,21,0,1,0,24,576,173.04,3,3,0
14810016001,3,124.42857142857144,78.94401271063653,0.6344524557686059,21,0,1,0,24,576,256.79999999999995,6,6,0
14102250001,3,50.19047619047619,25.570723586983313,0.5094736198545062,21,0,1,0,22,220,99.88,11,11,0
14501004001,3,143.57142857142858,75.5834448993769,0.5264518550205356,20,0,1,0,20,600,60.279999999999994,5,5,0
14505031001,3,59.42857142857143,30.968647740208855,0.5211070533208221,20,0,1,0,20,240,50.0,10,10,0
14500037001,3,28.238095238095237,13.24728184158834,0.4691280247442752,19,0,1,0,19,114,129.77,19,19,0
14001047001,3,36.714285714285715,26.778989632065763,0.7293888226632698,19,0,1,0,20,160,67.2,10,10,0
14620014001,3,26.61904761904762,23.42749707176631,0.8801027522488238,18,0,1,0,20,120,244.20000000000002,5,5,0
14000197001,3,53.0,25.0019999200064,0.4717358475472906,18,0,1,0,18,216,62.28,9,9,0
14011059001,3,25.0,18.041618552668716,0.7216647421067486,17,0,1,0,18,108,41.75999999999999,6,6,0
14121020001,3,38.23809523809524,12.852644715795895,0.3361214682835788,16,0,1,0,18,180,31.139999999999997,3,3,0
14000006001,3,34.04761904761905,30.26132216291316,0.8887940775121347,16,0,1,0,16,144,76.32,16,16,0
14502010001,3,94.66666666666669,52.814139520902295,0.5578958400095313,16,0,1,0,16,384,49.6,4,4,0
14001045001,3,29.952380952380953,17.875894915992852,0.5968104820919712,15,0,1,0,16,128,52.32,8,8,0
14505099001,3,43.42857142857143,31.501700634364852,0.7253681067123485,15,0,1,0,16,192,27.68,4,4,0
14131047001,3,41.142857142857146,25.371806625239984,0.6166758554745829,14,0,1,0,14,168,70.56,7,7,0
14023029001,3,41.23809523809524,23.623938625692293,0.5728668719856098,14,0,1,0,14,168,51.66,14,14,0
14011031001,3,20.857142857142858,19.594095320493143,0.9394429263250138,14,0,1,0,15,90,36.0,5,5,0
14103009001,3,24.571428571428573,12.520269280536375,0.5095458428125269,13,0,1,0,14,112,68.88,7,7,0
14131027001,3,25.761904761904763,19.117805213739267,0.7420959509954244,13,0,1,0,14,112,55.02,7,7,0
14804010001,3,70.0,36.56227564033727,0.5223182234333895,12,0,1,0,16,384,161.28,2,2,0
14011034001,3,29.47619047619047,15.97378805299184,0.5419217271612741,12,0,1,0,12,120,33.599999999999994,6,6,0
14833010001,3,70.42857142857143,40.98728025689363,0.5819694965481853,12,0,1,0,20,480,110.0,2,2,0
14132015001,3,33.57142857142857,16.31738774611742,0.4860498477566891,12,0,1,0,12,144,49.67999999999999,6,6,0
14022019001,3,29.333333333333332,17.3733512407173,0.5922733377517262,12,0,1,0,12,120,19.919999999999998,6,6,0
14000022001,3,27.142857142857142,19.370817520914585,0.7136616981389584,11,0,1,0,12,120,11.879999999999999,2,2,0
14820028001,3,127.61904761904762,72.73271354107187,0.5699205165531751,11,0,1,0,12,576,140.88,3,3,0
14020053001,3,44.0,16.00312469488381,0.3637073794291774,11,0,1,0,12,192,34.44,3,3,0
10001022001,3,55.23809523809524,36.67411179824913,0.663927886002786,10,0,1,0,10,240,138.1,5,5,0
14131025001,3,19.47619047619047,15.58723531489484,0.8003225956302974,10,0,1,0,10,80,48.0,5,5,0
14001049001,3,19.095238095238095,16.096287652451924,0.8429477324226693,10,0,1,0,10,80,31.0,5,5,0
14132031001,3,21.61904761904762,11.37750495704656,0.5262722557224179,8,0,1,0,8,96,32.8,4,4,0
14003029001,3,32.476190476190474,20.373068123429636,0.627323212011763,8,0,1,0,8,144,41.36,4,4,0
14023248001,3,23.19047619047619,11.034577688425813,0.4758236785563492,8,0,1,0,12,144,25.32,2,2,0
14223003001,3,17.857142857142858,11.257378532703404,0.6304131978313906,8,0,1,0,8,80,31.12,2,2,0
14001093001,3,18.333333333333332,19.453363034018903,1.061092529128304,7,0,1,0,7,84,39.9,7,7,0
14001053001,3,20.428571428571427,19.62542083261255,0.960684935862153,7,0,1,0,7,84,38.919999999999995,7,7,0
14023047001,3,19.666666666666668,8.48724533245819,0.4315548474131283,7,0,1,0,8,96,36.0,4,4,0
14820014001,3,71.85714285714286,39.838782253334145,0.5544164528296998,6,0,1,0,8,384,136.48,2,2,0
14204059001,3,16.333333333333332,11.217545780309226,0.6867885171617895,6,0,1,0,8,96,23.12,2,2,0
14203017001,3,58.476190476190474,24.933148713347553,0.4263812076386796,6,0,1,0,6,240,36.36,6,6,0
14222068001,3,12.285714285714286,6.017830648521585,0.4898234248796638,5,0,1,0,6,60,16.799999999999997,1,1,0
14000033001,3,10.095238095238097,7.388536809847819,0.7318833632396425,4,0,1,0,4,48,10.4,1,1,0
14222072001,3,9.714285714285714,7.843104341667636,0.8073783881128449,4,0,1,0,6,60,16.799999999999997,1,1,0
14520065001,3,36.666666666666664,16.202880402364677,0.4418967382463094,2,0,1,0,2,192,12.4,1,1,0
12201083001,1,244.0,697.3882706211799,2.858148650086803,976,0,1,0,1050,1050,210.0,14,14,0
12201042001,1,203.42857142857144,220.01194772752032,1.081519405963934,814,0,1,0,825,825,165.0,11,11,0
12210024001,1,77.85714285714286,94.38712079213228,1.212311643201699,312,0,1,0,360,360,72.0,6,6,0
12200017001,1,73.71428571428571,73.61055824889718,0.9985928444617836,295,0,1,0,300,300,60.0,4,4,0
12201896001,1,59.04761904761905,69.0582914576347,1.1695355811373618,237,0,1,0,240,240,48.0,4,4,0
14510107001,1,36.142857142857146,23.199753693273795,0.6418904183909745,145,0,1,0,168,168,420.0,7,7,0
14510258001,1,32.0,15.414279094398154,0.4816962216999423,128,0,1,0,144,144,432.0,6,6,0
12220015001,1,31.142857142857142,17.292442610243686,0.5552619186775496,125,0,1,0,128,128,128.0,32,32,0
12201051001,1,29.047619047619047,22.339373738930533,0.7690604074058053,117,0,1,0,150,150,30.0,2,2,0
14510004001,1,24.285714285714285,17.49612201930147,0.720428553735943,98,0,1,0,120,120,360.0,5,5,0
12202007001,1,21.952380952380953,15.72410948345308,0.7162826445824614,88,0,1,0,88,88,88.0,22,22,0
10002992001,1,21.61904761904762,16.399622527595536,0.7585728481927451,87,0,1,0,88,88,551.76,11,11,0
14510041001,1,21.61904761904762,27.652262458027177,1.2790694088514771,87,0,1,0,96,96,192.0,4,4,0
10040003001,1,244.57142857142856,273.20698589687845,1.1170846385970497,82,0,1,0,82,984,1582.6000000000001,41,41,0
14510139001,1,17.047619047619047,6.484413546930751,0.3803706270545972,69,0,1,0,72,72,648.0,3,3,0
10040048001,1,131.85714285714286,343.2533008893411,2.6032211335052957,66,0,1,0,66,528,1122.0,33,33,0
14510007001,1,13.904761904761903,15.45931680865866,1.1118001814446297,56,0,1,0,72,72,108.0,3,3,0
12221009001,1,13.61904761904762,5.783391656080284,0.4246546320898111,55,0,1,0,100,100,20.0,2,2,0
14511056001,1,13.19047619047619,9.54787435830116,0.7238460704849254,53,0,1,0,72,72,180.0,3,3,0
14510033001,1,13.142857142857142,9.727721800533333,0.7401527456927535,53,0,1,0,72,72,216.0,3,3,0
14311112001,1,11.238095238095235,15.84898975299297,1.4102914610714086,45,0,1,0,48,48,62.400000000000006,4,4,0
10021012001,1,261.14285714285717,291.38398818642827,1.115803018219364,44,0,1,0,48,1152,420.96,8,8,0
14510109001,1,10.523809523809524,9.02008341213676,0.8571119984383346,43,0,1,0,48,48,134.39999999999998,2,2,0
14511052001,1,10.666666666666666,7.438637868140465,0.6973723001381686,43,0,1,0,48,48,48.0,2,2,0
10040032001,1,239.71428571428572,241.82662029998735,1.008811884445716,40,0,1,0,42,1008,386.4,7,7,0
14111039001,1,9.857142857142858,10.36477551269546,1.051498965056061,40,0,1,0,40,40,40.0,2,2,0
14130010001,1,9.904761904761903,8.030596253733355,0.8107813525403869,40,0,1,0,48,48,38.400000000000006,4,4,0
10040023001,1,188.95238095238096,105.27605434783172,0.5571565376271336,38,0,1,0,38,760,702.24,19,19,0
12220013001,1,8.619047619047619,5.093880549013596,0.5910027156314117,35,0,1,0,36,36,36.0,9,9,0
10034014001,1,206.0,142.12951839783318,0.6899491184360834,35,0,1,0,36,864,283.32,4,4,0
14510069001,1,8.666666666666666,5.369667897862338,0.6195770651379621,35,0,1,0,48,48,120.0,2,2,0
10031017001,1,205.71428571428572,113.22594351876378,0.5504038921051017,35,0,1,0,40,960,312.8,5,5,0
15020046001,1,201.0952380952381,179.22050796767226,0.8912220382005961,34,0,1,0,36,864,188.28000000000003,3,3,0
14510100001,1,8.095238095238095,7.822434160188003,0.9663006903761652,33,0,1,0,48,48,72.0,2,2,0
14021021001,1,7.761904761904762,7.771130946681839,1.0011886495725069,32,0,1,0,36,36,29.52,6,6,0
11103136001,1,45.142857142857146,23.0201774847322,0.509940640484574,31,0,1,0,32,192,396.8,16,16,0
14615017001,1,43.714285714285715,17.82454166912254,0.4077509532152215,30,0,1,0,32,192,394.88,8,8,0
15023012001,1,176.04761904761904,172.2058292249354,0.9781775530764522,30,0,1,0,36,864,243.0,3,3,0
14000135001,1,6.904761904761905,13.641498311786584,1.975665272741505,28,0,1,0,30,30,25.2,5,5,0
14510103001,1,6.476190476190476,4.273394992497741,0.659862462076857,26,0,1,0,48,48,288.0,2,2,0
14501053001,1,50.857142857142854,42.81388292865495,0.8418460126420917,26,0,1,0,28,224,65.24000000000001,7,7,0
10032064001,1,154.0,119.824872209404,0.7780835857753506,26,0,1,0,36,864,219.59999999999997,3,3,0
10040041001,1,146.28571428571428,116.32073884615023,0.7951613007061052,25,0,1,0,30,720,264.0,5,5,0
10040020001,1,138.61904761904762,81.31572799309872,0.586612946703907,24,0,1,0,24,576,363.6,12,12,0
10040037001,1,11.80952380952381,7.040021644988371,0.5961308650998217,24,0,1,0,24,48,301.20000000000005,8,8,0
10040033001,1,47.23809523809524,43.81084884124566,0.927447404905402,24,0,1,0,24,192,456.0,12,12,0
14510133001,1,5.619047619047619,5.162133187706323,0.9186847198460406,23,0,1,0,24,24,43.2,1,1,0
11103019001,1,21.238095238095237,19.791171673008044,0.931871311957778,22,0,1,0,22,88,343.2,11,11,0
14311043001,1,5.380952380952381,7.4597331753635165,1.3863220945365826,22,0,1,0,32,32,40.0,2,2,0
10040058001,1,126.57142857142856,114.61263954231724,0.905517468167292,22,0,1,0,22,528,355.74,11,11,0
10033065001,1,64.23809523809524,51.35163557463848,0.7993953647645723,22,0,1,0,22,264,351.34000000000003,11,11,0
10033019001,1,62.714285714285715,31.32114757977884,0.4994260434133299,21,0,1,0,22,264,359.70000000000005,11,11,0
10032011001,1,117.71428571428572,109.25069466925272,0.928100561510642,20,0,1,0,20,480,124.2,2,2,0
11103022001,1,27.80952380952381,21.604673215809232,0.7768803724862908,19,0,1,0,20,120,260.2,10,10,0
10040010001,1,110.28571428571428,81.24354919447012,0.7366643061674751,19,0,1,0,20,480,314.40000000000003,10,10,0
10040022001,1,89.52380952380952,86.39885360791487,0.9650935775352194,18,0,1,0,18,360,329.76,9,9,0
11103090001,1,26.047619047619047,14.448100880310156,0.5546802897376842,18,0,1,0,18,108,230.4,9,9,0
11100001001,1,17.19047619047619,24.91910722240877,1.449587954766161,18,0,1,0,18,72,337.5,9,9,0
10014009001,1,104.57142857142856,63.485881445067314,0.6071054236550153,18,0,1,0,20,480,241.6,5,5,0
14500024001,1,53.714285714285715,55.46272879794399,1.0325508020893828,18,0,1,0,20,240,64.80000000000001,5,5,0
10040018001,1,33.142857142857146,23.635324652489363,0.713134795549248,17,0,1,0,18,144,304.74,9,9,0
10031004001,1,97.71428571428572,74.04400236153018,0.7577602580858351,17,0,1,0,18,432,267.3,9,9,0
11111017001,1,16.80952380952381,10.428897581331633,0.6204160034219951,17,0,1,0,18,72,391.86,9,9,0
10034050001,1,100.0,121.55492585658553,1.2155492585658552,17,0,1,0,18,432,153.0,3,3,0
15023017001,1,98.0,126.70280186325796,1.2928857332985504,17,0,1,0,24,576,157.68,2,2,0
14500067001,1,93.33333333333331,88.84443332777431,0.951904642797582,16,0,1,0,18,432,66.96000000000001,6,6,0
10033056001,1,92.1904761904762,100.00380945124994,1.0847520653286409,16,0,1,0,16,384,232.8,4,4,0
10002040001,1,23.47619047619047,30.009363618076023,1.2782893224738263,16,0,1,0,16,96,209.6,8,8,0
10034039001,1,95.42857142857144,67.15993703732265,0.7037717953012852,16,0,1,0,18,432,142.20000000000002,2,2,0
10001005001,1,91.71428571428572,85.13115931146648,0.928221363209136,16,0,1,0,16,384,145.76,2,2,0
11103137001,1,23.0,46.156256347325225,2.0067937542315315,16,0,1,0,16,96,197.76,8,8,0
10041085001,1,92.1904761904762,99.37787432201348,1.0779624797325842,16,0,1,0,16,384,225.44,8,8,0
10014032001,1,91.42857142857144,108.49726790503594,1.1866888677113303,16,0,1,0,18,432,141.84,2,2,0
14620907001,1,23.0,12.489995996796797,0.5430433042085564,16,0,1,0,16,96,195.52,4,4,0
10022030001,1,95.42857142857144,59.21196790225049,0.6204846935864572,16,0,1,0,16,384,104.48,2,2,0
10035017001,1,86.0952380952381,55.3768044960205,0.643204034522362,15,0,1,0,16,384,233.6,8,8,0
10030018001,1,29.142857142857142,24.31724843456947,0.8344153874607172,15,0,1,0,16,128,283.52,8,8,0
10032055001,1,86.57142857142857,60.93978292426995,0.7039248852638443,15,0,1,0,18,432,156.6,2,2,0
15022017001,1,88.28571428571429,71.60247401950777,0.8110312591206381,15,0,1,0,24,576,127.19999999999999,2,2,0
14502054001,1,27.047619047619047,24.95290802787561,0.9225546982137108,14,0,1,0,16,128,38.24,4,4,0
11103050001,1,20.19047619047619,17.631276322544117,0.8732471763524209,14,0,1,0,14,84,183.67999999999998,7,7,0
15021003001,1,83.42857142857143,117.12923265716866,1.4039462818496242,14,0,1,0,24,576,127.92,2,2,0
10030012001,1,27.761904761904763,22.65591481689663,0.8160792644165167,14,0,1,0,14,112,238.83999999999997,7,7,0
14103155001,1,3.1904761904761907,3.2652572275250784,1.0234388325078605,13,0,1,0,16,16,4.16,4,4,0
14805004001,1,76.85714285714286,65.2213812444092,0.8486053321763278,13,0,1,0,16,384,128.96,2,2,0
14504055001,1,93.57142857142856,59.54290170001075,0.6363363540459165,13,0,1,0,16,480,50.08,4,4,0
10033049001,1,25.52380952380953,26.4662408505988,1.0369236154152517,13,0,1,0,14,112,240.24,7,7,0
10021017001,1,77.33333333333333,56.21862087719098,0.7269649251360903,13,0,1,0,16,384,257.28,4,4,0
12201897001,1,2.761904761904762,2.488066757640597,0.9008517570767678,12,0,1,0,60,60,30.0,1,1,0
41522003001,1,2.761904761904762,4.36926494853267,1.5819752399859666,12,0,1,0,12,12,52.800000000000004,12,12,0
10014113001,1,71.71428571428571,43.327985017933685,0.6041750898915056,12,0,1,0,12,288,104.39999999999999,2,2,0
10032001001,1,34.857142857142854,48.73016079830408,1.397996416344789,12,0,1,0,12,144,195.84,6,6,0
10041002001,1,71.28571428571429,50.56791755366525,0.7093695849211556,12,0,1,0,12,288,164.16,3,3,0
11103070001,1,17.761904761904763,9.873726560446984,0.5558934524648435,12,0,1,0,12,72,153.96,6,6,0
14510148001,1,2.6666666666666665,2.3523038352503134,0.8821139382188675,11,0,1,0,24,24,52.800000000000004,1,1,0
14506056001,1,10.142857142857142,5.284748946598261,0.5210315862843355,11,0,1,0,12,48,112.80000000000001,2,2,0
14833024001,1,60.857142857142854,44.153466131534586,0.7255264387810848,11,0,1,0,20,480,101.6,2,2,0
10035006001,1,65.71428571428571,49.092914821940305,0.7470660951164829,11,0,1,0,12,288,80.76,1,1,0
10303002001,1,64.71428571428571,67.97289375710207,1.0503537666660363,11,0,1,0,16,384,141.92,2,2,0
11050004001,1,9.38095238095238,6.5610684379618425,0.6994032345035466,10,0,1,0,12,48,148.44,3,3,0
10012006001,1,58.0,49.16096012081131,0.8476027607036433,10,0,1,0,24,576,81.6,1,1,0
14830069001,1,55.0,33.384127965247195,0.6069841448226763,10,0,1,0,12,288,44.160000000000004,1,1,0
14204041001,1,24.761904761904763,10.940314263789508,0.4418203837299609,10,0,1,0,12,120,25.56,3,3,0
11103134001,1,9.285714285714286,10.479231160456656,1.1285325865107163,10,0,1,0,10,40,136.0,5,5,0
14505021001,1,70.42857142857143,37.294197174053,0.52953221139629,10,0,1,0,12,360,45.480000000000004,3,3,0
14104042001,1,11.904761904761903,5.70004177094135,0.4788035087590733,10,0,1,0,12,60,28.08,3,3,0
10024010001,1,54.0,66.27216610312357,1.227262335243029,9,0,1,0,12,288,106.80000000000001,2,2,0
14621041001,1,25.0,16.748134224444225,0.669925368977769,9,0,1,0,10,120,159.9,5,5,0
14504001001,1,61.904761904761905,40.38799916052386,0.6524215249007701,9,0,1,0,12,360,37.2,3,3,0
10020015001,1,52.0,48.719605909736174,0.9369154982641572,9,0,1,0,10,240,72.1,1,1,0
14615084001,1,12.428571428571429,9.447599846370656,0.7601517117769493,9,0,1,0,10,60,142.20000000000002,5,5,0
14001017001,1,22.285714285714285,11.988089327089856,0.5379270851899295,9,0,1,0,9,90,43.199999999999996,9,9,0
10022008001,1,46.095238095238095,58.12564387764213,1.2609902080893438,8,0,1,0,12,288,92.88,2,2,0
14011030001,1,23.0,51.128270066568845,2.222968263763863,8,0,1,0,8,96,36.0,8,8,0
10030019001,1,42.285714285714285,48.53982164897483,1.1479011876446752,8,0,1,0,8,192,124.8,4,4,0
12011033001,1,11.61904761904762,13.162356135875486,1.132825733005677,8,0,1,0,8,48,108.08,4,4,0
14000027001,1,8.761904761904763,8.34209063667353,0.9520864313594788,8,0,1,0,8,40,22.0,4,4,0
10030016001,1,47.42857142857143,48.137897158653935,1.0149556629836674,8,0,1,0,8,192,111.344,4,4,0
14121115001,1,17.61904761904762,17.439828526898395,0.9898281055807197,8,0,1,0,8,80,24.8,2,2,0
14504002001,1,56.666666666666664,70.43318346726444,1.2429385317752548,8,0,1,0,8,240,32.4,2,2,0
14111036001,1,10.523809523809524,10.161786494603431,0.9655996216591498,8,0,1,0,8,48,50.32,4,4,0
14020006001,1,10.761904761904765,5.85580704860365,0.5441236638083038,8,0,1,0,8,48,20.4,4,4,0
10002071001,1,43.80952380952381,23.029587594264576,0.5256753689995175,8,0,1,0,8,192,127.6,4,4,0
10030005001,1,23.0,19.362334569984064,0.841840633477568,8,0,1,0,8,96,154.96,4,4,0
14361106001,1,22.0,10.554619841567009,0.4797554473439549,8,0,1,0,8,96,41.52,4,4,0
14130001001,1,14.857142857142858,11.42928569196568,0.7692788446515362,8,0,1,0,8,64,32.88,4,4,0
10031012001,1,46.857142857142854,91.4080334075106,1.9507812007700431,8,0,1,0,8,192,136.0,4,4,0
10041032001,1,36.57142857142857,23.36786560336957,0.6389650750921367,7,0,1,0,8,192,102.56,4,4,0
12011168001,1,9.047619047619047,7.51981509397798,0.831137457755461,7,0,1,0,8,48,106.0,4,4,0
14805005001,1,36.57142857142857,16.853994863448335,0.4608514220474154,7,0,1,0,12,288,119.16,2,2,0
14001052001,1,20.714285714285715,15.063674376269748,0.7272118664406084,7,0,1,0,8,96,31.6,4,4,0
10002072001,1,9.19047619047619,10.452841946662389,1.1373558594814,7,0,1,0,8,48,106.4,2,2,0
14244021001,1,18.52380952380953,11.80092813137614,0.6370680996372723,7,0,1,0,7,84,22.61,7,7,0
14616006001,1,20.761904761904763,13.634165768043024,0.6566914704791365,7,0,1,0,8,96,93.12,2,2,0
14361101001,1,20.52380952380953,12.952293417071154,0.6310862221774808,7,0,1,0,8,96,35.36,4,4,0
14504008001,1,47.142857142857146,33.45038970518238,0.7095537210190201,7,0,1,0,8,240,26.48,2,2,0
11103375001,1,9.333333333333334,4.575295983139598,0.490210283907814,7,0,1,0,8,48,102.96,4,4,0
14131081001,1,15.952380952380953,12.026953855720036,0.7539284506570769,6,0,1,0,6,72,32.099999999999994,3,3,0
14361099001,1,17.0,11.216059914247962,0.6597682302498802,6,0,1,0,6,72,29.160000000000004,3,3,0
10020002001,1,35.857142857142854,30.052097621107436,0.8381063081583747,6,0,1,0,9,216,86.39999999999999,1,1,0
11040035001,1,15.80952380952381,8.237833742065007,0.5210677969378468,6,0,1,0,6,72,61.199999999999996,3,3,0
14244017001,1,12.761904761904765,13.692716172859065,1.0729367150374638,6,0,1,0,6,60,26.099999999999998,6,6,0
14130009001,1,10.095238095238097,7.980631315283034,0.7905342340610553,6,0,1,0,6,48,28.799999999999997,3,3,0
14000010001,1,7.380952380952381,6.7117523082738275,0.9093341837016152,6,0,1,0,6,30,17.46,3,3,0
11070007001,1,32.61904761904762,90.2731832774696,2.76749904938228,6,0,1,0,6,144,69.0,3,3,0
10002942001,1,31.142857142857142,24.928469095164495,0.8004554296612453,6,0,1,0,8,192,71.28,1,1,0
10021010001,1,33.142857142857146,26.17305047999891,0.7897041093103119,6,0,1,0,6,144,93.6,3,3,0
11050017001,1,5.238095238095238,3.448256978601825,0.658303605005803,6,0,1,0,8,32,99.6,2,2,0
14330010001,1,8.380952380952381,4.954555383444517,0.5911685400700843,6,0,1,0,6,36,97.32,3,3,0
10035003001,1,16.476190476190474,18.233537911275057,1.1066598154242089,6,0,1,0,6,72,117.72,3,3,0
14204061001,1,15.61904761904762,8.182152470323382,0.5238573227950946,6,0,1,0,6,72,9.06,6,6,0
11111011001,1,7.571428571428571,5.143650732421755,0.6793500967349488,6,0,1,0,6,36,66.30000000000001,3,3,0
14831022001,1,30.285714285714285,14.163837252463956,0.4676738715436212,6,0,1,0,12,288,44.808,1,1,0
10033003001,1,32.95238095238095,59.77162888066226,1.8138789111183635,6,0,1,0,6,144,95.69999999999999,3,3,0
10041006001,1,34.476190476190474,51.82240736169928,1.5031361251321615,6,0,1,0,8,192,102.8,2,2,0
14830002001,1,33.57142857142857,38.92630399687521,1.1595069275664958,6,0,1,0,12,288,43.44,1,1,0
14504028001,1,42.142857142857146,47.94714351688296,1.1377288292141718,6,0,1,0,8,240,26.56,2,2,0
14010094001,1,8.761904761904763,5.476356105155707,0.6250189033058143,6,0,1,0,6,36,15.419999999999998,1,1,0
14851063001,1,8.047619047619047,7.539736006493798,0.9368902729962708,6,0,1,0,6,36,58.86,3,3,0
14500006001,1,30.666666666666668,23.776739333502675,0.7753284565272611,6,0,1,0,8,192,28.48,2,2,0
14502020001,1,35.476190476190474,43.55757000524599,1.227797275315659,5,0,1,0,6,180,16.68,1,1,0
14851072001,1,6.190476190476191,5.4737468668093126,0.8842206477153505,5,0,1,0,6,36,58.67999999999999,3,3,0
14130016001,1,13.571428571428571,8.5707142559499,0.6315263135963084,5,0,1,0,6,72,26.82,3,3,0
14502047001,1,32.38095238095238,43.520657382990194,1.3440203015335208,5,0,1,0,8,240,24.72,2,2,0
14102009001,1,8.333333333333334,4.76794854558366,0.5721538254700391,5,0,1,0,5,40,35.98,5,5,0
14244020001,1,66.42857142857143,46.0473358931561,0.6931857016174037,5,0,1,0,6,360,16.799999999999997,3,3,0
14503002001,1,30.714285714285715,15.434192097880787,0.5025085799310024,5,0,1,0,8,240,25.04,2,2,0
10012907001,1,26.0,33.85262175962151,1.3020239138315968,5,0,1,0,12,288,64.08,1,1,0
14502002001,1,33.095238095238095,26.574244602443105,0.8029627865486405,5,0,1,0,8,240,24.96,2,2,0
10030045001,1,28.0,31.5974682530104,1.1284810090360855,5,0,1,0,6,144,85.44,3,3,0
14121136001,1,12.952380952380953,14.42038900472588,1.113338856982513,5,0,1,0,6,72,22.080000000000002,3,3,0
15021060001,1,29.428571428571427,26.89344051729237,0.9138547748594494,5,0,1,0,15,360,79.5,1,1,0
14022029001,1,7.0476190476190474,5.426566045633191,0.769985722691196,5,0,1,0,6,36,10.26,3,3,0
14023295001,1,6.333333333333333,5.597618541248889,0.8838345065129826,5,0,1,0,6,36,7.4399999999999995,3,3,0
11040006001,1,14.61904761904762,8.53508166613648,0.5838329478464693,5,0,1,0,6,72,64.38,3,3,0
14105102001,1,12.238095238095235,11.099120514278423,0.9069320264585484,5,0,1,0,6,72,26.52,3,3,0
14130017001,1,13.904761904761903,10.681314347517173,0.7681767167734953,5,0,1,0,6,72,26.82,3,3,0
14222142001,1,10.666666666666666,7.538788585265761,0.7067614298686651,5,0,1,0,6,60,51.17999999999999,3,3,0
12000178001,1,12.476190476190476,7.068373558457756,0.5665490256779118,5,0,1,0,8,96,83.6,2,2,0
15022015001,1,25.714285714285715,23.171410956484408,0.9011104260855048,5,0,1,0,8,192,50.32,1,1,0
11040010001,1,13.428571428571429,7.645727098003358,0.5693626562342926,5,0,1,0,8,96,68.8,2,2,0
14011006001,1,12.476190476190476,6.5316081298486335,0.5235258424687836,5,0,1,0,5,60,10.149999999999999,5,5,0
14501037001,1,14.666666666666666,11.896778275370746,0.8111439733207327,5,0,1,0,6,72,17.04,1,1,0
10002025001,1,14.761904761904765,13.122136875923683,0.8889189496593464,5,0,1,0,6,72,97.19999999999999,3,3,0
11103179001,1,0.9523809523809524,1.395571226279421,1.4653497875933923,4,0,1,0,108,108,21.6,1,1,0
14612075001,1,5.428571428571429,7.632636691022497,1.40601202203046,4,0,1,0,4,24,46.8,1,1,0
14132003001,1,8.095238095238095,7.582247436642792,0.9366305657029332,4,0,1,0,4,40,13.72,2,2,0
14001060001,1,11.142857142857142,14.947527268032376,1.3414447548234183,4,0,1,0,8,96,16.8,1,1,0
14100021001,1,7.666666666666667,7.247988226627672,0.9453897686905658,4,0,1,0,4,40,15.52,2,2,0
12000059001,1,5.666666666666667,6.980926395066298,1.2319281873646408,4,0,1,0,4,24,53.448,2,2,0
14100012001,1,9.476190476190476,8.600110741258206,0.9075493747056398,4,0,1,0,4,48,19.6,2,2,0
14111002001,1,5.333333333333333,3.9412350010286543,0.7389815626928727,4,0,1,0,4,24,9.48,1,1,0
15022009001,1,21.428571428571427,17.653813833196008,0.823844645549147,4,0,1,0,8,192,51.2,1,1,0
15021005001,1,20.0,18.81488772222678,0.9407443861113388,4,0,1,0,8,192,50.48,1,1,0
14222114001,1,7.857142857142857,4.114434521118476,0.523655302687806,4,0,1,0,6,60,17.4,1,1,0
11110085001,1,5.0,5.049752469181039,1.0099504938362078,4,0,1,0,4,24,48.12,1,1,0
14811007001,1,7.238095238095238,6.707494032086514,0.9266932544330052,4,0,1,0,4,32,46.96,1,1,0
14509008001,1,11.285714285714286,7.149425551349263,0.6334934032841119,4,0,1,0,4,48,24.8,2,2,0
14020014001,1,8.0,6.978538528947161,0.8723173161183951,4,0,1,0,4,40,4.76,2,2,0
14361100001,1,10.904761904761903,9.010575796833198,0.826297343814398,4,0,1,0,4,48,19.44,2,2,0
14112054001,1,8.380952380952381,5.669887040111033,0.6765206127405209,4,0,1,0,4,40,12.04,2,2,0
12102140001,1,9.047619047619047,4.54396512394396,0.5022277242253851,4,0,1,0,8,96,20.4,1,1,0
14506002001,1,6.142857142857143,4.040862708453657,0.6578148595157116,4,0,1,0,4,32,22.64,2,2,0
14103018001,1,8.80952380952381,7.941152609155975,0.9014281340122998,4,0,1,0,4,40,13.76,2,2,0
14242012001,1,8.523809523809524,5.8362577703443455,0.684700632275035,4,0,1,0,4,40,13.032,1,1,0
14133030001,1,9.952380952380953,5.103686809319225,0.51281063634308,4,0,1,0,4,48,10.6,2,2,0
31533008001,1,11.571428571428571,5.929345904662914,0.5124126090449432,4,0,1,0,6,90,47.22,1,1,0
14620062001,1,11.571428571428571,12.831879942438007,1.1089278962600748,4,0,1,0,4,48,62.2,2,2,0
14506084001,1,4.904761904761905,6.662617818130963,1.358397807580099,4,0,1,0,10,60,66.6,1,1,0
14014011001,1,10.238095238095235,10.00951927869047,0.9776739760581392,4,0,1,0,4,48,9.2,2,2,0
14621013001,1,8.142857142857142,10.403296180950123,1.27759777660791,3,0,1,0,4,48,64.0,2,2,0
14832012001,1,25.285714285714285,17.01218051027809,0.6727980992765347,3,0,1,0,4,192,59.84,1,1,0
14830045001,1,12.428571428571429,8.176621726430962,0.6578891044254798,3,0,1,0,10,240,53.9,1,1,0
11103237001,1,1.619047619047619,2.2243244025139517,1.3738474250821466,3,0,1,0,4,12,45.4,2,2,0
14804016001,1,18.0,19.98999749874922,1.1105554165971787,3,0,1,0,6,144,58.800000000000004,1,1,0
14502016001,1,19.285714285714285,27.216066683381815,1.4112034576568349,3,0,1,0,4,120,14.52,1,1,0
14601026001,1,8.619047619047619,5.258100326887939,0.6100558390311973,3,0,1,0,4,48,26.0,1,1,0
10011008001,1,7.476190476190476,5.173190965149534,0.6919554794149058,3,0,1,0,4,40,45.52,1,1,0
14506090001,1,7.476190476190476,5.163516704911951,0.6906614700837641,3,0,1,0,4,48,25.6,2,2,0
10052020001,1,7.714285714285714,5.693354522097295,0.7380274380496494,3,0,1,0,4,48,49.36,1,1,0
14023252001,1,4.619047619047619,3.721238912999143,0.8056290430204331,3,0,1,0,3,24,11.64,3,3,0
31533005001,1,6.571428571428571,4.728334046695819,0.7195290940624073,3,0,1,0,6,72,74.28,1,1,0
14000041001,1,7.476190476190476,7.110689471626839,0.9511113305997684,3,0,1,0,4,48,13.84,2,2,0
14011011001,1,6.428571428571429,5.065288032989127,0.7879336940205308,3,0,1,0,4,48,6.36,2,2,0
14010072001,1,7.190476190476191,6.360967281939498,0.8846378339121156,3,0,1,0,3,36,11.43,3,3,0
14222046001,1,6.476190476190476,4.86435039464724,0.7511129285852356,3,0,1,0,4,40,14.76,1,1,0
14630016001,1,8.333333333333334,6.762642481555071,0.8115170977866084,3,0,1,0,8,96,55.6,1,1,0
14010079001,1,7.714285714285714,4.95119033306999,0.6418209691016653,3,0,1,0,4,48,4.64,1,1,0
14833003001,1,14.0,10.578279633286312,0.7555914023775937,3,0,1,0,12,288,43.2,1,1,0
14132157001,1,7.142857142857143,10.88708277862217,1.5241915890071038,3,0,1,0,4,48,16.52,2,2,0
14100001001,1,7.095238095238095,4.836370146140201,0.6816360608653975,3,0,1,0,4,48,26.0,2,2,0
12120052001,1,20.952380952380953,18.7149036611899,0.8932113111022453,3,0,1,0,4,144,16.0,2,2,0
14022003001,1,6.761904761904762,6.9275158744297505,1.0244917842466532,3,0,1,0,4,48,7.84,2,2,0
14130042001,1,8.80952380952381,7.480768995357681,0.849168372446007,3,0,1,0,4,48,18.4,2,2,0
11050011001,1,7.0476190476190474,10.442586798663395,1.481718397107644,3,0,1,0,4,48,44.88,1,1,0
14010149001,1,8.476190476190476,4.238148742305391,0.5000063122944562,3,0,1,0,4,64,8.48,2,2,0
14023115001,1,3.7142857142857144,2.6295029405356662,0.707943099374987,3,0,1,0,4,24,5.24,2,2,0
11070001001,1,12.761904761904765,9.8889067237221,0.7748770193961347,3,0,1,0,4,96,53.2,2,2,0
14120020001,1,6.571428571428571,4.38829612231705,0.6677841925265077,3,0,1,0,4,48,21.68,1,1,0
31500006001,1,12.047619047619047,9.682335412885626,0.8036721093699531,3,0,1,0,3,72,32.55,1,1,0
14242011001,1,10.0,9.126883367283709,0.9126883367283708,3,0,1,0,4,60,29.48,2,2,0
14833072001,1,4.095238095238095,7.986894026495919,1.950288076237376,3,0,1,0,6,48,14.687999999999999,1,1,0
14204010001,1,21.19047619047619,62.026300105373885,2.9270838251974194,3,0,1,0,4,120,6.48,1,1,0
14011051001,1,8.714285714285714,10.070466012766524,1.1556272473666505,3,0,1,0,4,48,6.04,2,2,0
14500032001,1,20.714285714285715,14.68721504282843,0.7090379675848207,3,0,1,0,4,120,12.72,1,1,0
14112021001,1,6.571428571428571,4.79136127391192,0.7291201938561618,3,0,1,0,4,40,12.12,2,2,0
10020008001,1,12.952380952380953,22.3035337793727,1.7219640050250982,3,0,1,0,4,96,55.6,1,1,0
14503034001,1,24.285714285714285,14.167366929471608,0.583362167684125,3,0,1,0,4,160,22.28,2,2,0
14105129001,1,5.380952380952381,4.3298520814941295,0.8046627762068735,3,0,1,0,3,27,6.84,1,1,0
14243058001,1,6.380952380952381,5.554063291646851,0.870412903914805,3,0,1,0,8,96,17.92,1,1,0
14101004001,1,6.0476190476190474,4.499735441958677,0.7440507423711199,3,0,1,0,4,48,32.4,2,2,0
14020008001,1,7.095238095238095,5.06857733397412,0.7143632484124599,3,0,1,0,4,48,3.88,2,2,0
11050020001,1,6.523809523809524,4.955996848455895,0.7596783490333854,3,0,1,0,4,48,41.68,2,2,0
14010187001,1,9.285714285714286,5.051166767617727,0.5439718057434475,3,0,1,0,4,64,8.84,2,2,0
14121173001,1,6.571428571428571,3.956910771946072,0.602138595730924,3,0,1,0,4,48,10.36,1,1,0
14203078001,1,11.38095238095238,4.188987830922769,0.3680700604576491,3,0,1,0,3,60,13.71,3,3,0
14610004001,1,8.666666666666666,16.680327734590026,1.9246532001450032,3,0,1,0,4,48,30.0,1,1,0
14103030001,1,7.809523809523809,5.2117084302467225,0.6673529087511048,3,0,1,0,4,60,17.84,2,2,0
14830011001,1,13.142857142857142,6.740072064048828,0.5128315700906717,3,0,1,0,10,240,57.9,1,1,0
14831011001,1,32.42857142857143,24.19828801500517,0.7462027141191021,3,0,1,0,6,288,46.26,1,1,0
10030021001,1,14.476190476190476,26.305168784136413,1.817133369956792,3,0,1,0,4,96,63.048,2,2,0
10023892001,1,1.1428571428571428,1.1952286093343938,1.045825033167595,2,0,1,0,2,8,18.76,1,1,0
14501938001,1,5.428571428571429,7.801098823700598,1.4370445201553732,2,0,1,0,4,48,13.0,1,1,0
11032037001,1,6.333333333333333,6.036003092554984,0.9530531198771028,2,0,1,0,2,48,30.62,1,1,0
14222095001,1,4.619047619047619,4.18898783092277,0.9068942726740018,2,0,1,0,6,60,17.46,1,1,0
14331022001,1,1.619047619047619,1.2440333788202982,0.7683735575066547,2,0,1,0,2,12,23.6,1,1,0
14121004001,1,3.0952380952380953,3.4914862437758782,1.1280186326045143,2,0,1,0,2,20,6.42,1,1,0
14204062001,1,4.904761904761905,4.32324833782148,0.8814389814975832,2,0,1,0,2,24,3.18,1,1,0
14020019001,1,1.619047619047619,1.6874889770363086,1.0422726034636025,2,0,1,0,2,12,2.68,1,1,0
14243043001,1,3.238095238095238,3.0806616481652433,0.9513808031098544,2,0,1,0,3,36,8.459999999999999,1,1,0
31473013001,1,7.142857142857143,6.53670952609732,0.9151393336536248,2,0,1,0,2,48,18.26,1,1,0
14131121001,1,6.0,6.395310782127793,1.0658851303546322,2,0,1,0,2,24,9.66,1,1,0
14370054001,1,3.238095238095238,5.262174093516499,1.6250831759389188,2,0,1,0,4,48,40.92,1,1,0
14506139001,1,3.047619047619047,2.4181850730701004,0.7934669771011268,2,0,1,0,2,24,31.86,2,2,0
14616019001,1,2.0,2.1447610589527217,1.0723805294763609,2,0,1,0,2,12,41.56,2,2,0
12123086001,1,9.714285714285714,5.992852886087369,0.6169113265089939,2,0,1,0,2,48,6.04,1,1,0
12123015001,1,4.190476190476191,3.9448580154303095,0.9413865718640512,2,0,1,0,2,24,2.892,1,1,0
14811006001,1,9.238095238095235,10.2318364036216,1.1075699199796578,2,0,1,0,4,96,48.84,1,1,0
14001019001,1,3.3333333333333335,4.385582439463809,1.3156747318391426,2,0,1,0,2,20,9.4,2,2,0
14361114001,1,3.857142857142857,8.088792952509753,2.0970944691691953,2,0,1,0,2,24,21.98,1,1,0
14102115001,1,3.3333333333333335,3.055050463303893,0.916515138991168,2,0,1,0,2,24,8.956,1,1,0
14508017001,1,4.0476190476190474,7.466432819467342,1.8446481083389905,2,0,1,0,2,24,5.8,1,1,0
12010137001,1,3.4285714285714284,4.319391491534757,1.2598225183643044,2,0,1,0,2,24,19.8,1,1,0
14202021001,1,3.047619047619047,2.957637409761218,0.9704747750778996,2,0,1,0,6,72,12.96,1,1,0
14613024001,1,2.4761904761904763,2.9089353313376973,1.174762345347916,2,0,1,0,4,24,47.96,1,1,0
14023034001,1,3.0,2.4083189157584592,0.8027729719194864,2,0,1,0,2,12,2.66,1,1,0
11050012001,1,4.238095238095238,4.023739080814783,0.9494215808664096,2,0,1,0,2,24,21.04,1,1,0
14023003001,1,4.9523809523809526,4.067876478903833,0.821398135163274,2,0,1,0,2,24,3.5,2,2,0
14351034001,1,2.5714285714285716,5.784214973282273,2.249416934054217,2,0,1,0,2,18,8.6,1,1,0
14506070001,1,3.9047619047619047,2.981690156685666,0.7636035767121828,2,0,1,0,2,24,14.56,1,1,0
14200047001,1,2.857142857142857,3.070597894314954,1.0747092630102335,2,0,1,0,6,60,22.62,1,1,0
14104085001,1,6.809523809523809,5.801888034244091,0.852025515518363,2,0,1,0,2,36,13.8,1,1,0
14243044001,1,4.666666666666667,4.586211217697385,0.9827595466494397,2,0,1,0,8,96,20.4,1,1,0
14615108001,1,3.5238095238095237,5.446274392821644,1.5455643547196558,2,0,1,0,8,96,54.48,1,1,0
14616054001,1,3.5238095238095237,3.6141257258021287,1.025630273538442,2,0,1,0,4,48,49.12,1,1,0
14830007001,1,8.857142857142858,10.626785564250904,1.1997983701573602,2,0,1,0,10,240,58.7,1,1,0
14506066001,1,4.238095238095238,2.142539659020619,0.5055430656116068,2,0,1,0,16,192,64.0,1,1,0
14011044001,1,4.761904761904762,3.819748184170809,0.8021471186758699,2,0,1,0,2,24,3.1,1,1,0
14700026001,1,4.238095238095238,4.146139914483855,0.9783026764512466,2,0,1,0,4,48,20.8,1,1,0
14242131001,1,4.428571428571429,3.457910186390453,0.7808184291849409,2,0,1,0,8,80,15.36,1,1,0
14204071001,1,10.285714285714286,6.783383058200806,0.6594955751028561,2,0,1,0,2,48,3.68,1,1,0
14001009001,1,11.571428571428571,10.127050057007857,0.8751771654204321,2,0,1,0,2,48,9.42,2,2,0
14022118001,1,4.095238095238095,3.700064349504775,0.9035040853441894,2,0,1,0,2,24,7.0,2,2,0
14121090001,1,7.238095238095238,5.769789960689747,0.7971420340426624,2,0,1,0,2,32,12.2,2,2,0
14204083001,1,5.571428571428571,6.013080978761458,1.0792709449059028,2,0,1,0,4,80,7.48,1,1,0
14003054001,1,5.761904761904762,4.206004777752421,0.7299677713454614,2,0,1,0,2,24,9.44,1,1,0
14111132001,1,9.714285714285714,8.013381665332414,0.8249069361371604,2,0,1,0,3,60,15.600000000000001,1,1,0
14204132001,1,5.523809523809524,5.482873768554658,0.992589216721102,2,0,1,0,4,80,9.64,1,1,0
14120045001,1,4.904761904761905,6.700035536508459,1.366026662783278,2,0,1,0,2,24,7.5,1,1,0
14001018001,1,8.380952380952381,8.249098074796969,0.9842673839246384,2,0,1,0,2,48,9.0,2,2,0
14203001001,1,7.142857142857143,4.102264183176338,0.5743169856446873,2,0,1,0,3,60,12.0,1,1,0
14370002001,1,6.904761904761905,7.502697927444246,1.0865976308712355,2,0,1,0,3,60,62.91,1,1,0
14244058001,1,5.428571428571429,5.201648090475062,0.9581983324559324,2,0,1,0,3,36,8.459999999999999,1,1,0
14613900001,1,7.238095238095238,9.71032832557562,1.3415585186650525,2,0,1,0,4,96,38.8,1,1,0
14620114001,1,3.5238095238095237,4.130605858939432,1.172198959969298,2,0,1,0,4,48,59.92,1,1,0
12123057001,1,8.857142857142858,6.791801780718533,0.7668163300811246,2,0,1,0,2,36,11.58,2,2,0
14361162001,1,3.047619047619047,4.8422741607243855,1.588871208987689,2,0,1,0,2,24,8.56,1,1,0
14022002001,1,5.523809523809524,4.094130525753272,0.7411788020760234,2,0,1,0,2,24,3.5,2,2,0
14010098001,1,4.761904761904762,3.330236656827288,0.6993496979337305,2,0,1,0,2,24,4.3,1,1,0
14350005001,1,6.0476190476190474,4.620348368642677,0.7639946121377655,2,0,1,0,2,32,17.38,2,2,0
14362041001,1,7.380952380952381,5.598894448694228,0.7585598930488954,2,0,1,0,2,40,16.98,1,1,0
14242133001,1,3.9047619047619047,5.5218181960723935,1.4141241721648814,2,0,1,0,2,16,12.008,2,2,0
14120017001,1,5.761904761904762,5.467218322920366,0.948856072572956,2,0,1,0,2,24,5.8,1,1,0
14506898001,1,22.61904761904762,12.611408289624878,0.5575569980676262,2,0,1,0,2,160,18.42,2,2,0
14620021001,1,4.333333333333333,4.29340579648993,0.9907859530361376,2,0,1,0,4,48,44.52,1,1,0
11061071001,1,7.333333333333333,3.902990306589722,0.5322259508985985,2,0,1,0,2,40,3.64,1,1,0
14000021001,1,4.857142857142857,4.126568965687042,0.8495877282296852,2,0,1,0,4,48,10.76,1,1,0
14615082001,1,5.380952380952381,6.815249008482305,1.266550700691402,2,0,1,0,2,24,37.8,1,1,0
31502006001,1,8.714285714285714,7.135424704548827,0.8188192283908491,2,0,1,0,2,48,21.8,1,1,0
11040030001,1,5.666666666666667,7.066352194260723,1.247003328398951,2,0,1,0,2,24,26.92,1,1,0
14010211001,1,5.285714285714286,3.5091716564291513,0.6638973404055152,2,0,1,0,2,24,7.2,2,2,0
14631023001,1,0.4761904761904761,0.7496030695673289,1.574166446091391,1,0,1,0,12,144,85.72800000000001,1,1,0
14330899001,1,0.6190476190476191,1.0712698295103096,1.730512801516654,1,0,1,0,1,6,17.41,1,1,0
14621028001,1,6.285714285714286,9.7629035493692,1.553189201036009,1,0,1,0,4,288,109.2,1,1,0
14303039001,1,0.2857142857142857,0.4629100498862757,1.620185174601965,1,0,1,0,2,24,8.8,1,1,0
11050049001,1,0.4761904761904761,0.6796357567879738,1.4272350892547452,1,0,1,0,6,72,50.88,1,1,0
14342010001,1,0.4761904761904761,0.8135752957807666,1.70850812113961,1,0,1,0,4,48,37.36,1,1,0
12020225001,1,1.4285714285714286,2.2928460168844436,1.6049922118191104,1,0,1,0,8,96,17.6,1,1,0
14620920001,1,0.6666666666666666,1.2382783747337809,1.857417562100671,1,0,1,0,6,72,64.5,1,1,0
31455002001,1,0.5238095238095238,0.8135752957807666,1.5531892010360089,1,0,1,0,4,96,11.2,1,1,0
14604041001,1,0.3333333333333333,0.4830458915396479,1.449137674618944,1,0,1,0,90,540,58.5,1,1,0
11022034001,1,0.7619047619047619,1.091089451179962,1.4320549046737003,1,0,1,0,2,36,22.6,1,1,0
12000028001,1,0.4761904761904761,0.8135752957807666,1.70850812113961,1,0,1,0,2,24,21.48,1,1,0
11050078001,1,0.6190476190476191,0.8646496675642961,1.396741770680786,1,0,1,0,4,40,46.4,1,1,0
14500028001,1,1.0952380952380951,1.220850601210562,1.1146896793661651,1,0,1,0,1,12,6.05,1,1,0
14504042001,1,0.7619047619047619,1.220850601210562,1.6023664140888627,1,0,1,0,2,24,10.42,1,1,0
14634027001,1,1.380952380952381,1.9098740920854045,1.383012273579086,1,0,1,0,12,144,67.56,1,1,0
14506140001,1,3.619047619047619,5.200732549133732,1.4370445201553732,1,0,1,0,2,64,11.08,1,1,0
14353013001,1,1.5714285714285714,2.6186146828319083,1.6663911618021234,1,0,1,0,2,24,8.16,1,1,0
14020961001,1,1.8571428571428572,1.8516401995451028,0.9970370305242862,1,0,1,0,1,12,3.89,1,1,0
14111120001,1,1.238095238095238,1.7861904127153383,1.442692256423927,1,0,1,0,4,48,11.64,1,1,0
14508903001,1,0.5714285714285714,0.9783367810436532,1.7120893668263937,1,0,1,0,1,18,10.2,1,1,0
12112018001,1,0.7619047619047619,0.9436504599035548,1.2385412286234156,1,0,1,0,12,144,39.839999999999996,1,1,0
11032003001,1,0.9047619047619048,1.13599128098599,1.2555693105634629,1,0,1,0,6,72,49.32000000000001,1,1,0
12121109001,1,1.1428571428571428,1.6818357317441646,1.471606265276144,1,0,1,0,2,24,5.12,1,1,0
14501007001,1,4.761904761904762,4.836370146140201,1.0156377306894422,1,0,1,0,6,144,15.0,1,1,0
12000045001,1,1.0,1.0488088481701516,1.0488088481701516,1,0,1,0,2,24,24.2,1,1,0
14741003001,1,1.0,1.6733200530681511,1.6733200530681511,1,0,1,0,2,24,25.096,1,1,0
14210108001,1,2.5714285714285716,2.9081167199998794,1.130934279999953,1,0,1,0,4,80,9.6,1,1,0
14523030001,1,0.8571428571428571,1.4589624493356332,1.7021228575582388,1,0,1,0,4,48,25.64,1,1,0
14020956001,1,1.1904761904761905,1.8873009198071096,1.585332772637972,1,0,1,0,1,8,3.72,1,1,0
12005093008,1,1.1428571428571428,2.2424476423255526,1.9621416870348587,1,0,1,0,4,48,12.68,1,1,0
14503999001,1,1.0476190476190477,1.395571226279421,1.3321361705394474,1,0,1,0,4,48,8.68,1,1,0
11074020001,1,1.2857142857142858,1.61687529336239,1.257569672615192,1,0,1,0,4,48,3.8,1,1,0
14304187001,1,0.8095238095238095,0.9807674351775564,1.2115362434546284,1,0,1,0,4,48,12.0,1,1,0
12000351001,1,0.5714285714285714,0.9783367810436534,1.7120893668263937,1,0,1,0,2,24,24.12,1,1,0
14361899001,1,0.8571428571428571,1.1084094137869045,1.2931443160847218,1,0,1,0,2,24,9.612,1,1,0
14103051001,1,1.0,1.4142135623730951,1.4142135623730951,1,0,1,0,1,20,8.2,1,1,0
14601051001,1,0.9047619047619048,0.9952267030562386,1.099987408641106,1,0,1,0,8,192,34.608,1,1,0
12102048001,1,1.3333333333333333,1.7126976771553508,1.2845232578665131,1,0,1,0,8,192,26.4,1,1,0
14330004001,1,1.0476190476190477,1.430950400125402,1.3659072001197017,1,0,1,0,2,12,34.08,1,1,0
14222107001,1,1.4285714285714286,2.3145502494313788,1.620185174601965,1,0,1,0,2,24,9.6,1,1,0
14132149001,1,1.3333333333333333,1.3540064007726602,1.015504800579495,1,0,1,0,2,24,15.8,1,1,0
14616022001,1,1.0476190476190477,1.2031704150364766,1.1484808507166366,1,0,1,0,2,12,42.0,1,1,0
12123050001,1,2.238095238095238,3.1289736640752013,1.3980520626718984,1,0,1,0,4,48,7.84,1,1,0
12011299001,1,1.6666666666666667,2.0816659994661326,1.2489995996796794,1,0,1,0,4,48,43.2,1,1,0
11040056001,1,0.6190476190476191,1.160869952931442,1.8752514624277137,1,0,1,0,4,48,41.08,1,1,0
11021006001,1,0.6190476190476191,1.0712698295103096,1.730512801516654,1,0,1,0,1,12,14.3,1,1,0
12000108001,1,1.0476190476190477,1.1608699529314417,1.1081031368891034,1,0,1,0,2,24,24.2,1,1,0
12123034001,1,2.857142857142857,3.2138094885309285,1.124833320985825,1,0,1,0,2,72,6.6,1,1,0
14301013001,1,2.5714285714285716,3.52946778667023,1.3725708059273118,1,0,1,0,1,16,8.0,1,1,0
14500030001,1,1.5714285714285714,1.3627702877384935,0.8672174558335869,1,0,1,0,1,12,6.05,1,1,0
12010209001,1,1.0952380952380951,1.5134319246256802,1.381829148571273,1,0,1,0,4,48,28.0,1,1,0
30010002001,1,3.5238095238095237,4.032605207791208,1.1443879643731805,1,0,1,0,20,600,60.0,1,1,0
12100011001,1,4.666666666666667,4.661902329879223,0.9989790706884047,1,0,1,0,2,96,18.74,1,1,0
14204118001,1,1.238095238095238,1.670471846657761,1.3492272607620377,1,0,1,0,4,80,8.32,1,1,0
12010023002,1,13.428571428571429,11.36913113905996,0.846637425249146,1,0,1,0,4,288,40.68,1,1,0
14632030001,1,2.4285714285714284,5.0849919230164815,2.0938202035950217,1,0,1,0,8,96,39.28,1,1,0
14110010001,1,1.8571428571428572,2.434865792722759,1.31108158069687,1,0,1,0,2,20,5.22,1,1,0
14243007001,1,1.3333333333333333,2.726414006223804,2.044810504667853,1,0,1,0,2,48,22.12,1,1,0
14023257001,1,2.047619047619047,2.39741924736143,1.1708326556881403,1,0,1,0,4,56,10.8,1,1,0
11032024001,1,4.0,6.0332412515993425,1.5083103128998356,1,0,1,0,2,48,22.06,1,1,0
14600007001,1,2.3333333333333335,3.877284272958758,1.6616932598394678,1,0,1,0,6,96,64.19999999999999,1,1,0
14220132001,1,2.1904761904761907,4.23814874230539,1.9348070345307216,1,0,1,0,18,270,32.22,1,1,0
14620903001,1,1.8095238095238095,2.040074695177792,1.1274096999666745,1,0,1,0,4,48,56.6,1,1,0
14311113001,1,1.619047619047619,3.4274799850063378,2.1169729319156794,1,0,1,0,2,40,16.96,1,1,0
14200090001,1,1.380952380952381,1.8021151593666391,1.3049799429896354,1,0,1,0,4,96,13.376,1,1,0
12100013001,1,3.7142857142857144,2.704493615131253,0.7281328963814911,1,0,1,0,2,96,18.7,1,1,0
14601047001,1,2.3333333333333335,2.033060090930254,0.8713114675415373,1,0,1,0,4,48,28.68,1,1,0
14120054001,1,3.8095238095238098,3.249908423618235,0.8531009611997867,1,0,1,0,2,32,8.32,1,1,0
14104102001,1,2.142857142857143,3.320929301953209,1.5497670075781642,1,0,1,0,2,24,6.0,1,1,0
12122034001,1,2.0952380952380953,2.364418784918651,1.1284726018929925,1,0,1,0,6,72,7.74,1,1,0
14200133001,1,1.2857142857142858,1.1892374507581378,0.9249624617007738,1,0,1,0,2,24,7.4,1,1,0
14244929001,1,2.619047619047619,3.680709041423819,1.4053616339981854,1,0,1,0,6,72,34.8,1,1,0
14226007001,1,3.238095238095238,3.433726283569526,1.060415469925883,1,0,1,0,1,30,5.95,1,1,0
14110163001,1,2.3333333333333335,2.456284456925405,1.0526933386823163,1,0,1,0,2,24,7.42,1,1,0
14020949001,1,1.4761904761904765,3.0922329734198164,2.0947384658650368,1,0,1,0,2,12,4.84,1,1,0
14242083001,1,1.238095238095238,1.7861904127153383,1.442692256423927,1,0,1,0,4,40,7.64,1,1,0
14361137001,1,1.0952380952380951,1.4108423691100964,1.288160423970088,1,0,1,0,2,24,7.596,1,1,0
12034075001,1,6.142857142857143,3.850788416489724,0.6268725329169317,1,0,1,0,1,36,4.26,1,1,0
14302005001,1,2.142857142857143,2.2866069685390684,1.0670832519848987,1,0,1,0,1,16,7.41,1,1,0
14002003001,1,2.761904761904762,3.2848860239704196,1.189355284541014,1,0,1,0,2,24,7.04,1,1,0
14121075001,1,2.380952380952381,2.39741924736143,1.006916083891801,1,0,1,0,4,48,15.4,1,1,0
14620051001,1,1.761904761904762,2.165750722146062,1.2292098693261433,1,0,1,0,2,48,45.4,1,1,0
14104060001,1,2.1904761904761907,1.9651729597938097,0.8971441772971739,1,0,1,0,4,48,8.52,1,1,0
14523031001,1,1.8095238095238095,2.786019519297157,1.539642365927376,1,0,1,0,4,48,25.584,1,1,0
31502034001,1,1.8095238095238095,2.5023798196726177,1.3828941108717097,1,0,1,0,3,90,45.63,1,1,0
11073902002,1,1.761904761904762,2.1190743711526956,1.2027178863299084,1,0,1,0,4,48,12.52,1,1,0
14340006001,1,2.2857142857142856,2.0770858707058104,0.908725068433792,1,0,1,0,8,96,65.44,1,1,0
14506150001,1,1.8571428571428572,1.8516401995451028,0.9970370305242862,1,0,1,0,1,12,16.35,1,1,0
14520066001,1,2.4761904761904763,2.749891772762114,1.1105332159231611,1,0,1,0,2,192,12.68,1,1,0
11100015001,1,0.9523809523809524,1.3592715135759477,1.4272350892547452,1,0,1,0,2,8,36.24,1,1,0
14315003001,1,2.4761904761904763,2.3370718349902644,0.9438174718229914,1,0,1,0,4,48,9.0,1,1,0
11041027001,1,1.7142857142857142,1.4192553379451187,0.8278989471346526,1,0,1,0,3,72,24.0,1,1,0
14700029001,1,1.4761904761904765,2.7498917727621137,1.8628299105807864,1,0,1,0,3,36,15.54,1,1,0
11041019001,1,1.1904761904761905,2.2498677209793385,1.8898888856226443,1,0,1,0,9,90,14.4,1,1,0
14010048001,1,1.380952380952381,1.774153050787628,1.2847315195358686,1,0,1,0,2,24,4.44,1,1,0
14223176001,1,2.857142857142857,3.3806170189140663,1.1832159566199232,1,0,1,0,8,96,24.96,1,1,0
14830048001,1,3.7142857142857144,4.124837659143171,1.1105332159231611,1,0,1,0,12,288,45.36,1,1,0
14111037001,1,4.9523809523809526,8.58181909898007,1.7328673180632832,1,0,1,0,1,24,5.62,1,1,0
31567052001,1,2.4761904761904763,2.9089353313376978,1.1747623453479163,1,0,1,0,4,48,24.28,1,1,0
14522051001,1,5.904761904761905,3.659299959073619,0.619720154359242,1,0,1,0,2,192,10.2,1,1,0
14303933001,1,2.5714285714285716,1.9123657749350296,0.7436978013636226,1,0,1,0,2,24,10.36,1,1,0
14200018001,1,2.1904761904761907,2.6761735298565306,1.2217313940649377,1,0,1,0,8,80,19.36,1,1,0
14312999001,1,4.238095238095238,3.9737232151316464,0.9376200844692648,1,0,1,0,4,96,41.24,1,1,0
14223018001,1,3.4761904761904763,3.3707424644883153,0.9696656404692412,1,0,1,0,2,48,9.92,1,1,0
14243061001,1,2.4761904761904763,2.462093572938438,0.9943070198405228,1,0,1,0,8,96,16.48,1,1,0
14001118001,1,3.7142857142857144,9.508642685172562,2.5600191844695357,1,0,1,0,2,80,12.04,1,1,0
12002023001,1,2.9047619047619047,3.9862860146352,1.3723279722514623,1,0,1,0,2,24,21.4,1,1,0
14011023001,1,2.5238095238095237,3.0922329734198173,1.2252243856946443,1,0,1,0,2,24,3.12,1,1,0
14522049001,1,6.380952380952381,8.731988264285462,1.3684459220148857,1,0,1,0,2,192,10.78,1,1,0
14311231001,1,2.7142857142857144,3.318777744032539,1.222707589906725,1,0,1,0,2,36,16.72,1,1,0
12122020001,1,11.238095238095235,12.107455397005442,1.0773583192250606,1,0,1,0,2,96,10.4,1,1,0
14520067001,1,7.238095238095238,5.233591137113807,0.7230619334170392,1,0,1,0,2,192,9.68,1,1,0
14600011001,1,2.6666666666666665,2.496664441476534,0.9362491655537004,1,0,1,0,6,144,51.54,1,1,0
14350009001,1,2.4285714285714284,3.3402309586528376,1.3753892182688157,1,0,1,0,1,18,9.07,1,1,0
14520068001,1,20.38095238095238,11.306972143222918,0.5547813434758909,1,0,1,0,2,192,13.36,1,1,0
14361128001,1,2.6666666666666665,3.877284272958759,1.4539816023595349,1,0,1,0,2,24,12.98,1,1,0
12102152001,1,2.4285714285714284,2.270934357735348,0.9350906178910258,1,0,1,0,4,48,18.92,1,1,0
14361907001,1,2.047619047619047,3.073697943458181,1.501108297967949,1,0,1,0,1,15,3.9,1,1,0
